{"type":"FeatureCollection","features":[{"type":"Feature","properties":{"admin_code":"IN-MH-AHMEDNAGAR","name":"Ahmednagar","name_local":"अहमदनगर"},"geometry":{"type":"Polygon","coordinates":[[[73.7754,19.3888],[73.773,19.3961],[73.7564,19.3977],[73.754,19.4101],[73.731,19.4151],[73.7301,19.4309],[73.7085,19.4322],[73.688,19.4444],[73.6769,19.4633],[73.6971,19.4735],[73.6981,19.4825],[73.7084,19.4837],[73.7103,19.497],[73.6899,19.5095],[73.6876,19.5168],[73.6835,19.5182],[73.6802,19.5129],[73.6695,19.5149],[73.6665,19.5267],[73.6576,19.5354],[73.6408,19.5371],[73.6362,19.5335],[73.6362,19.5396],[73.6273,19.5434],[73.6298,19.5732],[73.6213,19.5877],[73.6395,19.5981],[73.6647,19.5869],[73.6843,19.5896],[73.6899,19.5959],[73.7107,19.6003],[73.7139,19.6146],[73.7234,19.62],[73.7495,19.6242],[73.7717,19.6339],[73.7792,19.6325],[73.7804,19.643],[73.7949,19.6465],[73.7824,19.651],[73.7848,19.6614],[73.7982,19.6768],[73.807,19.6792],[73.7962,19.6883],[73.8071,19.6902],[73.8097,19.6851],[73.8146,19.6863],[73.8204,19.7092],[73.8365,19.7181],[73.8439,19.7416],[73.8688,19.7502],[73.8709,19.7431],[73.8843,19.7425],[73.8923,19.7532],[73.9014,19.7488],[73.8977,19.7197],[73.9137,19.7057],[73.9135,19.6995],[73.9072,19.6969],[73.9106,19.6885],[73.9405,19.6735],[73.9813,19.677],[73.9924,19.6707],[74.0204,19.673],[74.0717,19.6607],[74.0978,19.6404],[74.1022,19.6476],[74.1086,19.6435],[74.1225,19.6444],[74.1284,19.6592],[74.1447,19.6739],[74.137,19.6956],[74.1518,19.6884],[74.1546,19.6912],[74.1687,19.7287],[74.1904,19.7376],[74.2239,19.7376],[74.247,19.7446],[74.2677,19.7609],[74.2793,19.779],[74.3201,19.768],[74.3272,19.7742],[74.3295,19.7953],[74.3348,19.7997],[74.3791,19.8065],[74.3722,19.8155],[74.3731,19.8364],[74.3648,19.8367],[74.3657,19.8712],[74.3419,19.874],[74.3393,19.8866],[74.2788,19.9088],[74.2739,19.9336],[74.2512,19.9374],[74.2527,19.9647],[74.2845,19.9595],[74.291,19.9874],[74.3106,19.9676],[74.3205,19.9792],[74.3208,19.986],[74.3488,19.9844],[74.3525,19.9669],[74.3669,19.9661],[74.3677,19.9747],[74.3793,19.9723],[74.387,19.9811],[74.4465,19.9748],[74.4592,19.9866],[74.4702,19.9883],[74.4864,19.9805],[74.4812,19.9669],[74.497,19.9641],[74.4984,19.9701],[74.5126,19.9736],[74.5215,19.969],[74.5232,19.9759],[74.5325,19.976],[74.5591,19.9681],[74.5745,19.9552],[74.6743,19.9473],[74.6749,19.9357],[74.683,19.9328],[74.6829,19.9256],[74.657,19.9228],[74.6501,19.9105],[74.6491,19.8619],[74.6643,19.8617],[74.6618,19.8397],[74.6077,19.8503],[74.6024,19.8023],[74.593,19.7876],[74.5944,19.7771],[74.603,19.7723],[74.6165,19.7729],[74.6288,19.791],[74.6371,19.795],[74.6575,19.7791],[74.6929,19.7692],[74.6963,19.7601],[74.7084,19.7629],[74.7049,19.776],[74.714,19.7829],[74.7211,19.7778],[74.7243,19.7513],[74.7076,19.7225],[74.719,19.7264],[74.7238,19.7214],[74.7309,19.7241],[74.7309,19.6998],[74.7522,19.6914],[74.7884,19.7173],[74.8073,19.7038],[74.8023,19.6949],[74.7891,19.6883],[74.7831,19.6724],[74.7815,19.653],[74.7898,19.6502],[74.8258,19.673],[74.8539,19.6486],[74.8896,19.6569],[74.8924,19.6466],[74.8996,19.6445],[74.9284,19.6501],[74.9391,19.641],[74.9492,19.6469],[74.9674,19.6477],[74.9824,19.6409],[75.001,19.6224],[75.039,19.6247],[75.0445,19.6211],[75.0456,19.6111],[75.0669,19.6039],[75.0933,19.6101],[75.1089,19.609],[75.1044,19.6028],[75.1182,19.6032],[75.131,19.5927],[75.1473,19.5956],[75.1563,19.5881],[75.1675,19.5954],[75.1954,19.5939],[75.2074,19.579],[75.2077,19.5625],[75.2585,19.524],[75.2646,19.5244],[75.2718,19.5516],[75.2797,19.5512],[75.2855,19.5361],[75.2777,19.5135],[75.3067,19.5084],[75.3068,19.5012],[75.3154,19.4947],[75.3277,19.4948],[75.3288,19.5041],[75.3338,19.5036],[75.3314,19.4799],[75.339,19.4792],[75.3435,19.4973],[75.3569,19.5013],[75.3635,19.4876],[75.37,19.486],[75.3624,19.4802],[75.3507,19.4817],[75.3423,19.4641],[75.3272,19.4638],[75.3256,19.4546],[75.3329,19.4376],[75.3502,19.4485],[75.3574,19.4421],[75.3553,19.4239],[75.344,19.4064],[75.3671,19.398],[75.3967,19.4153],[75.4311,19.4167],[75.445,19.4281],[75.4537,19.4124],[75.4737,19.4148],[75.4789,19.4221],[75.4844,19.4201],[75.4918,19.4131],[75.4897,19.3796],[75.4984,19.3775],[75.5183,19.3846],[75.5363,19.3756],[75.5202,19.3303],[75.5451,19.3264],[75.5426,19.3091],[75.5276,19.2969],[75.5183,19.2772],[75.4936,19.26],[75.465,19.2529],[75.4464,19.2177],[75.4253,19.2193],[75.4061,19.1996],[75.4067,19.1904],[75.4292,19.1718],[75.4497,19.1707],[75.4553,19.1427],[75.4282,19.1371],[75.4347,19.1171],[75.4546,19.1264],[75.486,19.1264],[75.4881,19.1043],[75.4579,19.085],[75.4508,19.0839],[75.4487,19.0922],[75.4111,19.0793],[75.3853,19.0785],[75.3717,19.0829],[75.3698,19.0898],[75.3906,19.1173],[75.3974,19.125],[75.4066,19.1237],[75.4115,19.1346],[75.4073,19.1402],[75.4004,19.1394],[75.3745,19.1279],[75.3631,19.1307],[75.3558,19.1258],[75.353,19.148],[75.3391,19.1539],[75.3333,19.1507],[75.3324,19.1355],[75.3407,19.124],[75.3505,19.1227],[75.3534,19.1143],[75.3628,19.1084],[75.3655,19.0769],[75.3365,19.0818],[75.3162,19.0944],[75.2846,19.0838],[75.2951,19.0692],[75.2883,19.0328],[75.3184,19.0295],[75.3314,19.0327],[75.348,19.0235],[75.3426,18.9903],[75.3154,18.979],[75.2988,18.9784],[75.2752,18.9919],[75.2731,19.0146],[75.2624,19.0257],[75.2693,19.0324],[75.2715,19.0536],[75.2645,19.0703],[75.2434,19.0669],[75.2411,19.0623],[75.2275,19.0664],[75.2309,19.0821],[75.2235,19.1109],[75.1911,19.0934],[75.1981,19.066],[75.1899,19.0507],[75.2072,19.038],[75.2108,19.0235],[75.1823,19.0134],[75.1716,19.0235],[75.1696,19.0365],[75.1017,19.0448],[75.0726,19.0582],[75.0771,19.0671],[75.091,19.0695],[75.082,19.081],[75.098,19.0801],[75.1021,19.103],[75.1113,19.1121],[75.1109,19.1244],[75.0961,19.1266],[75.0918,19.1214],[75.08,19.1204],[75.075,19.1045],[75.0552,19.0994],[75.0548,19.1067],[75.0469,19.1019],[75.0404,19.1029],[75.0377,19.1087],[75.029,19.1043],[75.0266,19.1139],[75.0216,19.1071],[75.0119,19.1049],[75.0038,19.1121],[74.9816,19.1179],[74.9815,19.1118],[74.9434,19.1305],[74.9227,19.0887],[74.9173,19.0406],[74.9258,19.034],[74.9533,19.0336],[74.95,19.0063],[74.9616,18.9968],[74.9575,18.9737],[74.954,18.9691],[74.9458,18.97],[74.9403,18.9771],[74.9181,18.9608],[74.9081,18.9644],[74.9006,18.9798],[74.8792,18.9837],[74.8438,18.969],[74.8278,18.9888],[74.8134,18.9735],[74.8184,18.9644],[74.8285,18.9639],[74.8399,18.9533],[74.8397,18.9467],[74.8294,18.939],[74.8495,18.9252],[74.8518,18.9129],[74.8695,18.8997],[74.8798,18.9119],[74.8874,18.9102],[74.8891,18.8861],[74.8987,18.8796],[74.9,18.8481],[74.9227,18.8526],[74.9181,18.8316],[74.9435,18.8297],[74.9559,18.8228],[74.9681,18.8254],[74.9804,18.8042],[74.9918,18.7972],[75.001,18.8069],[75.0095,18.8051],[75.0035,18.7893],[75.0085,18.7799],[75.0171,18.7717],[75.0353,18.7651],[75.0787,18.7148],[75.1032,18.7038],[75.1095,18.6907],[75.1243,18.6852],[75.1433,18.6553],[75.1507,18.6506],[75.16,18.6506],[75.1664,18.6629],[75.1668,18.6969],[75.1765,18.7073],[75.1751,18.7366],[75.2153,18.7382],[75.2215,18.731],[75.2552,18.7215],[75.2778,18.733],[75.2936,18.7631],[75.3282,18.7989],[75.3366,18.7962],[75.3436,18.7831],[75.3606,18.789],[75.3782,18.7681],[75.3831,18.7691],[75.392,18.7896],[75.393,18.8131],[75.3993,18.8315],[75.4287,18.8091],[75.4417,18.7918],[75.4516,18.7508],[75.4601,18.7495],[75.4646,18.7537],[75.505,18.7239],[75.5286,18.7315],[75.5312,18.7389],[75.5274,18.754],[75.5577,18.7417],[75.5541,18.7137],[75.5642,18.7025],[75.5882,18.6978],[75.5897,18.6884],[75.5495,18.683],[75.5451,18.6596],[75.5548,18.6566],[75.5522,18.6447],[75.5267,18.6392],[75.5085,18.6225],[75.4893,18.6248],[75.4828,18.613],[75.4687,18.6075],[75.4635,18.5945],[75.457,18.5956],[75.4402,18.5531],[75.42,18.5338],[75.395,18.547],[75.3468,18.5624],[75.3364,18.5393],[75.3365,18.5256],[75.2622,18.5096],[75.2409,18.5442],[75.2286,18.544],[75.2163,18.5552],[75.2052,18.5334],[75.1983,18.5292],[75.1603,18.5206],[75.1358,18.527],[75.1266,18.4946],[75.1066,18.49],[75.0936,18.4571],[75.0936,18.4346],[75.0828,18.4286],[75.0796,18.4213],[75.0734,18.4243],[75.0599,18.4207],[75.0512,18.4304],[75.0172,18.4374],[75.0051,18.4036],[74.9846,18.4004],[74.9663,18.3858],[74.9411,18.386],[74.9168,18.3779],[74.9083,18.3569],[74.8721,18.3536],[74.8626,18.3345],[74.8528,18.3315],[74.825,18.3456],[74.808,18.3453],[74.7954,18.3559],[74.8091,18.3765],[74.8094,18.3868],[74.7824,18.4086],[74.7693,18.4068],[74.756,18.3971],[74.7355,18.3986],[74.7157,18.431],[74.7247,18.4512],[74.7279,18.4804],[74.7059,18.5049],[74.6888,18.5013],[74.6605,18.4861],[74.6588,18.4745],[74.6648,18.4661],[74.6753,18.4623],[74.644,18.4507],[74.6132,18.4682],[74.5814,18.4739],[74.5549,18.4996],[74.5487,18.509],[74.5508,18.5145],[74.574,18.5329],[74.5722,18.5454],[74.5825,18.5486],[74.5447,18.5841],[74.5517,18.6147],[74.5401,18.6188],[74.5117,18.6166],[74.5045,18.6266],[74.4866,18.631],[74.4756,18.6419],[74.4767,18.6484],[74.4908,18.6472],[74.4935,18.6548],[74.5057,18.6593],[74.5126,18.6682],[74.5083,18.6782],[74.4876,18.6753],[74.4801,18.6823],[74.4767,18.6898],[74.4827,18.7034],[74.4785,18.7223],[74.4684,18.7255],[74.4519,18.7203],[74.4419,18.7393],[74.4259,18.7497],[74.4006,18.742],[74.3968,18.7668],[74.4007,18.778],[74.3865,18.8039],[74.3984,18.8311],[74.3527,18.8444],[74.3332,18.8381],[74.3226,18.8441],[74.3123,18.8541],[74.2954,18.9039],[74.2718,18.9217],[74.2514,18.9535],[74.2409,18.9541],[74.2407,18.9649],[74.2241,18.9768],[74.2254,18.9929],[74.2137,18.996],[74.2158,19.0076],[74.1921,19.02],[74.19,19.0269],[74.1762,19.0366],[74.2014,19.0883],[74.1984,19.1065],[74.2116,19.1258],[74.2257,19.1304],[74.237,19.124],[74.2454,19.1427],[74.2661,19.1633],[74.2692,19.1852],[74.3053,19.1895],[74.3175,19.2087],[74.2659,19.2247],[74.2256,19.2034],[74.2108,19.2045],[74.1697,19.2203],[74.1675,19.2067],[74.16,19.2034],[74.1539,19.2225],[74.1448,19.2253],[74.1437,19.221],[74.1294,19.2208],[74.1128,19.2306],[74.0902,19.2356],[74.0977,19.2285],[74.0949,19.2269],[74.062,19.2451],[74.0544,19.2444],[74.0485,19.2589],[74.0356,19.2509],[74.0357,19.2606],[74.0279,19.2695],[74.033,19.2844],[74.0276,19.29],[74.0214,19.2868],[74.0152,19.2963],[74.0286,19.3012],[74.0293,19.311],[74.0141,19.3263],[74.013,19.3372],[74.0011,19.3582],[73.981,19.3519],[73.9743,19.3519],[73.9737,19.356],[73.9591,19.3505],[73.9577,19.3445],[73.9451,19.3484],[73.932,19.3412],[73.9159,19.3659],[73.8972,19.3749],[73.8854,19.3769],[73.8789,19.3636],[73.8638,19.3586],[73.8508,19.3646],[73.8447,19.3759],[73.8148,19.3935],[73.798,19.3951],[73.7846,19.3913],[73.7827,19.3866],[73.7754,19.3888]]]}},{"type":"Feature","properties":{"admin_code":"IN-MH-AKOLA","name":"Akola","name_local":"अकोला"},"geometry":{"type":"Polygon","coordinates":[[[77.5918,20.7578],[77.5894,20.7483],[77.5833,20.7494],[77.5726,20.7416],[77.5664,20.7216],[77.5253,20.732],[77.5194,20.7291],[77.5087,20.7106],[77.5162,20.6986],[77.5255,20.7013],[77.5241,20.6956],[77.54,20.6891],[77.5471,20.6795],[77.5442,20.6761],[77.5135,20.6836],[77.5182,20.6736],[77.5115,20.6643],[77.5051,20.6648],[77.4969,20.6806],[77.4808,20.6813],[77.4719,20.6887],[77.4558,20.6618],[77.4573,20.6545],[77.4346,20.6619],[77.4351,20.6481],[77.4413,20.6475],[77.4562,20.6261],[77.4613,20.6268],[77.4623,20.6202],[77.4703,20.6178],[77.4675,20.6107],[77.4446,20.6138],[77.4184,20.609],[77.4125,20.6034],[77.4132,20.5879],[77.4041,20.5884],[77.4046,20.5793],[77.3914,20.5835],[77.3662,20.5819],[77.3631,20.5681],[77.3411,20.5772],[77.3384,20.5506],[77.3448,20.5477],[77.3369,20.5272],[77.3675,20.5204],[77.3717,20.5281],[77.3986,20.5264],[77.3817,20.4837],[77.3681,20.4803],[77.372,20.4985],[77.3297,20.4992],[77.3277,20.4858],[77.3471,20.4796],[77.3432,20.4701],[77.3493,20.4655],[77.3339,20.4515],[77.3019,20.448],[77.2962,20.4203],[77.2868,20.4197],[77.2786,20.4314],[77.2512,20.438],[77.249,20.427],[77.242,20.429],[77.2258,20.4486],[77.1874,20.4493],[77.1855,20.4302],[77.1977,20.4211],[77.1933,20.4076],[77.1774,20.4003],[77.1529,20.4015],[77.1417,20.3832],[77.1243,20.4103],[77.1173,20.4084],[77.0863,20.4218],[77.0789,20.438],[77.06,20.4391],[77.0558,20.4491],[77.0254,20.4509],[77.0163,20.4299],[77.0183,20.4133],[76.9946,20.4091],[76.9985,20.3953],[76.992,20.3967],[76.9819,20.3819],[76.9775,20.3831],[76.9803,20.3725],[76.9525,20.3651],[76.9353,20.371],[76.9313,20.3599],[76.9215,20.3606],[76.9194,20.3543],[76.9011,20.3411],[76.8929,20.3186],[76.9094,20.3146],[76.8855,20.2982],[76.8809,20.2891],[76.8837,20.2828],[76.877,20.2788],[76.8694,20.2844],[76.8643,20.2983],[76.8406,20.302],[76.8352,20.2892],[76.8224,20.281],[76.811,20.2801],[76.8084,20.2888],[76.7928,20.2866],[76.7867,20.2986],[76.7936,20.3159],[76.7706,20.323],[76.7702,20.3145],[76.7581,20.3252],[76.745,20.3268],[76.7478,20.3387],[76.7373,20.3427],[76.7274,20.3389],[76.7287,20.3444],[76.7003,20.354],[76.7068,20.3641],[76.7095,20.3861],[76.7258,20.39],[76.7284,20.4021],[76.7208,20.4193],[76.7145,20.4189],[76.7154,20.4376],[76.6947,20.4591],[76.6996,20.4726],[76.7097,20.4714],[76.7057,20.4842],[76.713,20.5084],[76.7173,20.5142],[76.7369,20.5133],[76.7424,20.5023],[76.7378,20.4924],[76.7514,20.4986],[76.7537,20.5129],[76.7618,20.5099],[76.7708,20.5135],[76.7776,20.5547],[76.7855,20.5721],[76.7711,20.576],[76.7791,20.5888],[76.7914,20.596],[76.7864,20.6039],[76.7641,20.6035],[76.7729,20.6279],[76.7519,20.6322],[76.7569,20.6461],[76.7669,20.6504],[76.761,20.6565],[76.7364,20.6571],[76.7405,20.6659],[76.7385,20.6897],[76.7237,20.6936],[76.7271,20.7012],[76.7356,20.7017],[76.736,20.7159],[76.7612,20.7235],[76.7561,20.7469],[76.7721,20.772],[76.7732,20.7842],[76.7619,20.7943],[76.746,20.7989],[76.7461,20.8209],[76.7565,20.8265],[76.7525,20.8387],[76.7636,20.8583],[76.7521,20.8724],[76.747,20.8728],[76.7443,20.8907],[76.7243,20.8865],[76.7171,20.8993],[76.7073,20.9025],[76.7064,20.9105],[76.6965,20.9079],[76.6954,20.9142],[76.6891,20.9172],[76.6976,20.9221],[76.7253,20.92],[76.7473,20.9285],[76.753,20.9227],[76.7739,20.9227],[76.7797,20.9159],[76.7755,20.91],[76.7864,20.909],[76.7873,20.9276],[76.7765,20.9323],[76.7876,20.9425],[76.789,20.9624],[76.8087,20.9581],[76.8068,20.9719],[76.7845,20.9718],[76.7832,20.9907],[76.7769,20.9906],[76.779,21.0037],[76.7898,21.0038],[76.7938,21.0231],[76.7899,21.0323],[76.7791,21.0288],[76.7783,21.0334],[76.7662,21.0392],[76.7833,21.062],[76.7839,21.073],[76.7774,21.0787],[76.775,21.0894],[76.7825,21.0943],[76.789,21.111],[76.7897,21.1226],[76.7771,21.1441],[76.7729,21.1814],[76.7759,21.1894],[76.7895,21.1895],[76.7934,21.1853],[76.9223,21.2027],[76.9566,21.1992],[76.9999,21.2046],[77.0067,21.2076],[77.0049,21.2294],[77.0119,21.2378],[77.0209,21.238],[77.0245,21.2465],[77.0445,21.244],[77.0652,21.2241],[77.0806,21.2176],[77.0934,21.2258],[77.1168,21.2196],[77.1222,21.2266],[77.1307,21.2234],[77.1479,21.2272],[77.1563,21.2377],[77.1654,21.2376],[77.1738,21.2265],[77.1757,21.2087],[77.1834,21.2042],[77.1796,21.1929],[77.1743,21.1935],[77.1658,21.1833],[77.1627,21.1716],[77.1656,21.1603],[77.1597,21.1461],[77.1653,21.1446],[77.1646,21.1368],[77.1976,21.1392],[77.1965,21.1223],[77.1732,21.1204],[77.1767,21.0753],[77.1499,21.0732],[77.1517,21.0373],[77.1741,21.0235],[77.1744,21.0082],[77.1686,21.0009],[77.17,20.9904],[77.1364,20.9878],[77.1369,20.9749],[77.1636,20.9722],[77.1459,20.9252],[77.1375,20.9166],[77.14,20.8987],[77.1348,20.8639],[77.1549,20.8612],[77.1611,20.8696],[77.1744,20.8551],[77.1831,20.8528],[77.2142,20.8519],[77.2207,20.8574],[77.2387,20.8586],[77.254,20.8559],[77.2612,20.8468],[77.2723,20.8541],[77.2894,20.8474],[77.3128,20.8568],[77.3285,20.8575],[77.3334,20.8479],[77.3541,20.8447],[77.3677,20.8494],[77.3789,20.8432],[77.3902,20.849],[77.3962,20.8445],[77.4119,20.8507],[77.4192,20.8459],[77.4283,20.85],[77.4387,20.8456],[77.4407,20.853],[77.4648,20.8559],[77.4567,20.8612],[77.4629,20.8796],[77.4802,20.8798],[77.4777,20.863],[77.5301,20.8486],[77.5396,20.8544],[77.5518,20.8537],[77.5538,20.8271],[77.5688,20.8167],[77.5716,20.8088],[77.5924,20.8079],[77.6115,20.7987],[77.6129,20.7788],[77.6216,20.7801],[77.6167,20.7605],[77.5918,20.7578]]]}},{"type":"Feature","properties":{"admin_code":"IN-MH-AMRAVATI","name":"Amravati","name_local":"अमरावती"},"geometry":{"type":"Polygon","coordinates":[[[78.36,21.5757],[78.3713,21.5807],[78.3829,21.5943],[78.377,21.6137],[78.3848,21.6174],[78.3946,21.6093],[78.4099,21.6088],[78.4279,21.6007],[78.4189,21.5765],[78.4276,21.5625],[78.426,21.5476],[78.4375,21.5188],[78.4309,21.4802],[78.4385,21.4701],[78.445,21.4459],[78.4417,21.4401],[78.4445,21.4225],[78.4516,21.4159],[78.4492,21.4051],[78.4237,21.3973],[78.4229,21.3915],[78.41,21.3842],[78.3929,21.3901],[78.3846,21.3869],[78.3743,21.395],[78.3678,21.3916],[78.3675,21.3841],[78.3553,21.3805],[78.349,21.3854],[78.3393,21.3731],[78.3113,21.3575],[78.2765,21.3513],[78.2712,21.344],[78.2528,21.3375],[78.2518,21.3291],[78.1585,21.3303],[78.1508,21.3418],[78.1058,21.3553],[78.0757,21.3538],[78.0803,21.3285],[78.0686,21.2993],[78.0818,21.2874],[78.0823,21.2783],[78.0618,21.2747],[78.0561,21.2497],[78.0592,21.2407],[78.0723,21.2358],[78.0744,21.2201],[78.0993,21.1997],[78.1002,21.1877],[78.0951,21.1774],[78.1459,21.1377],[78.1328,21.1135],[78.1354,21.1056],[78.1482,21.1001],[78.1545,21.0754],[78.1518,21.0449],[78.1409,21.0355],[78.1478,21.0233],[78.1381,21.0046],[78.1501,20.9864],[78.1467,20.9528],[78.1686,20.9435],[78.185,20.9052],[78.2052,20.9],[78.2165,20.9088],[78.2237,20.901],[78.2562,20.887],[78.2658,20.87],[78.2733,20.8657],[78.2805,20.8444],[78.2928,20.8403],[78.2944,20.8282],[78.3094,20.8349],[78.3184,20.8236],[78.3118,20.8151],[78.3003,20.8118],[78.2961,20.803],[78.2948,20.7785],[78.3089,20.764],[78.3074,20.7478],[78.3117,20.7391],[78.3,20.7017],[78.2962,20.6978],[78.2897,20.7011],[78.2602,20.6963],[78.2546,20.6845],[78.2318,20.6915],[78.2139,20.6899],[78.2096,20.6771],[78.1834,20.6778],[78.1817,20.6711],[78.1595,20.6678],[78.1596,20.6597],[78.1367,20.6605],[78.1328,20.6649],[78.1256,20.6614],[78.1329,20.6546],[78.1319,20.6486],[78.1128,20.6495],[78.1125,20.6407],[78.1021,20.6445],[78.0939,20.6415],[78.1009,20.6665],[78.0896,20.6726],[78.0855,20.6736],[78.0776,20.6644],[78.0781,20.6683],[78.0642,20.6732],[78.059,20.6686],[78.0392,20.667],[78.0218,20.6428],[78.0272,20.6334],[77.9967,20.6234],[77.9826,20.6085],[77.9744,20.5907],[77.9516,20.5759],[77.9519,20.5805],[77.9347,20.5776],[77.9249,20.5591],[77.9228,20.5647],[77.913,20.566],[77.9197,20.6051],[77.8937,20.624],[77.878,20.6099],[77.8667,20.6098],[77.8664,20.5954],[77.8473,20.5882],[77.8474,20.571],[77.8382,20.5661],[77.8121,20.5878],[77.8076,20.5674],[77.7903,20.557],[77.7831,20.5443],[77.7722,20.5405],[77.7511,20.5485],[77.7425,20.5619],[77.7035,20.568],[77.688,20.5803],[77.6674,20.581],[77.6598,20.5658],[77.6314,20.5674],[77.6502,20.6091],[77.6563,20.6477],[77.6518,20.6543],[77.6536,20.6632],[77.6376,20.658],[77.6411,20.6911],[77.6342,20.7121],[77.6148,20.7196],[77.617,20.7283],[77.6264,20.728],[77.6333,20.7386],[77.6371,20.7557],[77.6167,20.7605],[77.6216,20.7801],[77.6129,20.7788],[77.6115,20.7987],[77.5924,20.8079],[77.5716,20.8088],[77.5688,20.8167],[77.5538,20.8271],[77.5518,20.8537],[77.5396,20.8544],[77.5301,20.8486],[77.4777,20.863],[77.4802,20.8798],[77.4678,20.8811],[77.4629,20.8796],[77.4567,20.8612],[77.4648,20.8559],[77.4407,20.853],[77.4387,20.8456],[77.4283,20.85],[77.4192,20.8459],[77.4119,20.8507],[77.3962,20.8445],[77.3902,20.849],[77.3789,20.8432],[77.3677,20.8494],[77.3541,20.8447],[77.3334,20.8479],[77.3285,20.8575],[77.3128,20.8568],[77.2894,20.8474],[77.2723,20.8541],[77.2612,20.8468],[77.254,20.8559],[77.2387,20.8586],[77.2207,20.8574],[77.2142,20.8519],[77.1831,20.8528],[77.1744,20.8551],[77.1611,20.8696],[77.1549,20.8612],[77.1348,20.8639],[77.14,20.8987],[77.1375,20.9166],[77.1459,20.9252],[77.1636,20.9722],[77.1369,20.9749],[77.1364,20.9878],[77.17,20.9904],[77.1686,21.0009],[77.1744,21.0082],[77.1741,21.0235],[77.1517,21.0373],[77.1499,21.0732],[77.1767,21.0753],[77.1732,21.1204],[77.1965,21.1223],[77.1976,21.1392],[77.1646,21.1368],[77.1653,21.1446],[77.1597,21.1461],[77.1656,21.1603],[77.1627,21.1716],[77.1658,21.1833],[77.1743,21.1935],[77.1796,21.1929],[77.1834,21.2042],[77.1757,21.2087],[77.1738,21.2265],[77.1654,21.2376],[77.1563,21.2377],[77.1479,21.2272],[77.1307,21.2234],[77.1222,21.2266],[77.1168,21.2196],[77.0934,21.2258],[77.0806,21.2176],[77.0652,21.2241],[77.0445,21.244],[77.0245,21.2465],[77.0209,21.238],[77.0119,21.2378],[77.0049,21.2294],[77.0067,21.2076],[76.9999,21.2046],[76.9566,21.1992],[76.9223,21.2027],[76.7934,21.1853],[76.7833,21.1933],[76.7667,21.1945],[76.7613,21.2218],[76.7571,21.2233],[76.7548,21.2191],[76.7491,21.2226],[76.7454,21.2443],[76.7498,21.2538],[76.7248,21.2896],[76.7099,21.2857],[76.6857,21.2887],[76.6635,21.2807],[76.6269,21.3334],[76.6709,21.3677],[76.7348,21.407],[76.7461,21.4413],[76.787,21.4647],[76.7946,21.488],[76.7657,21.5208],[76.7907,21.5382],[76.7831,21.5605],[76.7864,21.576],[76.7982,21.5956],[76.8365,21.5911],[76.8551,21.6131],[76.9042,21.5989],[76.9146,21.613],[77.0006,21.6796],[77.0244,21.6904],[77.0153,21.7169],[77.035,21.7242],[77.0394,21.6991],[77.0629,21.7074],[77.0758,21.7209],[77.0924,21.7165],[77.1246,21.7233],[77.1642,21.7118],[77.175,21.7253],[77.1917,21.7206],[77.1879,21.7025],[77.2111,21.692],[77.2253,21.6981],[77.2283,21.7159],[77.2618,21.7139],[77.2711,21.7271],[77.2869,21.7223],[77.2907,21.7345],[77.2871,21.7365],[77.2883,21.7445],[77.2821,21.7472],[77.2838,21.7592],[77.3252,21.7551],[77.3462,21.7599],[77.4051,21.7542],[77.4819,21.7683],[77.48,21.756],[77.501,21.7473],[77.5221,21.7251],[77.5252,21.7123],[77.5376,21.7108],[77.5464,21.6992],[77.5515,21.6797],[77.5628,21.6669],[77.5646,21.6434],[77.5755,21.6253],[77.572,21.6193],[77.5752,21.5609],[77.5783,21.5558],[77.5949,21.56],[77.61,21.5493],[77.6114,21.5411],[77.5935,21.5287],[77.5712,21.5281],[77.516,21.5458],[77.5085,21.553],[77.4615,21.5549],[77.456,21.5539],[77.4506,21.5439],[77.4274,21.5409],[77.4209,21.5314],[77.4227,21.5192],[77.4432,21.4877],[77.4393,21.4749],[77.4733,21.4553],[77.4732,21.4355],[77.4857,21.4141],[77.491,21.3763],[77.5146,21.3753],[77.5248,21.3922],[77.5312,21.4195],[77.563,21.3967],[77.5583,21.3889],[77.5666,21.3719],[77.575,21.3718],[77.5886,21.363],[77.609,21.3656],[77.6057,21.3921],[77.6434,21.3865],[77.6552,21.392],[77.6664,21.3866],[77.6715,21.3701],[77.6955,21.3957],[77.6969,21.3793],[77.7087,21.3763],[77.7096,21.3577],[77.7382,21.3634],[77.7519,21.3833],[77.7979,21.3894],[77.8038,21.4109],[77.8225,21.4074],[77.8593,21.3894],[77.888,21.3842],[77.8865,21.3764],[77.9434,21.3856],[77.9458,21.3977],[77.985,21.4015],[78.0045,21.4149],[78.034,21.4242],[78.0471,21.4356],[78.0686,21.4376],[78.1744,21.4972],[78.1827,21.513],[78.173,21.5247],[78.1773,21.5496],[78.186,21.5573],[78.2206,21.5524],[78.2439,21.5642],[78.2744,21.5694],[78.2606,21.5839],[78.2603,21.5885],[78.2674,21.5924],[78.3052,21.5838],[78.3093,21.5702],[78.3282,21.5761],[78.342,21.5892],[78.36,21.5757]]]}},{"type":"Feature","properties":{"admin_code":"IN-MH-AURANGABAD","name":"Aurangabad","name_local":"औरंगाबाद"},"geometry":{"type":"Polygon","coordinates":[[[75.4737,19.4148],[75.4537,19.4124],[75.445,19.4281],[75.4311,19.4167],[75.3967,19.4153],[75.3671,19.398],[75.344,19.4064],[75.3553,19.4239],[75.3574,19.4421],[75.3502,19.4485],[75.3329,19.4376],[75.3256,19.4546],[75.3272,19.4638],[75.3423,19.4641],[75.3507,19.4817],[75.3624,19.4802],[75.37,19.486],[75.3635,19.4876],[75.3569,19.5013],[75.3435,19.4973],[75.339,19.4792],[75.3314,19.4799],[75.3338,19.5036],[75.3288,19.5041],[75.3277,19.4948],[75.3154,19.4947],[75.3068,19.5012],[75.3067,19.5084],[75.2777,19.5135],[75.2855,19.5361],[75.2797,19.5512],[75.2718,19.5516],[75.2646,19.5244],[75.2585,19.524],[75.2077,19.5625],[75.2074,19.579],[75.1889,19.5965],[75.1675,19.5954],[75.1563,19.5881],[75.1473,19.5956],[75.131,19.5927],[75.1182,19.6032],[75.1044,19.6028],[75.1089,19.609],[75.0933,19.6101],[75.0669,19.6039],[75.0456,19.6111],[75.0445,19.6211],[75.039,19.6247],[75.001,19.6224],[74.9824,19.6409],[74.9674,19.6477],[74.9492,19.6469],[74.9391,19.641],[74.9284,19.6501],[74.8996,19.6445],[74.8924,19.6466],[74.8896,19.6569],[74.8539,19.6486],[74.8258,19.673],[74.7898,19.6502],[74.7815,19.653],[74.7891,19.6883],[74.8023,19.6949],[74.8073,19.7038],[74.7884,19.7173],[74.7522,19.6914],[74.7309,19.6998],[74.7309,19.7241],[74.7238,19.7214],[74.719,19.7264],[74.7076,19.7225],[74.7243,19.7513],[74.7211,19.7778],[74.714,19.7829],[74.7049,19.776],[74.7084,19.7629],[74.6963,19.7601],[74.6929,19.7692],[74.6575,19.7791],[74.6371,19.795],[74.6288,19.791],[74.6165,19.7729],[74.603,19.7723],[74.5944,19.7771],[74.593,19.7876],[74.6024,19.8023],[74.6077,19.8503],[74.6618,19.8397],[74.6643,19.8617],[74.6491,19.8619],[74.6501,19.9105],[74.657,19.9228],[74.6829,19.9256],[74.683,19.9328],[74.6749,19.9357],[74.6762,19.9637],[74.6903,19.9718],[74.6863,19.9898],[74.6939,19.997],[74.6929,20.007],[74.7019,20.0188],[74.7191,20.0179],[74.7212,20.0218],[74.7113,20.0409],[74.7239,20.0554],[74.7118,20.079],[74.7392,20.0829],[74.7314,20.112],[74.7063,20.1152],[74.7115,20.1343],[74.7164,20.1357],[74.7198,20.1608],[74.7162,20.1681],[74.725,20.1909],[74.7395,20.1953],[74.7427,20.1865],[74.7651,20.1834],[74.7609,20.2001],[74.7853,20.2046],[74.8051,20.2317],[74.7856,20.226],[74.7848,20.231],[74.8044,20.2349],[74.8174,20.2448],[74.8298,20.2436],[74.8314,20.2342],[74.8596,20.2277],[74.8543,20.2091],[74.8571,20.1777],[74.9,20.1774],[74.8991,20.1701],[74.9076,20.1663],[74.9119,20.1533],[74.9315,20.1531],[74.9263,20.1644],[74.9278,20.1786],[74.9331,20.1819],[74.9324,20.2143],[74.9121,20.2163],[74.9093,20.244],[74.9352,20.2473],[74.9359,20.2703],[74.9499,20.2738],[74.9453,20.2805],[74.9546,20.2904],[74.972,20.3047],[74.9884,20.303],[74.9863,20.318],[74.9899,20.3309],[74.9963,20.3365],[75.001,20.3374],[75.0492,20.3083],[75.0574,20.3079],[75.0604,20.3346],[75.0933,20.3352],[75.1053,20.3458],[75.1264,20.35],[75.1235,20.3757],[75.1094,20.4124],[75.1304,20.4321],[75.162,20.437],[75.1644,20.4766],[75.2022,20.4769],[75.2031,20.4924],[75.214,20.4934],[75.2126,20.4989],[75.2321,20.4936],[75.2283,20.515],[75.2405,20.5222],[75.2435,20.5396],[75.2483,20.5434],[75.2459,20.5522],[75.2531,20.5558],[75.2609,20.5795],[75.2677,20.5717],[75.2938,20.5697],[75.3016,20.577],[75.319,20.5772],[75.3222,20.5921],[75.354,20.5901],[75.3634,20.5974],[75.3711,20.5775],[75.3922,20.5802],[75.395,20.575],[75.3982,20.5247],[75.4136,20.524],[75.4351,20.5138],[75.4294,20.5327],[75.4519,20.5409],[75.4595,20.5166],[75.4644,20.5223],[75.4618,20.5535],[75.4699,20.545],[75.4856,20.5437],[75.4966,20.5283],[75.4997,20.5431],[75.5063,20.5458],[75.5095,20.5549],[75.5271,20.5613],[75.5234,20.5909],[75.5345,20.597],[75.5376,20.6102],[75.5565,20.6049],[75.5598,20.614],[75.5658,20.6133],[75.5912,20.6032],[75.6158,20.6098],[75.6098,20.6225],[75.6159,20.6247],[75.6492,20.6206],[75.6609,20.6272],[75.6634,20.644],[75.6614,20.6541],[75.6571,20.6531],[75.6588,20.6624],[75.6703,20.671],[75.7067,20.6621],[75.7039,20.6534],[75.7218,20.6364],[75.7979,20.6155],[75.8166,20.6152],[75.8268,20.6259],[75.8321,20.6454],[75.8467,20.6461],[75.87,20.6241],[75.8749,20.6008],[75.8882,20.5974],[75.9096,20.5773],[75.9225,20.5795],[75.9218,20.5629],[75.9077,20.535],[75.9064,20.4987],[75.9158,20.458],[75.9111,20.4502],[75.885,20.4462],[75.8827,20.4404],[75.8661,20.4418],[75.8698,20.4488],[75.8602,20.4625],[75.8446,20.4606],[75.8264,20.4749],[75.8206,20.474],[75.8163,20.4663],[75.8004,20.4639],[75.7998,20.4536],[75.7744,20.4566],[75.7663,20.4513],[75.7605,20.4277],[75.7438,20.424],[75.7381,20.4149],[75.7411,20.4088],[75.7533,20.4044],[75.7526,20.374],[75.7606,20.3705],[75.7617,20.3609],[75.7703,20.3541],[75.7742,20.3374],[75.7567,20.3284],[75.747,20.3298],[75.7458,20.3375],[75.7416,20.3385],[75.7353,20.3321],[75.7197,20.3324],[75.7128,20.3177],[75.6866,20.31],[75.6975,20.2868],[75.6769,20.2407],[75.6817,20.2335],[75.685,20.2049],[75.6801,20.1916],[75.6496,20.1919],[75.628,20.106],[75.5902,20.1026],[75.5951,20.0619],[75.6012,20.0631],[75.6082,20.0524],[75.5946,20.0239],[75.6057,20.0064],[75.6394,20.0044],[75.6309,20.0012],[75.6372,19.9953],[75.6348,19.9835],[75.6417,19.9611],[75.6382,19.9557],[75.6689,19.9403],[75.6685,19.921],[75.6545,19.9111],[75.6484,19.8745],[75.6485,19.8359],[75.6535,19.8157],[75.6375,19.8143],[75.6462,19.7855],[75.6374,19.7832],[75.6394,19.7768],[75.6287,19.7765],[75.6288,19.7465],[75.6307,19.7383],[75.6371,19.7351],[75.6309,19.702],[75.6366,19.6794],[75.6344,19.656],[75.6113,19.6568],[75.608,19.642],[75.5918,19.6383],[75.6017,19.6029],[75.6528,19.5955],[75.658,19.5673],[75.6448,19.5288],[75.6437,19.4868],[75.6329,19.4612],[75.6203,19.4685],[75.6122,19.454],[75.6105,19.431],[75.6193,19.4256],[75.6107,19.3821],[75.5729,19.3803],[75.5239,19.4013],[75.5091,19.4309],[75.4928,19.4406],[75.4812,19.4322],[75.48,19.4217],[75.4737,19.4148]]]}},{"type":"Feature","properties":{"admin_code":"IN-MH-BEED","name":"Beed","name_local":"बीड"},"geometry":{"type":"Polygon","coordinates":[[[75.5596,18.7065],[75.5532,18.7187],[75.5577,18.7417],[75.5317,18.7525],[75.5274,18.754],[75.5312,18.7389],[75.5286,18.7315],[75.5116,18.7239],[75.505,18.7239],[75.4646,18.7537],[75.4601,18.7495],[75.4516,18.7508],[75.4417,18.7918],[75.4287,18.8091],[75.3993,18.8315],[75.393,18.8131],[75.392,18.7896],[75.3831,18.7691],[75.3782,18.7681],[75.3606,18.789],[75.3436,18.7831],[75.3366,18.7962],[75.3282,18.7989],[75.2936,18.7631],[75.2778,18.733],[75.2552,18.7215],[75.2215,18.731],[75.2153,18.7382],[75.1751,18.7366],[75.1765,18.7073],[75.1668,18.6969],[75.1664,18.6629],[75.16,18.6506],[75.1507,18.6506],[75.1433,18.6553],[75.1243,18.6852],[75.1095,18.6907],[75.1032,18.7038],[75.0787,18.7148],[75.0353,18.7651],[75.0171,18.7717],[75.0085,18.7799],[75.0035,18.7893],[75.0095,18.8051],[75.001,18.8069],[74.9958,18.7998],[74.9881,18.7984],[74.9681,18.8254],[74.9559,18.8228],[74.9435,18.8297],[74.9181,18.8316],[74.9227,18.8526],[74.9,18.8481],[74.8987,18.8796],[74.8891,18.8861],[74.8874,18.9102],[74.8798,18.9119],[74.8695,18.8997],[74.8591,18.9051],[74.8518,18.9129],[74.8495,18.9252],[74.8294,18.939],[74.8397,18.9467],[74.8364,18.9593],[74.8184,18.9644],[74.8148,18.9779],[74.8278,18.9888],[74.8438,18.969],[74.8792,18.9837],[74.9006,18.9798],[74.9081,18.9644],[74.9181,18.9608],[74.9403,18.9771],[74.9458,18.97],[74.954,18.9691],[74.9616,18.9968],[74.95,19.0063],[74.9533,19.0336],[74.9258,19.034],[74.9173,19.0406],[74.9227,19.0887],[74.9434,19.1305],[74.9815,19.1118],[74.9816,19.1179],[75.0038,19.1121],[75.0119,19.1049],[75.0216,19.1071],[75.0266,19.1139],[75.029,19.1043],[75.0377,19.1087],[75.0404,19.1029],[75.0469,19.1019],[75.0548,19.1067],[75.0552,19.0994],[75.075,19.1045],[75.08,19.1204],[75.0918,19.1214],[75.0961,19.1266],[75.1109,19.1244],[75.1113,19.1121],[75.1021,19.103],[75.098,19.0801],[75.082,19.081],[75.091,19.0695],[75.0771,19.0671],[75.0726,19.0582],[75.1017,19.0448],[75.1696,19.0365],[75.1716,19.0235],[75.1823,19.0134],[75.2108,19.0235],[75.2072,19.038],[75.1899,19.0507],[75.1981,19.066],[75.1911,19.0934],[75.2235,19.1109],[75.2309,19.0821],[75.2275,19.0664],[75.2411,19.0623],[75.2434,19.0669],[75.2645,19.0703],[75.2715,19.0536],[75.2693,19.0324],[75.2624,19.0257],[75.2731,19.0146],[75.2752,18.9919],[75.2988,18.9784],[75.3154,18.979],[75.3426,18.9903],[75.348,19.0235],[75.3314,19.0327],[75.3184,19.0295],[75.2883,19.0328],[75.2951,19.0692],[75.2928,19.0761],[75.2845,19.0792],[75.2846,19.0838],[75.3162,19.0944],[75.3365,19.0818],[75.3655,19.0769],[75.3628,19.1084],[75.3534,19.1143],[75.3505,19.1227],[75.3357,19.1295],[75.3333,19.1507],[75.3391,19.1539],[75.353,19.148],[75.3558,19.1258],[75.3631,19.1307],[75.3745,19.1279],[75.4004,19.1394],[75.4073,19.1402],[75.4115,19.1346],[75.4083,19.1253],[75.3974,19.125],[75.3698,19.0898],[75.3717,19.0829],[75.3853,19.0785],[75.4111,19.0793],[75.4487,19.0922],[75.4508,19.0839],[75.4579,19.085],[75.4881,19.1043],[75.486,19.1264],[75.4546,19.1264],[75.4347,19.1171],[75.4282,19.1371],[75.4553,19.1427],[75.4497,19.1707],[75.4292,19.1718],[75.4054,19.1943],[75.4086,19.2032],[75.4253,19.2193],[75.4464,19.2177],[75.465,19.2529],[75.4936,19.26],[75.5183,19.2772],[75.5276,19.2969],[75.5426,19.3091],[75.5451,19.3264],[75.5202,19.3303],[75.5363,19.3756],[75.5183,19.3846],[75.4984,19.3775],[75.4881,19.383],[75.4918,19.4131],[75.4783,19.4255],[75.4879,19.4402],[75.5091,19.4309],[75.5239,19.4013],[75.5729,19.3803],[75.589,19.379],[75.6032,19.3842],[75.6125,19.3828],[75.6226,19.3743],[75.6423,19.3814],[75.6545,19.3666],[75.6749,19.3673],[75.6795,19.3589],[75.6889,19.356],[75.7021,19.3609],[75.7553,19.3593],[75.7629,19.3723],[75.7595,19.3891],[75.7829,19.3981],[75.7974,19.3973],[75.8432,19.3709],[75.8748,19.381],[75.8881,19.3791],[75.9108,19.3899],[75.9226,19.3848],[75.9237,19.3769],[75.9073,19.3437],[75.9062,19.3249],[75.9207,19.3021],[75.9345,19.2943],[75.9717,19.3],[76.02,19.3403],[76.0261,19.3375],[76.0236,19.3268],[76.0289,19.2977],[76.0401,19.2866],[76.0869,19.2811],[76.0926,19.2849],[76.1021,19.3087],[76.1169,19.2968],[76.1288,19.3042],[76.143,19.291],[76.1601,19.2975],[76.1641,19.284],[76.176,19.2899],[76.1997,19.2853],[76.2101,19.2782],[76.216,19.2599],[76.2293,19.2558],[76.2274,19.242],[76.2567,19.2406],[76.2699,19.2566],[76.292,19.2633],[76.3136,19.2628],[76.3578,19.2438],[76.3659,19.2346],[76.367,19.2246],[76.3654,19.2118],[76.3528,19.1906],[76.3589,19.1775],[76.3539,19.1665],[76.3617,19.1528],[76.3347,19.1362],[76.3291,19.1185],[76.3218,19.1148],[76.3255,19.1077],[76.3491,19.0994],[76.3775,19.1331],[76.3901,19.1262],[76.3947,19.1126],[76.4126,19.0932],[76.4204,19.0922],[76.4302,19.0998],[76.438,19.0963],[76.4366,19.0722],[76.4526,19.0517],[76.442,19.0452],[76.4429,19.0389],[76.4501,19.0341],[76.4504,19.024],[76.4569,19.0205],[76.4571,19.0083],[76.4797,19.0014],[76.4798,18.9913],[76.4719,18.9825],[76.4727,18.9771],[76.4808,18.9752],[76.4796,18.9571],[76.5019,18.9517],[76.5113,18.928],[76.5236,18.9179],[76.5376,18.9179],[76.5347,18.9241],[76.5404,18.9501],[76.5847,18.9455],[76.5894,18.9183],[76.5853,18.8833],[76.5889,18.8749],[76.5936,18.8707],[76.6237,18.8698],[76.6288,18.8544],[76.6426,18.8458],[76.6489,18.8226],[76.668,18.8197],[76.6835,18.7804],[76.6767,18.7623],[76.6902,18.7541],[76.7029,18.7573],[76.7278,18.75],[76.7381,18.703],[76.7314,18.6963],[76.7209,18.6997],[76.7032,18.6926],[76.6865,18.6926],[76.6661,18.6568],[76.6738,18.6532],[76.6669,18.6488],[76.6434,18.6523],[76.6312,18.6615],[76.6326,18.6649],[76.6137,18.6744],[76.5884,18.6647],[76.5614,18.6364],[76.5507,18.641],[76.5471,18.6486],[76.5356,18.6454],[76.5247,18.6552],[76.5088,18.629],[76.4891,18.6163],[76.48,18.6164],[76.4559,18.6323],[76.386,18.5924],[76.3805,18.5675],[76.396,18.5479],[76.4044,18.549],[76.3885,18.5422],[76.3691,18.5461],[76.3629,18.5593],[76.3529,18.5652],[76.3364,18.5638],[76.3222,18.5707],[76.3079,18.5683],[76.2932,18.576],[76.2807,18.575],[76.2777,18.5577],[76.2554,18.5669],[76.2551,18.5776],[76.2173,18.5767],[76.2035,18.5786],[76.1998,18.5835],[76.1717,18.5858],[76.1666,18.5775],[76.1685,18.5642],[76.1598,18.5588],[76.1522,18.5838],[76.0995,18.5885],[76.0772,18.5767],[76.0589,18.5741],[76.0506,18.5768],[76.0291,18.6025],[76.0111,18.6073],[76.0056,18.6037],[76.0069,18.5891],[76.0008,18.586],[75.9873,18.5964],[75.9991,18.6114],[75.9976,18.6194],[75.9725,18.6151],[75.9588,18.6079],[75.9506,18.6092],[75.9457,18.6206],[75.9503,18.6376],[75.9421,18.6459],[75.917,18.651],[75.8614,18.6511],[75.8597,18.6623],[75.8472,18.6599],[75.8119,18.6744],[75.8022,18.674],[75.7972,18.6565],[75.7837,18.6627],[75.7772,18.6736],[75.7684,18.6713],[75.7536,18.6811],[75.7317,18.6761],[75.691,18.6913],[75.6737,18.6911],[75.6673,18.6507],[75.6544,18.6477],[75.6221,18.662],[75.6092,18.6869],[75.5596,18.7065]]]}},{"type":"Feature","properties":{"admin_code":"IN-MH-BHANDARA","name":"Bhandara","name_local":"भंडारा"},"geometry":{"type":"Polygon","coordinates":[[[79.5668,21.5478],[79.5827,21.5431],[79.6188,21.5563],[79.6541,21.557],[79.6647,21.5771],[79.6914,21.5805],[79.7004,21.5908],[79.7204,21.5909],[79.7393,21.6023],[79.7985,21.5813],[79.8249,21.559],[79.8327,21.5464],[79.8634,21.5312],[79.8926,21.5297],[79.899,21.5233],[79.9226,21.5246],[79.9294,21.5114],[79.9242,21.4824],[79.8811,21.4394],[79.8834,21.425],[79.7998,21.3774],[79.802,21.3585],[79.8134,21.353],[79.8157,21.3164],[79.8274,21.3169],[79.8348,21.3072],[79.8391,21.3107],[79.8383,21.3049],[79.8303,21.3002],[79.8288,21.2902],[79.8363,21.2885],[79.8379,21.2837],[79.8281,21.2795],[79.8264,21.2709],[79.8336,21.2603],[79.8658,21.2587],[79.8659,21.2514],[79.8571,21.2494],[79.8547,21.2544],[79.843,21.2556],[79.8487,21.2456],[79.8328,21.2301],[79.8373,21.2247],[79.8532,21.2306],[79.8693,21.2294],[79.865,21.2449],[79.8877,21.253],[79.902,21.2409],[79.9232,21.2538],[79.9422,21.2527],[79.9524,21.2394],[79.972,21.2286],[79.992,21.2305],[80.0084,21.2166],[80.0234,21.2261],[80.0281,21.2172],[80.0402,21.2098],[80.0501,21.2108],[80.0602,21.1979],[80.0629,21.1749],[80.084,21.144],[80.0738,21.1355],[80.0727,21.1194],[80.0649,21.115],[80.0616,21.1059],[80.0642,21.1015],[80.0813,21.1007],[80.0788,21.09],[80.0831,21.0634],[80.0778,21.0578],[80.0874,21.0487],[80.0693,21.0339],[80.0684,21.0285],[80.0802,21.0286],[80.0833,21.0337],[80.1014,21.0379],[80.1033,21.023],[80.0993,21.013],[80.1096,20.9877],[80.0981,20.9905],[80.0892,20.9859],[80.0818,20.9672],[79.996,20.9656],[79.9785,20.946],[79.9835,20.9202],[79.977,20.8669],[79.997,20.8489],[79.9861,20.7939],[79.9987,20.7601],[79.9978,20.7519],[79.9919,20.7379],[79.9707,20.7145],[79.9724,20.7018],[79.9649,20.6904],[79.9348,20.6767],[79.9333,20.6671],[79.8946,20.6836],[79.8795,20.6852],[79.8502,20.6781],[79.8032,20.6848],[79.7897,20.718],[79.7623,20.7318],[79.7543,20.7112],[79.7613,20.7074],[79.7529,20.6863],[79.7358,20.6831],[79.7139,20.6859],[79.6938,20.6693],[79.7019,20.6453],[79.696,20.6409],[79.672,20.6489],[79.6651,20.6543],[79.6637,20.663],[79.6537,20.6682],[79.6235,20.6735],[79.6135,20.6917],[79.5813,20.6916],[79.5682,20.6947],[79.5663,20.7021],[79.535,20.7023],[79.5212,20.7093],[79.5094,20.7045],[79.5359,20.7405],[79.536,20.7734],[79.5608,20.8035],[79.542,20.8484],[79.5549,20.8487],[79.5602,20.8538],[79.5693,20.8441],[79.5834,20.843],[79.6016,20.8646],[79.6195,20.8653],[79.6117,20.8789],[79.617,20.9031],[79.6445,20.9171],[79.6616,20.9541],[79.66,20.97],[79.638,20.9914],[79.6,21.073],[79.5891,21.0766],[79.5784,21.0665],[79.5735,21.0678],[79.5545,21.0885],[79.5299,21.0759],[79.5234,21.0882],[79.531,21.0888],[79.5335,21.096],[79.5279,21.118],[79.5141,21.1218],[79.5122,21.132],[79.4931,21.1399],[79.5066,21.1463],[79.5109,21.1632],[79.4985,21.1722],[79.502,21.1838],[79.52,21.1739],[79.5329,21.175],[79.529,21.1682],[79.5347,21.1566],[79.5622,21.1565],[79.5549,21.1726],[79.5634,21.1876],[79.5599,21.2022],[79.5536,21.2067],[79.5643,21.2261],[79.5615,21.2369],[79.5719,21.2476],[79.5717,21.2743],[79.5771,21.278],[79.5685,21.2995],[79.5564,21.3068],[79.5573,21.3308],[79.5481,21.3319],[79.5268,21.3552],[79.5007,21.3981],[79.4883,21.3992],[79.492,21.4053],[79.4837,21.4278],[79.4719,21.4247],[79.4556,21.4295],[79.4509,21.4355],[79.4497,21.457],[79.4597,21.4612],[79.4862,21.5025],[79.5146,21.5346],[79.5668,21.5478]]]}},{"type":"Feature","properties":{"admin_code":"IN-MH-BULDHANA","name":"Buldhana","name_local":"बुलढाणा"},"geometry":{"type":"Polygon","coordinates":[[[76.3919,21.0865],[76.4113,21.0926],[76.4137,21.1057],[76.4357,21.1052],[76.4547,21.1133],[76.4595,21.1368],[76.4675,21.1377],[76.471,21.149],[76.479,21.1537],[76.4803,21.1741],[76.4895,21.1944],[76.5314,21.1877],[76.5616,21.2042],[76.589,21.1971],[76.6191,21.197],[76.6257,21.1911],[76.634,21.2038],[76.6341,21.2273],[76.645,21.2461],[76.6609,21.2462],[76.6635,21.2807],[76.6857,21.2887],[76.7099,21.2857],[76.7248,21.2896],[76.7498,21.2538],[76.7454,21.2443],[76.7491,21.2226],[76.7548,21.2191],[76.7571,21.2233],[76.7613,21.2218],[76.7688,21.1924],[76.7833,21.1933],[76.7845,21.1895],[76.7759,21.1894],[76.7729,21.1814],[76.7771,21.1441],[76.7897,21.1226],[76.7855,21.1005],[76.775,21.0894],[76.7774,21.0787],[76.7839,21.073],[76.7833,21.062],[76.7662,21.0392],[76.7783,21.0334],[76.7791,21.0288],[76.7899,21.0323],[76.7938,21.0231],[76.7898,21.0038],[76.779,21.0037],[76.7769,20.9906],[76.7832,20.9907],[76.7845,20.9718],[76.8068,20.9719],[76.8087,20.9581],[76.789,20.9624],[76.7876,20.9425],[76.7765,20.9323],[76.7873,20.9276],[76.7864,20.909],[76.7755,20.91],[76.7797,20.9159],[76.7739,20.9227],[76.753,20.9227],[76.7473,20.9285],[76.7253,20.92],[76.6976,20.9221],[76.6891,20.9172],[76.6954,20.9142],[76.6965,20.9079],[76.7064,20.9105],[76.7073,20.9025],[76.7171,20.8993],[76.7243,20.8865],[76.7443,20.8907],[76.747,20.8728],[76.7521,20.8724],[76.7636,20.8583],[76.7525,20.8387],[76.7565,20.8265],[76.7461,20.8209],[76.746,20.7989],[76.7619,20.7943],[76.7732,20.7842],[76.7721,20.772],[76.7561,20.7469],[76.7612,20.7235],[76.736,20.7159],[76.7356,20.7017],[76.7271,20.7012],[76.7237,20.6936],[76.7385,20.6897],[76.7405,20.6659],[76.7364,20.6571],[76.761,20.6565],[76.7669,20.6504],[76.7569,20.6461],[76.7519,20.6322],[76.7729,20.6279],[76.7641,20.6035],[76.7864,20.6039],[76.7914,20.596],[76.7791,20.5888],[76.7711,20.576],[76.7855,20.5721],[76.7776,20.5547],[76.7708,20.5135],[76.7618,20.5099],[76.7537,20.5129],[76.7514,20.4986],[76.7378,20.4924],[76.7424,20.5023],[76.7397,20.5113],[76.7173,20.5142],[76.7057,20.4842],[76.7097,20.4714],[76.6996,20.4726],[76.6947,20.4591],[76.7154,20.4376],[76.7145,20.4189],[76.7208,20.4193],[76.7284,20.4021],[76.7258,20.39],[76.7095,20.3861],[76.7068,20.3641],[76.7003,20.354],[76.7287,20.3444],[76.7274,20.3389],[76.7373,20.3427],[76.7478,20.3387],[76.745,20.3268],[76.7581,20.3252],[76.7702,20.3145],[76.7706,20.323],[76.7936,20.3159],[76.7867,20.2986],[76.7893,20.2907],[76.7928,20.2866],[76.8084,20.2888],[76.811,20.2801],[76.8224,20.281],[76.8305,20.2676],[76.8239,20.264],[76.8277,20.2465],[76.8122,20.2202],[76.7974,20.2198],[76.7876,20.2036],[76.7638,20.2093],[76.751,20.2096],[76.748,20.2053],[76.7502,20.1669],[76.7628,20.1623],[76.7594,20.1314],[76.707,20.123],[76.6717,20.127],[76.6595,20.1135],[76.6616,20.0981],[76.6499,20.0843],[76.6484,20.069],[76.6376,20.07],[76.6311,20.0829],[76.6256,20.0503],[76.6633,20.0486],[76.6596,20.0013],[76.6462,19.9824],[76.6606,19.9769],[76.6601,19.9636],[76.6388,19.9591],[76.6342,19.9271],[76.624,19.9219],[76.6075,19.9216],[76.6157,19.9077],[76.6125,19.8911],[76.6276,19.8914],[76.6482,19.9005],[76.6598,19.8926],[76.6477,19.8662],[76.6342,19.8669],[76.6241,19.8432],[76.6113,19.8387],[76.602,19.8436],[76.5698,19.8451],[76.5698,19.839],[76.5412,19.8454],[76.5338,19.851],[76.531,19.8611],[76.5344,19.8649],[76.501,19.8841],[76.492,19.9042],[76.494,19.9176],[76.409,19.9203],[76.3912,19.905],[76.3843,19.9193],[76.3688,19.9262],[76.3539,19.8943],[76.3447,19.892],[76.3404,19.8825],[76.3285,19.8825],[76.3149,19.8755],[76.3059,19.8783],[76.299,19.8702],[76.2574,19.8739],[76.2309,19.8644],[76.2153,19.8665],[76.2107,19.8623],[76.1996,19.8629],[76.1887,19.8516],[76.1754,19.85],[76.1528,19.8565],[76.1505,19.8459],[76.1409,19.8451],[76.1301,19.8635],[76.1219,19.8648],[76.1214,19.8601],[76.101,19.8565],[76.0824,19.8852],[76.0814,19.9121],[76.0622,19.9188],[76.059,19.9311],[76.0501,19.9376],[76.0554,19.9409],[76.0494,19.9479],[76.0148,19.9538],[76.0175,19.9746],[75.9913,19.9758],[75.9892,19.9817],[75.9753,19.9855],[75.9675,19.9951],[75.9694,20.0028],[76.0066,20.0048],[76.0139,20.0237],[76.0255,20.0238],[76.0256,20.0453],[76.0205,20.0596],[76.0581,20.0644],[76.0689,20.0702],[76.0677,20.0838],[76.0563,20.0862],[76.0581,20.099],[76.0793,20.1019],[76.086,20.0987],[76.099,20.103],[76.1032,20.1297],[76.1101,20.1384],[76.1076,20.1536],[76.1117,20.1622],[76.1236,20.1604],[76.1223,20.1683],[76.1264,20.168],[76.1297,20.1815],[76.1346,20.1846],[76.1362,20.1993],[76.152,20.2051],[76.135,20.2223],[76.1507,20.2353],[76.1672,20.2373],[76.173,20.2567],[76.1845,20.2684],[76.1957,20.3009],[76.1778,20.3009],[76.1731,20.2951],[76.1572,20.3033],[76.1427,20.3005],[76.1497,20.3068],[76.1463,20.3116],[76.1369,20.3177],[76.1271,20.3158],[76.1323,20.32],[76.1274,20.3249],[76.1297,20.3417],[76.1141,20.3465],[76.1098,20.3535],[76.101,20.3536],[76.0964,20.3461],[76.0932,20.3581],[76.084,20.3653],[76.0731,20.3472],[76.0504,20.3363],[76.0345,20.3072],[76.032,20.289],[76.0032,20.2885],[76.0053,20.3061],[75.9985,20.3137],[75.9849,20.31],[75.9761,20.317],[75.9516,20.3012],[75.929,20.3075],[75.9274,20.3239],[75.9455,20.3522],[75.943,20.3718],[75.9609,20.3689],[75.9611,20.3741],[75.969,20.3742],[75.9514,20.395],[75.943,20.4261],[75.9499,20.4473],[75.9585,20.4573],[75.9562,20.474],[75.9516,20.4741],[75.9432,20.4962],[75.9514,20.5201],[75.9594,20.528],[75.9716,20.5236],[75.9748,20.534],[75.9841,20.53],[75.9956,20.5342],[75.9997,20.5305],[76.0124,20.5376],[76.0193,20.5309],[76.0193,20.5509],[76.0411,20.5556],[76.0387,20.5707],[76.0429,20.5822],[76.0324,20.626],[76.0337,20.639],[76.0234,20.6457],[76.0119,20.6436],[75.9989,20.6679],[76.0045,20.6814],[75.9979,20.6971],[76.0008,20.7162],[76.0182,20.7246],[76.0169,20.732],[75.9877,20.7594],[75.997,20.7655],[75.9988,20.7785],[76.0129,20.7811],[76.0131,20.7861],[76.0438,20.784],[76.0507,20.7888],[76.0517,20.798],[76.0584,20.8041],[76.0519,20.817],[76.0748,20.8341],[76.0764,20.8454],[76.1125,20.8823],[76.1162,20.8938],[76.1017,20.9038],[76.0815,20.9086],[76.0849,20.9281],[76.0905,20.9298],[76.093,20.944],[76.1141,20.9531],[76.1255,20.9778],[76.1455,20.9864],[76.1602,21.0009],[76.1673,21.0406],[76.2013,21.0154],[76.2266,21.0125],[76.2403,20.9912],[76.2596,20.9854],[76.2771,20.9723],[76.2814,20.9587],[76.3477,20.9503],[76.3477,20.9568],[76.3546,20.9565],[76.3547,20.9629],[76.3661,20.9706],[76.3687,20.9784],[76.3841,20.9781],[76.3952,21.0147],[76.3988,21.0331],[76.3846,21.078],[76.3919,21.0865]]]}},{"type":"Feature","properties":{"admin_code":"IN-MH-CHANDRAPUR","name":"Chandrapur","name_local":"चंद्रपूर"},"geometry":{"type":"Polygon","coordinates":[[[79.7472,19.6061],[79.7198,19.5863],[79.6465,19.5779],[79.6226,19.5615],[79.6048,19.5067],[79.5837,19.5079],[79.5592,19.5229],[79.5494,19.5514],[79.5216,19.5448],[79.5201,19.5209],[79.4771,19.5003],[79.4648,19.5217],[79.4479,19.5362],[79.4202,19.5362],[79.3777,19.5642],[79.3755,19.5738],[79.3361,19.5762],[79.3207,19.5681],[79.3113,19.5926],[79.2502,19.6149],[79.2435,19.6119],[79.2441,19.6019],[79.255,19.5893],[79.2565,19.5801],[79.2462,19.562],[79.243,19.5293],[79.2221,19.5131],[79.2132,19.4942],[79.2293,19.4704],[79.1954,19.4613],[79.1754,19.4703],[79.1465,19.5036],[79.111,19.5151],[79.1091,19.5303],[79.1028,19.5328],[79.0696,19.5336],[79.0577,19.5476],[79.0245,19.5422],[78.9989,19.5642],[78.9846,19.5531],[78.9606,19.554],[78.9556,19.5596],[78.9866,19.5872],[78.9717,19.6066],[78.9689,19.6194],[78.975,19.6513],[78.9602,19.6654],[78.941,19.6642],[78.9219,19.6697],[78.8969,19.6572],[78.8647,19.6582],[78.8694,19.6986],[78.8628,19.7331],[78.8502,19.7607],[78.8594,19.7708],[78.8755,19.7683],[78.8812,19.7638],[78.8835,19.7466],[78.9034,19.7377],[78.9494,19.7492],[78.9521,19.7543],[78.9409,19.7789],[78.9584,19.8038],[79.0116,19.8045],[79.0209,19.7997],[79.0298,19.802],[79.0433,19.8178],[79.0669,19.8158],[79.0847,19.8271],[79.0945,19.8411],[79.1035,19.8429],[79.1363,19.8662],[79.1521,19.8937],[79.1141,19.9044],[79.0953,19.9153],[79.094,19.9463],[79.1059,19.9546],[79.1102,19.9664],[79.0942,19.9777],[79.0955,19.982],[79.1157,19.9891],[79.1082,20.0104],[79.0837,20.0291],[79.071,20.0645],[79.0648,20.07],[79.0545,20.0672],[79.0447,20.0718],[79.0488,20.0847],[79.0171,20.1134],[79.0046,20.1211],[78.971,20.1238],[78.9709,20.1382],[78.9819,20.1493],[78.9556,20.1689],[78.9631,20.2034],[78.9419,20.2162],[78.935,20.2283],[78.9222,20.2378],[78.9218,20.2529],[78.9059,20.2537],[78.8899,20.2479],[78.8611,20.2528],[78.8206,20.2475],[78.8149,20.2517],[78.8119,20.2604],[78.8205,20.2705],[78.8057,20.2891],[78.8015,20.3022],[78.8111,20.3122],[78.8306,20.3198],[78.8342,20.3286],[78.8242,20.35],[78.8285,20.3627],[78.8226,20.3709],[78.8199,20.3934],[78.827,20.4025],[78.8437,20.4019],[78.8562,20.4095],[78.8441,20.4223],[78.8423,20.4316],[78.8468,20.434],[78.872,20.4223],[78.8997,20.4378],[78.9169,20.4299],[78.9513,20.429],[78.9642,20.4366],[78.969,20.4591],[78.9844,20.4569],[78.9902,20.4634],[79.0023,20.4482],[79.0244,20.4791],[79.0472,20.474],[79.046,20.4672],[79.0523,20.4646],[79.0637,20.4667],[79.0968,20.4605],[79.0978,20.4558],[79.1141,20.4506],[79.1311,20.4546],[79.1398,20.4781],[79.157,20.4773],[79.1722,20.5129],[79.1798,20.5112],[79.1923,20.5333],[79.2148,20.547],[79.2218,20.5801],[79.2268,20.5839],[79.2929,20.5893],[79.3135,20.5812],[79.3222,20.5838],[79.3478,20.6346],[79.3463,20.6448],[79.3578,20.6558],[79.3508,20.6658],[79.3532,20.6719],[79.3641,20.6714],[79.3759,20.6779],[79.3899,20.6729],[79.3931,20.661],[79.3994,20.6579],[79.4353,20.6593],[79.4678,20.675],[79.492,20.7046],[79.4967,20.6997],[79.5061,20.7005],[79.5212,20.7093],[79.535,20.7023],[79.5663,20.7021],[79.5682,20.6947],[79.5813,20.6916],[79.6135,20.6917],[79.6235,20.6735],[79.6537,20.6682],[79.6637,20.663],[79.6651,20.6543],[79.672,20.6489],[79.696,20.6409],[79.7019,20.6453],[79.6938,20.6693],[79.7139,20.6859],[79.7358,20.6831],[79.7529,20.6863],[79.7613,20.7074],[79.7543,20.7112],[79.7623,20.7318],[79.7897,20.718],[79.8032,20.6848],[79.8502,20.6781],[79.8795,20.6852],[79.8946,20.6836],[79.9333,20.6671],[79.9459,20.6296],[79.94,20.5833],[79.928,20.5528],[79.9489,20.5375],[79.9531,20.5287],[79.9523,20.5007],[79.9417,20.4473],[79.9434,20.4354],[79.9625,20.4156],[79.9607,20.3841],[79.975,20.3538],[79.9689,20.3428],[79.9503,20.3275],[79.9457,20.2946],[79.9551,20.2786],[79.9858,20.2491],[79.9934,20.2363],[79.9963,20.2183],[79.9852,20.2064],[79.9655,20.2029],[79.9354,20.1882],[79.9126,20.1461],[79.9209,20.1365],[79.9686,20.1197],[79.9787,20.1038],[79.9914,20.0449],[79.9509,19.9854],[79.9128,19.9682],[79.8954,19.9701],[79.8715,19.9846],[79.8709,20.0019],[79.8491,20.0331],[79.8146,20.0295],[79.7991,20.0209],[79.7811,20.001],[79.7726,19.9726],[79.7772,19.9506],[79.8044,19.904],[79.8053,19.8937],[79.787,19.8758],[79.7821,19.8641],[79.7589,19.8474],[79.7442,19.8172],[79.7478,19.7797],[79.7562,19.7587],[79.7872,19.7181],[79.7873,19.65],[79.7946,19.6184],[79.7923,19.5966],[79.7472,19.6061]]]}},{"type":"Feature","properties":{"admin_code":"IN-MH-DHULE","name":"Dhule","name_local":"धुळे"},"geometry":{"type":"Polygon","coordinates":[[[74.7923,21.6087],[74.8003,21.6085],[74.8011,21.6146],[74.8283,21.6088],[74.834,21.6174],[74.8626,21.6322],[74.8675,21.6288],[74.8976,21.6292],[74.9198,21.6108],[74.9935,21.5894],[75.0122,21.5795],[75.0167,21.5709],[75.0523,21.5655],[75.0825,21.5241],[75.0938,21.4922],[75.1141,21.4579],[75.1288,21.4476],[75.2066,21.4142],[75.1911,21.412],[75.1733,21.4018],[75.162,21.4033],[75.153,21.3889],[75.1425,21.3847],[75.137,21.3662],[75.15,21.3547],[75.1492,21.3497],[75.1297,21.3507],[75.1225,21.3443],[75.1458,21.3324],[75.1529,21.3235],[75.1502,21.3188],[75.1377,21.3172],[75.1391,21.3069],[75.1308,21.2981],[75.0904,21.2932],[75.0991,21.2815],[75.112,21.2864],[75.1196,21.2769],[75.1312,21.2749],[75.1053,21.2365],[75.0899,21.2285],[75.0683,21.2254],[75.0562,21.2144],[75.0429,21.2117],[75.0338,21.1926],[75.0148,21.1933],[75.0002,21.1879],[74.9746,21.2214],[74.9447,21.2255],[74.9602,21.2122],[74.9528,21.2015],[74.9637,21.1998],[74.9644,21.1923],[74.933,21.1675],[74.9144,21.1666],[74.8939,21.1519],[74.8859,21.1283],[74.8876,21.1138],[74.8718,21.102],[74.8751,21.0888],[74.8692,21.0734],[74.859,21.0637],[74.8658,21.0518],[74.8921,21.053],[74.8952,21.0403],[74.9111,21.0325],[74.9222,21.0111],[74.9176,20.9905],[74.9307,20.9782],[74.9312,20.9615],[74.9136,20.9626],[74.9151,20.9274],[74.936,20.9264],[74.9356,20.9179],[74.9509,20.9122],[74.9569,20.9007],[74.9629,20.9057],[74.9617,20.8877],[74.9712,20.8778],[74.9685,20.8521],[74.9829,20.8438],[74.9874,20.8228],[74.9693,20.8198],[74.9629,20.8054],[74.9749,20.7843],[74.9894,20.7737],[74.9952,20.7493],[74.9921,20.737],[74.9658,20.7209],[74.952,20.721],[74.9612,20.7162],[74.9544,20.7124],[74.9569,20.6948],[74.9433,20.6832],[74.9304,20.658],[74.9019,20.6585],[74.8927,20.6469],[74.8574,20.6357],[74.8159,20.6343],[74.8044,20.6368],[74.8066,20.6572],[74.7994,20.6603],[74.7752,20.6662],[74.7696,20.6622],[74.765,20.6674],[74.7511,20.6649],[74.7505,20.6716],[74.7391,20.6682],[74.7318,20.6803],[74.7242,20.6798],[74.7111,20.6898],[74.6518,20.6955],[74.6622,20.7371],[74.656,20.7578],[74.6628,20.7605],[74.666,20.7748],[74.6381,20.782],[74.6136,20.8062],[74.5834,20.8146],[74.5736,20.8333],[74.5686,20.8237],[74.5494,20.8275],[74.5405,20.8351],[74.5291,20.8182],[74.5133,20.8085],[74.508,20.8181],[74.4855,20.8185],[74.4842,20.8288],[74.4794,20.8318],[74.4664,20.8141],[74.4571,20.813],[74.4512,20.8023],[74.439,20.8019],[74.4231,20.8059],[74.3887,20.8352],[74.3902,20.8402],[74.4063,20.8363],[74.398,20.8496],[74.3978,20.8599],[74.3863,20.8538],[74.3863,20.8409],[74.3593,20.8435],[74.3583,20.8574],[74.3498,20.8597],[74.3497,20.8485],[74.3405,20.8519],[74.3371,20.8389],[74.3273,20.8485],[74.3168,20.8426],[74.2919,20.8558],[74.2662,20.8511],[74.2551,20.859],[74.2365,20.8502],[74.2227,20.8587],[74.203,20.8601],[74.1953,20.855],[74.1687,20.8634],[74.1607,20.8628],[74.159,20.8528],[74.1458,20.8527],[74.1272,20.8656],[74.1022,20.8548],[74.1038,20.8457],[74.0984,20.8417],[74.076,20.8501],[74.0709,20.8448],[74.0617,20.8488],[74.0489,20.8362],[74.0382,20.8379],[74.0267,20.8514],[74.0193,20.8452],[74.0226,20.8363],[74.0011,20.8362],[73.9692,20.8519],[73.9641,20.8429],[73.9463,20.839],[73.9259,20.848],[73.9222,20.8987],[73.9152,20.9108],[73.8911,20.9326],[73.8899,20.9461],[73.8966,20.9613],[73.9103,20.9644],[73.9013,20.9827],[73.874,20.9861],[73.852,20.9973],[73.8575,21.0305],[73.8849,21.0287],[73.909,21.0362],[73.9103,21.0409],[73.9156,21.0362],[73.936,21.039],[73.9557,21.0323],[73.9612,21.0448],[73.9518,21.0608],[73.9584,21.073],[73.9524,21.0865],[73.9746,21.1028],[73.9766,21.1116],[74.004,21.1202],[74.0116,21.1006],[74.0183,21.1034],[74.0137,21.1315],[74.0201,21.1359],[74.0207,21.1445],[74.0418,21.1449],[74.0528,21.1385],[74.0521,21.128],[74.0705,21.1279],[74.0841,21.1369],[74.0827,21.1455],[74.0592,21.1718],[74.1155,21.2118],[74.1215,21.2144],[74.1471,21.2092],[74.1502,21.2128],[74.1436,21.2201],[74.1501,21.226],[74.1566,21.2251],[74.1577,21.2324],[74.1643,21.2268],[74.1622,21.2166],[74.1817,21.2094],[74.1852,21.2209],[74.2126,21.2227],[74.2233,21.2414],[74.255,21.2493],[74.2583,21.2588],[74.2858,21.2393],[74.2989,21.2396],[74.3155,21.2475],[74.3185,21.2343],[74.344,21.2296],[74.3572,21.2336],[74.3599,21.2453],[74.3561,21.2522],[74.3903,21.2584],[74.4096,21.2675],[74.4097,21.2583],[74.4335,21.2635],[74.434,21.2552],[74.442,21.2499],[74.4422,21.2455],[74.4361,21.2437],[74.4391,21.2377],[74.4928,21.2401],[74.4892,21.2568],[74.5,21.2662],[74.4989,21.2907],[74.4907,21.2973],[74.4776,21.2965],[74.4765,21.3064],[74.483,21.3093],[74.4801,21.3536],[74.4898,21.3535],[74.4924,21.374],[74.5096,21.3901],[74.5015,21.3978],[74.4957,21.3924],[74.499,21.4279],[74.5218,21.43],[74.5738,21.404],[74.5906,21.4135],[74.6095,21.4158],[74.6395,21.4],[74.6638,21.4064],[74.6868,21.403],[74.6979,21.423],[74.6936,21.4314],[74.7029,21.4538],[74.6995,21.471],[74.7276,21.4776],[74.7321,21.473],[74.7337,21.4807],[74.7551,21.4765],[74.753,21.4866],[74.7615,21.5173],[74.7535,21.5279],[74.7601,21.5422],[74.7578,21.576],[74.7731,21.614],[74.7923,21.6087]]]}},{"type":"Feature","properties":{"admin_code":"IN-MH-GADCHIROLI","name":"Gadchiroli","name_local":"गडचिरोली"},"geometry":{"type":"Polygon","coordinates":[[[80.5424,20.0932],[80.5534,20.0688],[80.5398,20.0071],[80.5508,19.9983],[80.5528,19.9904],[80.5397,19.9703],[80.5411,19.9563],[80.5336,19.9519],[80.5277,19.9342],[80.509,19.9281],[80.4877,19.9311],[80.4771,19.9369],[80.4717,19.9495],[80.4602,19.9485],[80.4509,19.9559],[80.4323,19.9405],[80.4135,19.9357],[80.4099,19.9128],[80.4149,19.9091],[80.4517,19.8969],[80.4685,19.9067],[80.4899,19.9022],[80.4989,19.8939],[80.5048,19.8722],[80.4823,19.8605],[80.4759,19.841],[80.4676,19.8315],[80.4389,19.8137],[80.4246,19.8126],[80.4048,19.8196],[80.402,19.798],[80.425,19.8006],[80.45,19.794],[80.4597,19.7964],[80.4854,19.776],[80.4899,19.7843],[80.4875,19.799],[80.4668,19.8148],[80.4765,19.8281],[80.5148,19.8334],[80.5251,19.8324],[80.5427,19.8217],[80.5498,19.8228],[80.547,19.7782],[80.5779,19.7584],[80.5895,19.7418],[80.6409,19.7223],[80.6733,19.6961],[80.6649,19.6159],[80.7285,19.6125],[80.7655,19.5944],[80.7739,19.5726],[80.7927,19.5647],[80.8352,19.567],[80.8528,19.5337],[80.8844,19.5249],[80.8936,19.5127],[80.8998,19.4861],[80.8959,19.4648],[80.8751,19.4481],[80.8427,19.447],[80.7955,19.4313],[80.8217,19.3859],[80.8513,19.3689],[80.8467,19.3599],[80.8105,19.337],[80.807,19.3299],[80.7857,19.3233],[80.7569,19.2915],[80.6952,19.2889],[80.6894,19.3005],[80.6918,19.3246],[80.6795,19.331],[80.672,19.3312],[80.6331,19.3114],[80.6177,19.3117],[80.6076,19.3226],[80.5931,19.3575],[80.5914,19.3816],[80.5753,19.4052],[80.539,19.3786],[80.5214,19.3526],[80.4831,19.3394],[80.4529,19.2743],[80.4356,19.2588],[80.3959,19.2477],[80.3866,19.237],[80.3845,19.2218],[80.3941,19.1935],[80.3804,19.1796],[80.353,19.1674],[80.343,19.1521],[80.3323,19.146],[80.3283,19.129],[80.339,19.1056],[80.33,19.097],[80.3296,19.0795],[80.3233,19.0692],[80.2963,19.0509],[80.3028,19.0334],[80.3009,19.0263],[80.2752,18.992],[80.2765,18.9689],[80.2716,18.9453],[80.2751,18.9336],[80.3433,18.8611],[80.3561,18.829],[80.3539,18.8162],[80.3264,18.8011],[80.3018,18.7957],[80.2794,18.7673],[80.2621,18.771],[80.2497,18.7648],[80.2484,18.7538],[80.2752,18.7231],[80.2543,18.7065],[80.2329,18.7013],[80.2155,18.7056],[80.2017,18.6937],[80.1965,18.6807],[80.1785,18.6825],[80.1656,18.701],[80.1183,18.6812],[80.0694,18.7214],[80.0538,18.7258],[80.0403,18.7513],[80.0261,18.7558],[80.0197,18.7715],[79.9393,18.789],[79.9236,18.8019],[79.9013,18.8353],[79.9328,18.8421],[79.9463,18.8634],[79.9482,18.942],[79.9386,18.979],[79.9417,19.0259],[79.9332,19.0466],[79.9233,19.0515],[79.898,19.0496],[79.8667,19.0387],[79.8652,19.1081],[79.8783,19.1266],[79.9131,19.1457],[79.9333,19.1649],[79.9479,19.1684],[79.9504,19.1746],[79.9296,19.2073],[79.9273,19.2302],[79.9523,19.2879],[79.9689,19.3012],[79.9643,19.3383],[79.9716,19.3543],[79.9801,19.4046],[79.9528,19.4443],[79.9521,19.4623],[79.9473,19.4679],[79.9181,19.4957],[79.8772,19.5082],[79.8352,19.5402],[79.8235,19.5721],[79.8002,19.5832],[79.7932,19.5927],[79.7946,19.6184],[79.7873,19.65],[79.7872,19.7181],[79.7562,19.7587],[79.7478,19.7797],[79.7442,19.8172],[79.7589,19.8474],[79.7821,19.8641],[79.787,19.8758],[79.8053,19.8937],[79.8044,19.904],[79.7772,19.9506],[79.7726,19.9726],[79.7811,20.001],[79.7991,20.0209],[79.8146,20.0295],[79.8491,20.0331],[79.8709,20.0019],[79.8715,19.9846],[79.8954,19.9701],[79.9128,19.9682],[79.9509,19.9854],[79.9914,20.0449],[79.9787,20.1038],[79.9686,20.1197],[79.9209,20.1365],[79.9126,20.1461],[79.9354,20.1882],[79.9655,20.2029],[79.9852,20.2064],[79.9963,20.2183],[79.9934,20.2363],[79.9858,20.2491],[79.9551,20.2786],[79.9457,20.2946],[79.9503,20.3275],[79.9689,20.3428],[79.975,20.3538],[79.9607,20.3841],[79.9625,20.4156],[79.9434,20.4354],[79.9417,20.4473],[79.9523,20.5007],[79.9531,20.5287],[79.9489,20.5375],[79.928,20.5528],[79.94,20.5833],[79.9459,20.6296],[79.9333,20.6671],[79.9348,20.6767],[79.9618,20.6912],[79.9841,20.6832],[79.9896,20.674],[80.0086,20.6678],[80.0144,20.6733],[80.0188,20.6668],[80.0372,20.6982],[80.0587,20.7083],[80.0874,20.6893],[80.112,20.6906],[80.136,20.685],[80.1374,20.6783],[80.1441,20.6846],[80.1619,20.6875],[80.1766,20.675],[80.1898,20.6724],[80.2091,20.6595],[80.2419,20.6536],[80.2481,20.6574],[80.2487,20.6724],[80.2738,20.6722],[80.2836,20.7028],[80.299,20.7045],[80.3048,20.7143],[80.3222,20.7533],[80.3173,20.7759],[80.3264,20.7906],[80.3231,20.7999],[80.3321,20.8202],[80.3384,20.8203],[80.3485,20.8106],[80.3811,20.8055],[80.4012,20.8096],[80.4157,20.8241],[80.4565,20.8203],[80.5064,20.8321],[80.563,20.8215],[80.5505,20.7937],[80.5527,20.7673],[80.5617,20.7491],[80.563,20.7246],[80.5673,20.7138],[80.5849,20.6962],[80.5855,20.6809],[80.5261,20.6638],[80.5147,20.6567],[80.492,20.6373],[80.4887,20.6192],[80.5072,20.589],[80.519,20.5873],[80.5586,20.6013],[80.5662,20.6122],[80.5745,20.6146],[80.5929,20.6164],[80.6295,20.6062],[80.6201,20.5929],[80.6269,20.5697],[80.6172,20.5587],[80.6206,20.544],[80.6105,20.4649],[80.6019,20.4489],[80.6107,20.4358],[80.597,20.4153],[80.5932,20.3981],[80.5974,20.387],[80.6095,20.3791],[80.6081,20.3719],[80.6238,20.3405],[80.6239,20.3285],[80.5492,20.3096],[80.543,20.2974],[80.518,20.2723],[80.5017,20.2775],[80.4726,20.2743],[80.4301,20.2553],[80.3901,20.2444],[80.4052,20.2155],[80.4192,20.2049],[80.4211,20.1931],[80.4018,20.1843],[80.3932,20.1656],[80.3917,20.1613],[80.401,20.1468],[80.4468,20.132],[80.4585,20.1477],[80.4899,20.1408],[80.4984,20.1444],[80.5052,20.1419],[80.5108,20.1318],[80.5308,20.1275],[80.5476,20.1129],[80.5424,20.0932]]]}},{"type":"Feature","properties":{"admin_code":"IN-MH-GONDIA","name":"Gondia","name_local":"गोंदिया"},"geometry":{"type":"Polygon","coordinates":[[[79.928,21.5463],[79.9432,21.5569],[79.9732,21.5573],[79.9924,21.5369],[80.0003,21.5349],[80.0351,21.5575],[80.0704,21.5548],[80.1009,21.5865],[80.1168,21.5936],[80.1218,21.6072],[80.1548,21.6065],[80.1719,21.6219],[80.1872,21.6257],[80.1963,21.6344],[80.2116,21.6338],[80.2232,21.6206],[80.2672,21.6204],[80.2778,21.6109],[80.2824,21.5994],[80.295,21.5926],[80.2989,21.5784],[80.3273,21.5738],[80.3371,21.5552],[80.3314,21.5492],[80.3776,21.5215],[80.3915,21.477],[80.4084,21.4655],[80.4183,21.4389],[80.3961,21.4081],[80.4104,21.3773],[80.4475,21.3729],[80.4554,21.4031],[80.4744,21.3963],[80.4809,21.4002],[80.4827,21.3956],[80.4926,21.3985],[80.5089,21.3915],[80.5256,21.3908],[80.544,21.3701],[80.5713,21.3589],[80.5655,21.3541],[80.5685,21.3443],[80.5789,21.3466],[80.5887,21.3426],[80.5902,21.3322],[80.6003,21.3259],[80.6249,21.3203],[80.6554,21.3275],[80.6589,21.3323],[80.6727,21.3233],[80.6809,21.3103],[80.6801,21.2995],[80.662,21.2907],[80.6394,21.2485],[80.6229,21.2413],[80.6106,21.2286],[80.579,21.2181],[80.5649,21.2052],[80.549,21.2004],[80.5278,21.2047],[80.5147,21.1837],[80.5026,21.1845],[80.482,21.1726],[80.4644,21.174],[80.4457,21.1226],[80.4563,21.1132],[80.4466,21.113],[80.4404,21.0984],[80.4491,21.0819],[80.4544,21.038],[80.4308,21.011],[80.4452,20.9936],[80.446,20.973],[80.4559,20.9468],[80.4662,20.9297],[80.4724,20.9289],[80.549,20.9356],[80.5452,20.9277],[80.5569,20.8906],[80.5575,20.8475],[80.563,20.8215],[80.5064,20.8321],[80.4565,20.8203],[80.4157,20.8241],[80.4012,20.8096],[80.3811,20.8055],[80.3485,20.8106],[80.3384,20.8203],[80.3321,20.8202],[80.3231,20.7999],[80.3264,20.7906],[80.3173,20.7759],[80.3222,20.7533],[80.3048,20.7143],[80.299,20.7045],[80.2836,20.7028],[80.2738,20.6722],[80.2487,20.6724],[80.2481,20.6574],[80.2419,20.6536],[80.2091,20.6595],[80.1898,20.6724],[80.1766,20.675],[80.1619,20.6875],[80.1441,20.6846],[80.1374,20.6783],[80.136,20.685],[80.112,20.6906],[80.0874,20.6893],[80.0587,20.7083],[80.0372,20.6982],[80.0188,20.6668],[80.0144,20.6733],[80.0086,20.6678],[79.9896,20.674],[79.9841,20.6832],[79.9649,20.6904],[79.9724,20.7018],[79.9707,20.7145],[79.9919,20.7379],[79.9987,20.7601],[79.9861,20.7939],[79.997,20.8489],[79.977,20.8669],[79.9835,20.9202],[79.9785,20.946],[79.996,20.9656],[80.0818,20.9672],[80.0892,20.9859],[80.0981,20.9905],[80.1096,20.9877],[80.0993,21.013],[80.1033,21.023],[80.1014,21.0379],[80.0833,21.0337],[80.0802,21.0286],[80.0684,21.0285],[80.0693,21.0339],[80.0874,21.0487],[80.0778,21.0578],[80.0831,21.0634],[80.0788,21.09],[80.0813,21.1007],[80.0642,21.1015],[80.0616,21.1059],[80.0649,21.115],[80.0727,21.1194],[80.0738,21.1355],[80.084,21.144],[80.0629,21.1749],[80.0602,21.1979],[80.0501,21.2108],[80.0402,21.2098],[80.0281,21.2172],[80.0234,21.2261],[80.0084,21.2166],[79.992,21.2305],[79.972,21.2286],[79.9524,21.2394],[79.9422,21.2527],[79.9232,21.2538],[79.902,21.2409],[79.8877,21.253],[79.865,21.2449],[79.8693,21.2294],[79.8532,21.2306],[79.8373,21.2247],[79.8328,21.2301],[79.8487,21.2456],[79.843,21.2556],[79.8547,21.2544],[79.8571,21.2494],[79.8659,21.2514],[79.8658,21.2587],[79.8336,21.2603],[79.8264,21.2709],[79.8281,21.2795],[79.8379,21.2837],[79.8363,21.2885],[79.8288,21.2902],[79.8303,21.3002],[79.8383,21.3049],[79.8391,21.3107],[79.8348,21.3072],[79.8274,21.3169],[79.8157,21.3164],[79.8134,21.353],[79.802,21.3585],[79.7998,21.3774],[79.8834,21.425],[79.8811,21.4394],[79.9262,21.487],[79.9303,21.5044],[79.9226,21.5246],[79.928,21.5463]]]}},{"type":"Feature","properties":{"admin_code":"IN-MH-HINGOLI","name":"Hingoli","name_local":"हिंगोली"},"geometry":{"type":"Polygon","coordinates":[[[76.6641,19.8504],[76.6794,19.8468],[76.686,19.8497],[76.6921,19.873],[76.7126,19.8692],[76.7401,19.8726],[76.7472,19.9072],[76.768,19.9043],[76.7741,19.9333],[76.8242,19.9273],[76.8378,19.9614],[76.8724,19.9562],[76.8747,19.9513],[76.8969,19.9466],[76.9016,19.9632],[76.9474,19.9842],[76.963,19.9859],[76.9733,19.9948],[76.9898,19.9967],[76.994,20.0183],[77.0159,20.0032],[77.0327,20.0105],[77.0471,20.0078],[77.0618,19.9967],[77.0739,19.9757],[77.0843,19.9677],[77.0853,19.9579],[77.1487,20.002],[77.1976,19.998],[77.2057,19.9908],[77.2062,19.9684],[77.2149,19.9368],[77.2297,19.9193],[77.2429,19.9152],[77.2494,19.9063],[77.2382,19.8965],[77.2416,19.8929],[77.2632,19.9004],[77.2697,19.8978],[77.2798,19.917],[77.2857,19.9166],[77.2859,19.9055],[77.2934,19.8999],[77.3168,19.9102],[77.3157,19.8904],[77.2989,19.8932],[77.2993,19.8802],[77.3243,19.8856],[77.3486,19.874],[77.3497,19.8609],[77.366,19.8587],[77.3671,19.8522],[77.3573,19.846],[77.3642,19.8336],[77.3469,19.8344],[77.3475,19.8258],[77.3629,19.8157],[77.3713,19.8229],[77.3906,19.8216],[77.3959,19.8118],[77.3842,19.7887],[77.3905,19.7806],[77.4082,19.7786],[77.4106,19.7732],[77.4052,19.7648],[77.3878,19.7666],[77.3797,19.7467],[77.387,19.736],[77.3839,19.7294],[77.3974,19.7264],[77.414,19.7442],[77.4205,19.7357],[77.4366,19.73],[77.452,19.7005],[77.4453,19.6929],[77.4467,19.6883],[77.4602,19.6826],[77.4542,19.6744],[77.4707,19.6653],[77.4654,19.6462],[77.4713,19.642],[77.4674,19.6153],[77.4604,19.613],[77.4818,19.6006],[77.4546,19.568],[77.4567,19.5627],[77.4695,19.564],[77.4691,19.5434],[77.4743,19.5281],[77.4709,19.4993],[77.4768,19.4889],[77.4904,19.4959],[77.4886,19.4758],[77.4943,19.467],[77.491,19.4577],[77.4782,19.456],[77.473,19.4374],[77.4531,19.4403],[77.45,19.4243],[77.4379,19.4077],[77.4523,19.3897],[77.4504,19.3834],[77.4204,19.3773],[77.4162,19.3661],[77.3903,19.353],[77.3868,19.3416],[77.3651,19.3394],[77.3532,19.3464],[77.3528,19.3528],[77.3145,19.3546],[77.3109,19.3307],[77.3026,19.3328],[77.2988,19.3276],[77.284,19.3256],[77.2808,19.3154],[77.2633,19.3143],[77.245,19.3215],[77.2393,19.3105],[77.2389,19.2744],[77.2235,19.2746],[77.2065,19.2526],[77.2063,19.2429],[77.1962,19.2435],[77.1959,19.2368],[77.1884,19.2338],[77.1741,19.2408],[77.162,19.2279],[77.1554,19.2292],[77.1293,19.2516],[77.1109,19.2441],[77.101,19.2533],[77.1001,19.2651],[77.0915,19.2702],[77.0638,19.2689],[77.05,19.259],[77.0379,19.2625],[77.0243,19.2757],[77.0247,19.2851],[77.0343,19.2913],[77.0347,19.2974],[77.0086,19.3022],[76.9995,19.2992],[76.9946,19.3252],[76.983,19.3352],[76.9464,19.3255],[76.9408,19.3137],[76.9148,19.3187],[76.9085,19.3359],[76.9126,19.3483],[76.9294,19.3449],[76.9341,19.3511],[76.9117,19.355],[76.9038,19.3783],[76.9104,19.4003],[76.9289,19.4267],[76.9346,19.4506],[76.9139,19.4545],[76.9104,19.4452],[76.9027,19.4433],[76.8846,19.4548],[76.8806,19.464],[76.8891,19.4764],[76.8743,19.482],[76.8662,19.5026],[76.8656,19.5421],[76.891,19.5407],[76.8895,19.5582],[76.895,19.5687],[76.895,19.587],[76.9052,19.5865],[76.9155,19.5992],[76.9238,19.6],[76.9257,19.6157],[76.918,19.6226],[76.9143,19.6402],[76.8999,19.6431],[76.8802,19.6207],[76.8691,19.6221],[76.8764,19.6428],[76.857,19.6477],[76.8553,19.6616],[76.8645,19.6752],[76.8516,19.7049],[76.8365,19.6991],[76.8167,19.7058],[76.8154,19.6963],[76.8252,19.6878],[76.8281,19.6731],[76.8202,19.6677],[76.8102,19.6822],[76.7927,19.6675],[76.7843,19.6988],[76.7913,19.7193],[76.7831,19.7327],[76.7687,19.7156],[76.7726,19.6882],[76.7631,19.6842],[76.7521,19.7053],[76.7418,19.7128],[76.7454,19.7301],[76.7308,19.7374],[76.7315,19.7583],[76.7255,19.7721],[76.7189,19.7716],[76.7078,19.7545],[76.702,19.7528],[76.6932,19.7643],[76.6768,19.7705],[76.6527,19.771],[76.6359,19.7986],[76.6128,19.7698],[76.6018,19.7741],[76.6149,19.7878],[76.6049,19.7949],[76.6084,19.8082],[76.5999,19.821],[76.5804,19.8229],[76.5655,19.8181],[76.5582,19.8228],[76.5266,19.8239],[76.5129,19.8303],[76.5224,19.8368],[76.5214,19.8489],[76.5338,19.851],[76.5412,19.8454],[76.5698,19.839],[76.5698,19.8451],[76.602,19.8436],[76.6113,19.8387],[76.6241,19.8432],[76.6342,19.8669],[76.6477,19.8662],[76.6641,19.8504]]]}},{"type":"Feature","properties":{"admin_code":"IN-MH-JALGAON","name":"Jalgaon","name_local":"जळगाव"},"geometry":{"type":"Polygon","coordinates":[[[75.2191,21.4092],[75.2357,21.4154],[75.2584,21.4036],[75.299,21.414],[75.3013,21.3876],[75.3114,21.3936],[75.3534,21.3917],[75.361,21.4015],[75.3841,21.3839],[75.3981,21.3813],[75.4131,21.3894],[75.4683,21.3925],[75.5246,21.3854],[75.5482,21.3708],[75.5599,21.3805],[75.5643,21.3764],[75.5814,21.3781],[75.5767,21.3838],[75.6091,21.3932],[75.6197,21.3917],[75.6297,21.3795],[75.6738,21.3786],[75.6952,21.3878],[75.7232,21.3874],[75.7334,21.3915],[75.7446,21.3914],[75.7595,21.3837],[75.802,21.3884],[75.8334,21.3815],[75.8442,21.3877],[75.8636,21.3855],[75.877,21.3964],[75.889,21.3978],[75.9175,21.388],[75.9698,21.3922],[75.9859,21.3754],[76.0287,21.3663],[76.0536,21.3509],[76.1,21.3721],[76.1173,21.337],[76.1306,21.2958],[76.1464,21.286],[76.1606,21.2574],[76.1557,21.2475],[76.1455,21.2409],[76.1461,21.2325],[76.1654,21.2225],[76.1629,21.215],[76.1693,21.2065],[76.1673,21.1939],[76.1741,21.1867],[76.1682,21.1691],[76.1287,21.1763],[76.1156,21.1688],[76.1151,21.1628],[76.1258,21.1513],[76.1293,21.1554],[76.1374,21.1478],[76.141,21.1398],[76.1349,21.1351],[76.1369,21.1246],[76.1698,21.1039],[76.1684,21.088],[76.174,21.0831],[76.1852,21.0884],[76.2637,21.0932],[76.2708,21.0914],[76.2833,21.0738],[76.3846,21.078],[76.3988,21.0331],[76.3841,20.9781],[76.3687,20.9784],[76.3661,20.9706],[76.3547,20.9629],[76.3546,20.9565],[76.3477,20.9568],[76.3477,20.9503],[76.2814,20.9587],[76.2771,20.9723],[76.2596,20.9854],[76.2403,20.9912],[76.2266,21.0125],[76.2013,21.0154],[76.1673,21.0406],[76.1602,21.0009],[76.1455,20.9864],[76.1255,20.9778],[76.1141,20.9531],[76.093,20.944],[76.0905,20.9298],[76.0849,20.9281],[76.0815,20.9086],[76.1017,20.9038],[76.1162,20.8938],[76.1125,20.8823],[76.0764,20.8454],[76.0748,20.8341],[76.0519,20.817],[76.0584,20.8041],[76.0517,20.798],[76.0507,20.7888],[76.0438,20.784],[76.0131,20.7861],[76.0129,20.7811],[75.9988,20.7785],[75.997,20.7655],[75.9877,20.7594],[76.0008,20.7438],[76.013,20.7392],[76.0182,20.7246],[76.0008,20.7162],[75.9979,20.6971],[76.0043,20.6892],[75.9989,20.6679],[76.0119,20.6436],[76.0094,20.6365],[75.9919,20.6237],[75.958,20.6255],[75.9557,20.607],[75.9343,20.6003],[75.9225,20.5795],[75.9096,20.5773],[75.8882,20.5974],[75.8749,20.6008],[75.87,20.6241],[75.8467,20.6461],[75.8321,20.6454],[75.8268,20.6259],[75.8166,20.6152],[75.7979,20.6155],[75.7218,20.6364],[75.7039,20.6534],[75.7067,20.6621],[75.6703,20.671],[75.6588,20.6624],[75.6571,20.6531],[75.6614,20.6541],[75.6634,20.644],[75.6609,20.6272],[75.6492,20.6206],[75.6159,20.6247],[75.6098,20.6225],[75.6158,20.6098],[75.5912,20.6032],[75.5658,20.6133],[75.5598,20.614],[75.5565,20.6049],[75.5376,20.6102],[75.5345,20.597],[75.5234,20.5909],[75.5271,20.5613],[75.5095,20.5549],[75.5063,20.5458],[75.4997,20.5431],[75.4966,20.5283],[75.4856,20.5437],[75.4699,20.545],[75.4618,20.5535],[75.4644,20.5223],[75.4595,20.5166],[75.4519,20.5409],[75.4294,20.5327],[75.4351,20.5138],[75.4136,20.524],[75.3982,20.5247],[75.395,20.575],[75.3922,20.5802],[75.3711,20.5775],[75.3634,20.5974],[75.354,20.5901],[75.3222,20.5921],[75.319,20.5772],[75.3016,20.577],[75.2938,20.5697],[75.2677,20.5717],[75.2609,20.5795],[75.2531,20.5558],[75.2459,20.5522],[75.2483,20.5434],[75.2435,20.5396],[75.2405,20.5222],[75.2283,20.515],[75.2321,20.4936],[75.2126,20.4989],[75.214,20.4934],[75.2031,20.4924],[75.2022,20.4769],[75.1644,20.4766],[75.162,20.437],[75.1304,20.4321],[75.1094,20.4124],[75.1235,20.3757],[75.1264,20.35],[75.1053,20.3458],[75.0933,20.3352],[75.0604,20.3346],[75.0574,20.3079],[75.0492,20.3083],[75.001,20.3374],[74.9963,20.3365],[74.9899,20.3309],[74.9863,20.318],[74.9884,20.303],[74.972,20.3047],[74.9453,20.2805],[74.9499,20.2738],[74.9444,20.2711],[74.9359,20.2703],[74.9388,20.2723],[74.9191,20.2782],[74.9099,20.2734],[74.8711,20.2776],[74.858,20.2861],[74.8621,20.3014],[74.8599,20.3138],[74.8676,20.3168],[74.8686,20.3357],[74.862,20.3353],[74.8517,20.3833],[74.8296,20.4031],[74.843,20.4105],[74.8388,20.418],[74.8205,20.4297],[74.8196,20.441],[74.8072,20.4453],[74.7967,20.4772],[74.7855,20.4704],[74.7745,20.4712],[74.7872,20.5007],[74.7849,20.5082],[74.7755,20.5051],[74.7629,20.5392],[74.7967,20.5401],[74.8003,20.5487],[74.7964,20.576],[74.8031,20.5891],[74.8114,20.5875],[74.8159,20.6343],[74.8574,20.6357],[74.8927,20.6469],[74.9019,20.6585],[74.9304,20.658],[74.9433,20.6832],[74.9569,20.6948],[74.9544,20.7124],[74.9612,20.7162],[74.952,20.721],[74.9658,20.7209],[74.99,20.7342],[74.9952,20.7493],[74.9894,20.7737],[74.9749,20.7843],[74.9629,20.8054],[74.9693,20.8198],[74.9874,20.8228],[74.9829,20.8438],[74.9685,20.8521],[74.9712,20.8778],[74.9617,20.8877],[74.9629,20.9057],[74.9569,20.9007],[74.9509,20.9122],[74.9356,20.9179],[74.936,20.9264],[74.9151,20.9274],[74.9136,20.9626],[74.9312,20.9615],[74.9317,20.9677],[74.9307,20.9782],[74.9176,20.9905],[74.9222,21.0111],[74.9111,21.0325],[74.8952,21.0403],[74.8921,21.053],[74.8658,21.0518],[74.859,21.0637],[74.8692,21.0734],[74.8751,21.0888],[74.8718,21.102],[74.8876,21.1138],[74.8859,21.1283],[74.8939,21.1519],[74.9144,21.1666],[74.933,21.1675],[74.9644,21.1923],[74.9637,21.1998],[74.9528,21.2015],[74.9602,21.2122],[74.9447,21.2255],[74.9746,21.2214],[75.0002,21.1879],[75.0148,21.1933],[75.0338,21.1926],[75.0429,21.2117],[75.0562,21.2144],[75.0683,21.2254],[75.0899,21.2285],[75.1053,21.2365],[75.1312,21.2749],[75.1196,21.2769],[75.112,21.2864],[75.0991,21.2815],[75.0904,21.2932],[75.1308,21.2981],[75.1391,21.3069],[75.1377,21.3172],[75.1502,21.3188],[75.1529,21.3235],[75.1458,21.3324],[75.1225,21.3443],[75.1297,21.3507],[75.1492,21.3497],[75.15,21.3547],[75.137,21.3662],[75.1425,21.3847],[75.153,21.3889],[75.162,21.4033],[75.1733,21.4018],[75.1911,21.412],[75.2066,21.4142],[75.2191,21.4092]]]}},{"type":"Feature","properties":{"admin_code":"IN-MH-JALNA","name":"Jalna","name_local":"जालना"},"geometry":{"type":"Polygon","coordinates":[[[76.5165,19.8263],[76.5108,19.8184],[76.5157,19.8078],[76.5125,19.8009],[76.4869,19.8003],[76.4846,19.7935],[76.4907,19.7789],[76.5136,19.7707],[76.5116,19.7629],[76.4946,19.7609],[76.4865,19.7438],[76.4608,19.7472],[76.4595,19.7235],[76.486,19.7205],[76.4887,19.6776],[76.4722,19.6792],[76.467,19.6679],[76.4544,19.6672],[76.4508,19.6603],[76.445,19.6417],[76.4538,19.6413],[76.4529,19.6127],[76.4433,19.6124],[76.4346,19.6022],[76.4391,19.6005],[76.438,19.5863],[76.4493,19.5834],[76.4433,19.5414],[76.414,19.5327],[76.4137,19.5383],[76.3969,19.5413],[76.3966,19.5314],[76.3794,19.5368],[76.3734,19.516],[76.3732,19.5051],[76.378,19.5003],[76.3663,19.469],[76.3457,19.4706],[76.3421,19.4546],[76.3284,19.4566],[76.3161,19.4647],[76.3043,19.4326],[76.2917,19.4327],[76.2869,19.3975],[76.2931,19.3966],[76.2861,19.367],[76.2683,19.3667],[76.2625,19.3579],[76.2815,19.3495],[76.2805,19.3448],[76.2658,19.3343],[76.2427,19.3385],[76.2359,19.314],[76.2141,19.3189],[76.211,19.2989],[76.2225,19.2944],[76.2101,19.2782],[76.1859,19.2897],[76.1641,19.284],[76.1601,19.2975],[76.143,19.291],[76.1288,19.3042],[76.1169,19.2968],[76.1021,19.3087],[76.0926,19.2849],[76.0869,19.2811],[76.0401,19.2866],[76.0289,19.2977],[76.0236,19.3268],[76.0261,19.3375],[76.02,19.3403],[75.9717,19.3],[75.9345,19.2943],[75.9207,19.3021],[75.9062,19.3249],[75.9073,19.3437],[75.9237,19.3769],[75.9168,19.3889],[75.8432,19.3709],[75.7974,19.3973],[75.7829,19.3981],[75.7595,19.3891],[75.7629,19.3723],[75.7553,19.3593],[75.7021,19.3609],[75.6889,19.356],[75.6795,19.3589],[75.6749,19.3673],[75.6545,19.3666],[75.6423,19.3814],[75.6226,19.3743],[75.6107,19.3821],[75.6193,19.4256],[75.6105,19.431],[75.6122,19.454],[75.6203,19.4685],[75.6305,19.4613],[75.6357,19.4651],[75.6462,19.4994],[75.6448,19.5288],[75.658,19.5673],[75.6528,19.5955],[75.6017,19.6029],[75.5918,19.6383],[75.608,19.642],[75.6113,19.6568],[75.6344,19.656],[75.6366,19.6794],[75.6309,19.702],[75.6371,19.7351],[75.6307,19.7383],[75.6288,19.7465],[75.6287,19.7765],[75.6394,19.7768],[75.6374,19.7832],[75.6462,19.7855],[75.6375,19.8143],[75.6535,19.8157],[75.6485,19.8359],[75.6484,19.8745],[75.6545,19.9111],[75.6685,19.921],[75.6689,19.9403],[75.6382,19.9557],[75.6417,19.9611],[75.6348,19.9835],[75.6372,19.9953],[75.6309,20.0012],[75.6394,20.0044],[75.6057,20.0064],[75.5946,20.0239],[75.6082,20.0524],[75.6012,20.0631],[75.5951,20.0619],[75.5902,20.1026],[75.628,20.106],[75.6496,20.1919],[75.6801,20.1916],[75.685,20.2049],[75.6817,20.2335],[75.6769,20.2407],[75.6975,20.2868],[75.6866,20.31],[75.7128,20.3177],[75.7197,20.3324],[75.7353,20.3321],[75.7416,20.3385],[75.7458,20.3375],[75.747,20.3298],[75.7567,20.3284],[75.7742,20.3374],[75.7703,20.3541],[75.7617,20.3609],[75.7606,20.3705],[75.7526,20.374],[75.7533,20.4044],[75.7411,20.4088],[75.7381,20.4149],[75.7438,20.424],[75.7605,20.4277],[75.7663,20.4513],[75.7744,20.4566],[75.7998,20.4536],[75.8004,20.4639],[75.8163,20.4663],[75.8206,20.474],[75.8264,20.4749],[75.8446,20.4606],[75.8602,20.4625],[75.8698,20.4488],[75.8661,20.4418],[75.8792,20.4395],[75.885,20.4462],[75.9111,20.4502],[75.9158,20.458],[75.9064,20.4987],[75.9077,20.535],[75.9218,20.5629],[75.9225,20.5795],[75.9343,20.6003],[75.9557,20.607],[75.958,20.6255],[75.9919,20.6237],[76.0188,20.6461],[76.0337,20.639],[76.0324,20.626],[76.0429,20.5822],[76.0387,20.5707],[76.0411,20.5556],[76.0193,20.5509],[76.0193,20.5309],[76.0124,20.5376],[75.9997,20.5305],[75.9956,20.5342],[75.9841,20.53],[75.9748,20.534],[75.9716,20.5236],[75.9594,20.528],[75.9514,20.5201],[75.9432,20.4962],[75.9516,20.4741],[75.9562,20.474],[75.9585,20.4573],[75.9499,20.4473],[75.943,20.4261],[75.9514,20.395],[75.969,20.3742],[75.9611,20.3741],[75.9609,20.3689],[75.943,20.3718],[75.9455,20.3522],[75.9274,20.3239],[75.929,20.3075],[75.9516,20.3012],[75.9761,20.317],[75.9849,20.31],[75.9985,20.3137],[76.0053,20.3061],[76.0032,20.2885],[76.032,20.289],[76.0345,20.3072],[76.0504,20.3363],[76.0731,20.3472],[76.084,20.3653],[76.0932,20.3581],[76.0964,20.3461],[76.101,20.3536],[76.1098,20.3535],[76.1141,20.3465],[76.1297,20.3417],[76.1274,20.3249],[76.1323,20.32],[76.1271,20.3158],[76.1369,20.3177],[76.1463,20.3116],[76.1497,20.3068],[76.1427,20.3005],[76.1572,20.3033],[76.1731,20.2951],[76.1778,20.3009],[76.1957,20.3009],[76.1845,20.2684],[76.173,20.2567],[76.1672,20.2373],[76.1507,20.2353],[76.135,20.2223],[76.152,20.2051],[76.1362,20.1993],[76.1346,20.1846],[76.1297,20.1815],[76.1264,20.168],[76.1223,20.1683],[76.1236,20.1604],[76.1117,20.1622],[76.1076,20.1536],[76.1101,20.1384],[76.1032,20.1297],[76.099,20.103],[76.086,20.0987],[76.0793,20.1019],[76.0581,20.099],[76.0563,20.0862],[76.0677,20.0838],[76.0689,20.0702],[76.0581,20.0644],[76.0205,20.0596],[76.0256,20.0453],[76.0255,20.0238],[76.0139,20.0237],[76.0066,20.0048],[75.9694,20.0028],[75.9705,19.9901],[75.9892,19.9817],[75.9913,19.9758],[76.0175,19.9746],[76.0148,19.9538],[76.0494,19.9479],[76.0554,19.9409],[76.0501,19.9376],[76.059,19.9311],[76.0622,19.9188],[76.0814,19.9121],[76.0824,19.8852],[76.101,19.8565],[76.1214,19.8601],[76.1219,19.8648],[76.1301,19.8635],[76.1409,19.8451],[76.1505,19.8459],[76.1528,19.8565],[76.1754,19.85],[76.1887,19.8516],[76.1996,19.8629],[76.2309,19.8644],[76.2574,19.8739],[76.299,19.8702],[76.3059,19.8783],[76.3149,19.8755],[76.3285,19.8825],[76.3404,19.8825],[76.3447,19.892],[76.3539,19.8943],[76.3688,19.9262],[76.3843,19.9193],[76.3912,19.905],[76.409,19.9203],[76.4835,19.9197],[76.494,19.9176],[76.492,19.9042],[76.501,19.8841],[76.5344,19.8649],[76.531,19.8611],[76.5338,19.851],[76.5214,19.8489],[76.5224,19.8368],[76.5129,19.8303],[76.5165,19.8263]]]}},{"type":"Feature","properties":{"admin_code":"IN-MH-KOLHAPUR","name":"Kolhapur","name_local":"कोल्हापूर"},"geometry":{"type":"Polygon","coordinates":[[[74.6916,16.6883],[74.6833,16.6815],[74.6921,16.6774],[74.6677,16.666],[74.6564,16.6401],[74.6619,16.6312],[74.6873,16.6206],[74.6894,16.6098],[74.6598,16.6036],[74.6386,16.6093],[74.6324,16.5783],[74.6197,16.5844],[74.6127,16.5705],[74.6005,16.5647],[74.589,16.5663],[74.5876,16.5581],[74.5699,16.5543],[74.5551,16.5623],[74.5552,16.5739],[74.5653,16.5837],[74.561,16.5929],[74.5453,16.5947],[74.5469,16.6357],[74.5055,16.6339],[74.4932,16.6291],[74.481,16.6416],[74.4725,16.6632],[74.4598,16.6554],[74.4579,16.6469],[74.4675,16.6075],[74.4358,16.6012],[74.4285,16.5968],[74.4237,16.5852],[74.3983,16.5811],[74.3932,16.5679],[74.3959,16.5634],[74.3903,16.562],[74.3904,16.5382],[74.3847,16.5304],[74.357,16.5413],[74.3575,16.5511],[74.3638,16.5557],[74.3602,16.5596],[74.3407,16.5489],[74.3239,16.556],[74.3182,16.5539],[74.3167,16.547],[74.3184,16.5088],[74.3085,16.5046],[74.3013,16.5317],[74.2888,16.534],[74.2839,16.5251],[74.2825,16.542],[74.2706,16.547],[74.2662,16.5359],[74.2709,16.5231],[74.2787,16.519],[74.28,16.5059],[74.2473,16.4974],[74.263,16.4785],[74.2768,16.4851],[74.2748,16.4919],[74.2832,16.5063],[74.2942,16.5051],[74.2906,16.4616],[74.299,16.4633],[74.3164,16.4526],[74.3334,16.4547],[74.3383,16.4281],[74.3318,16.4228],[74.3372,16.4031],[74.3592,16.4058],[74.3638,16.3969],[74.3542,16.3814],[74.3563,16.3674],[74.3465,16.3689],[74.3376,16.3933],[74.3295,16.3913],[74.3271,16.3782],[74.3199,16.3819],[74.3268,16.3596],[74.3182,16.3563],[74.3289,16.3432],[74.3179,16.3425],[74.3236,16.3353],[74.3175,16.3278],[74.3318,16.326],[74.3346,16.3196],[74.326,16.3191],[74.3266,16.3134],[74.3352,16.3143],[74.3347,16.3067],[74.3394,16.3059],[74.3433,16.2941],[74.3263,16.2889],[74.3232,16.2821],[74.3284,16.2708],[74.3316,16.2684],[74.3545,16.2823],[74.3463,16.2909],[74.3479,16.2945],[74.3572,16.2898],[74.3748,16.2962],[74.3852,16.2929],[74.3861,16.2783],[74.4162,16.2833],[74.4175,16.2602],[74.4369,16.2569],[74.4378,16.2523],[74.4564,16.2512],[74.4586,16.2446],[74.4684,16.2413],[74.4793,16.2495],[74.5037,16.2257],[74.4974,16.2169],[74.5087,16.204],[74.5082,16.1911],[74.4931,16.1842],[74.49,16.1579],[74.4811,16.1498],[74.4862,16.1448],[74.4924,16.1152],[74.4844,16.0902],[74.4742,16.0908],[74.4597,16.105],[74.4296,16.1135],[74.4134,16.1037],[74.4102,16.0947],[74.3922,16.09],[74.3921,16.0813],[74.3758,16.0811],[74.3749,16.0724],[74.3629,16.0558],[74.3766,16.0564],[74.3734,16.0395],[74.3849,16.038],[74.4105,16.0539],[74.4356,16.0599],[74.4632,16.0496],[74.4655,16.0435],[74.4448,16.0015],[74.4451,15.9862],[74.4303,15.9541],[74.3868,15.9042],[74.3943,15.8988],[74.3975,15.8813],[74.3942,15.8774],[74.4073,15.8607],[74.4066,15.8556],[74.3836,15.8495],[74.3805,15.8762],[74.3676,15.8907],[74.369,15.8946],[74.3654,15.8934],[74.3619,15.8741],[74.3393,15.8551],[74.3774,15.8503],[74.3834,15.8435],[74.3844,15.8393],[74.3694,15.8305],[74.3612,15.8185],[74.3689,15.8135],[74.3707,15.8043],[74.3597,15.7767],[74.3457,15.7664],[74.3244,15.7735],[74.3187,15.7596],[74.2867,15.7424],[74.2684,15.7562],[74.2444,15.7443],[74.2295,15.757],[74.2346,15.7838],[74.2297,15.7899],[74.2116,15.7818],[74.2015,15.7863],[74.1853,15.776],[74.1746,15.7752],[74.1565,15.7887],[74.1604,15.8223],[74.1431,15.8225],[74.1455,15.8325],[74.1124,15.8225],[74.1045,15.8403],[74.0957,15.8404],[74.0713,15.8341],[74.0676,15.8144],[74.0363,15.8044],[74.0334,15.8348],[74.0939,15.8726],[74.0895,15.8741],[74.095,15.8984],[74.0746,15.9491],[74.0673,15.9415],[74.0505,15.9507],[74.047,15.9576],[74.0551,15.963],[74.0679,15.9882],[74.092,16.0074],[74.0885,16.0166],[74.0779,16.0212],[74.0577,16.052],[74.0497,16.0351],[74.0029,16.0386],[74.0028,16.0531],[73.9954,16.0584],[74.007,16.067],[74.0075,16.0768],[73.9939,16.0785],[73.9986,16.0893],[73.9491,16.0993],[73.9376,16.096],[73.9087,16.1006],[73.8996,16.0899],[73.8876,16.0964],[73.8661,16.0983],[73.8746,16.1073],[73.8614,16.1081],[73.8465,16.0962],[73.8492,16.084],[73.858,16.0837],[73.8592,16.0759],[73.8462,16.0797],[73.8443,16.0898],[73.8368,16.0948],[73.851,16.1191],[73.8486,16.132],[73.856,16.1366],[73.8469,16.1532],[73.8683,16.1392],[73.8684,16.1474],[73.8739,16.1433],[73.8876,16.146],[73.911,16.1362],[73.9172,16.1401],[73.9158,16.1497],[73.921,16.1543],[73.9101,16.1595],[73.9207,16.168],[73.9171,16.1733],[73.9231,16.175],[73.9326,16.1694],[73.9479,16.1731],[73.9504,16.1795],[73.9433,16.1877],[73.9609,16.2012],[73.9601,16.2066],[73.9471,16.204],[73.9432,16.2072],[73.9286,16.201],[73.9322,16.2107],[73.927,16.2198],[73.9331,16.2207],[73.9488,16.2391],[73.9452,16.2439],[73.9187,16.2311],[73.9118,16.2348],[73.8941,16.2318],[73.9212,16.2468],[73.9094,16.2507],[73.9085,16.2578],[73.8976,16.2581],[73.8949,16.2691],[73.8827,16.2803],[73.8917,16.2909],[73.8924,16.3004],[73.9036,16.305],[73.9058,16.3292],[73.9001,16.3311],[73.8895,16.3243],[73.8883,16.3294],[73.8675,16.3101],[73.8581,16.3159],[73.8483,16.301],[73.8504,16.3143],[73.8423,16.3177],[73.8499,16.3262],[73.8368,16.3468],[73.8444,16.3562],[73.8586,16.3594],[73.8674,16.3746],[73.8608,16.3856],[73.8401,16.3931],[73.8389,16.4039],[73.8678,16.4294],[73.8724,16.4398],[73.8888,16.4495],[73.8896,16.4584],[73.886,16.4756],[73.8654,16.4761],[73.8547,16.4881],[73.8447,16.5076],[73.8494,16.5272],[73.8192,16.5458],[73.8337,16.5473],[73.8349,16.5555],[73.8485,16.5719],[73.845,16.5864],[73.8644,16.6093],[73.8537,16.6366],[73.8572,16.6603],[73.8671,16.6708],[73.8545,16.6741],[73.8617,16.6815],[73.8487,16.6922],[73.8285,16.6983],[73.8228,16.7065],[73.8144,16.7074],[73.8181,16.7148],[73.8291,16.7153],[73.8421,16.7397],[73.8342,16.7435],[73.8359,16.7481],[73.8202,16.7659],[73.7928,16.7636],[73.7817,16.7832],[73.7632,16.771],[73.7578,16.782],[73.7617,16.8035],[73.7541,16.8062],[73.754,16.8138],[73.739,16.8215],[73.7305,16.8171],[73.7316,16.8214],[73.7133,16.8307],[73.7259,16.8379],[73.7337,16.8334],[73.7389,16.8445],[73.7534,16.8352],[73.7703,16.8549],[73.7651,16.8608],[73.7689,16.8713],[73.7499,16.8834],[73.75,16.9024],[73.7401,16.8982],[73.7406,16.9135],[73.7456,16.9175],[73.7496,16.9057],[73.7623,16.9047],[73.7672,16.9091],[73.7893,16.9076],[73.7942,16.9129],[73.7966,16.931],[73.7909,16.9422],[73.7669,16.9634],[73.7877,16.9863],[73.7888,16.9936],[73.8183,16.9881],[73.835,16.9915],[73.8364,17.0012],[73.8287,17.0136],[73.8354,17.0266],[73.8242,17.0388],[73.8357,17.0547],[73.8183,17.0643],[73.805,17.0625],[73.8087,17.0865],[73.7974,17.0952],[73.7898,17.0939],[73.7824,17.1085],[73.7699,17.1096],[73.748,17.1321],[73.7405,17.1224],[73.7117,17.1412],[73.6953,17.1395],[73.6905,17.1592],[73.7144,17.1724],[73.7332,17.1682],[73.7445,17.1761],[73.7485,17.1746],[73.751,17.153],[73.778,17.1526],[73.771,17.1721],[73.7817,17.1809],[73.8287,17.1682],[73.8504,17.1535],[73.8696,17.1323],[73.8795,17.1311],[73.8759,17.1228],[73.8792,17.1175],[73.9029,17.1031],[73.918,17.0688],[73.9322,17.0742],[73.9414,17.0695],[73.9821,17.0349],[73.9831,17.0142],[73.9733,17.0048],[73.9723,16.9939],[73.9867,16.9861],[73.9966,16.9954],[74.0238,16.9851],[74.0216,16.9698],[74.0278,16.9642],[74.022,16.9616],[74.0278,16.9521],[74.0246,16.9429],[74.0368,16.9387],[74.0404,16.9248],[74.0661,16.9096],[74.0675,16.9042],[74.0788,16.9054],[74.0913,16.9156],[74.0991,16.9094],[74.122,16.9123],[74.1353,16.8904],[74.1491,16.8847],[74.1713,16.899],[74.1933,16.8927],[74.2133,16.8931],[74.2141,16.9063],[74.2244,16.9115],[74.2334,16.8888],[74.245,16.886],[74.2509,16.8869],[74.2584,16.9054],[74.2827,16.9163],[74.2984,16.8926],[74.3151,16.8908],[74.3277,16.877],[74.3402,16.8784],[74.356,16.8707],[74.3623,16.8542],[74.4038,16.8807],[74.4059,16.8759],[74.4165,16.878],[74.4061,16.851],[74.4095,16.845],[74.4221,16.8431],[74.4382,16.8508],[74.4618,16.8524],[74.4717,16.8679],[74.4959,16.8576],[74.4993,16.8301],[74.5149,16.8403],[74.5145,16.8555],[74.5182,16.8573],[74.5258,16.8489],[74.5367,16.8465],[74.5503,16.8315],[74.5608,16.807],[74.615,16.7959],[74.6421,16.7775],[74.6491,16.7519],[74.7014,16.7348],[74.6942,16.7176],[74.6916,16.6883]]]}},{"type":"Feature","properties":{"admin_code":"IN-MH-LATUR","name":"Latur","name_local":"लातूर"},"geometry":{"type":"Polygon","coordinates":[[[77.2619,18.4126],[77.2437,18.4108],[77.2363,18.3883],[77.2485,18.3728],[77.2343,18.3678],[77.2248,18.3494],[77.2307,18.3471],[77.2134,18.316],[77.2036,18.3214],[77.1988,18.3149],[77.2096,18.2802],[77.2022,18.2815],[77.1951,18.2765],[77.1812,18.2841],[77.1739,18.2831],[77.169,18.2582],[77.1606,18.2553],[77.1511,18.2399],[77.1533,18.2189],[77.1455,18.2183],[77.1428,18.2095],[77.1242,18.209],[77.0987,18.1974],[77.1196,18.1699],[77.1121,18.155],[77.0998,18.1605],[77.0894,18.1526],[77.0608,18.1547],[77.0534,18.1636],[77.0526,18.1755],[77.0359,18.186],[77.0247,18.1805],[77.027,18.1649],[77.0008,18.1691],[76.9944,18.1889],[76.9835,18.1916],[76.957,18.1871],[76.9466,18.1569],[76.9362,18.1601],[76.9282,18.147],[76.9346,18.1388],[76.9254,18.1183],[76.9349,18.1132],[76.9563,18.1124],[76.9712,18.0994],[76.9673,18.0905],[76.9526,18.0846],[76.9499,18.0761],[76.9556,18.0657],[76.9515,18.0481],[76.9576,18.042],[76.9206,18.0356],[76.9225,17.9878],[76.9161,17.9397],[76.9221,17.9391],[76.9193,17.9176],[76.9031,17.9172],[76.8922,17.8997],[76.884,17.8955],[76.8566,17.9003],[76.8344,17.8931],[76.8358,17.8852],[76.8109,17.8855],[76.8054,17.8708],[76.7771,17.8794],[76.7685,17.9008],[76.7431,17.9004],[76.7365,17.9119],[76.7251,17.9186],[76.6763,17.9227],[76.6826,17.947],[76.6766,17.9537],[76.6747,17.9677],[76.6903,17.9712],[76.6861,17.9883],[76.6775,17.9976],[76.6262,18.0006],[76.6081,18.0112],[76.6131,18.0386],[76.5974,18.0336],[76.5828,18.0409],[76.5785,18.0375],[76.5692,18.0402],[76.5483,18.0249],[76.5333,18.0218],[76.4425,18.0337],[76.4292,18.0311],[76.4196,18.0425],[76.4001,18.0538],[76.3993,18.0674],[76.3825,18.0901],[76.3321,18.075],[76.3221,18.0773],[76.3065,18.0969],[76.3038,18.1148],[76.2839,18.1298],[76.2778,18.1402],[76.2829,18.1828],[76.2959,18.1998],[76.2989,18.2146],[76.3032,18.2141],[76.3029,18.2305],[76.2876,18.2333],[76.2842,18.249],[76.312,18.2703],[76.3089,18.2727],[76.3171,18.2825],[76.3193,18.2939],[76.3194,18.3297],[76.286,18.3414],[76.2891,18.3866],[76.2761,18.3809],[76.26,18.3653],[76.2498,18.3758],[76.2175,18.3832],[76.2011,18.3994],[76.2126,18.4009],[76.2267,18.4296],[76.2339,18.434],[76.2401,18.4351],[76.2724,18.4208],[76.2643,18.4646],[76.2732,18.465],[76.2727,18.4686],[76.2561,18.4868],[76.2597,18.4944],[76.2561,18.5196],[76.2588,18.5268],[76.2756,18.5391],[76.2807,18.575],[76.2932,18.576],[76.3123,18.5676],[76.3268,18.5699],[76.3364,18.5638],[76.3529,18.5652],[76.3629,18.5593],[76.3691,18.5461],[76.3885,18.5422],[76.4044,18.549],[76.396,18.5479],[76.3805,18.5675],[76.386,18.5924],[76.4559,18.6323],[76.48,18.6164],[76.4891,18.6163],[76.5088,18.629],[76.5247,18.6552],[76.5356,18.6454],[76.5471,18.6486],[76.5507,18.641],[76.5614,18.6364],[76.5884,18.6647],[76.6137,18.6744],[76.6326,18.6649],[76.6312,18.6615],[76.6434,18.6523],[76.6669,18.6488],[76.6738,18.6532],[76.6661,18.6568],[76.6865,18.6926],[76.7032,18.6926],[76.7209,18.6997],[76.7314,18.6963],[76.7371,18.7005],[76.7278,18.75],[76.7367,18.7553],[76.7463,18.7749],[76.7825,18.7773],[76.7848,18.7942],[76.8172,18.8001],[76.8397,18.8144],[76.8549,18.8074],[76.8607,18.8204],[76.8668,18.8205],[76.8733,18.829],[76.8823,18.8293],[76.8859,18.8355],[76.9078,18.8366],[76.9961,18.8281],[77.0018,18.8166],[77.0088,18.7678],[77.0541,18.7732],[77.0575,18.7665],[77.0577,18.7189],[77.0528,18.7173],[77.0473,18.7037],[77.0472,18.6837],[77.0682,18.6832],[77.0684,18.6871],[77.0813,18.6909],[77.137,18.699],[77.1373,18.7116],[77.1468,18.7129],[77.1577,18.7021],[77.1828,18.7032],[77.195,18.6902],[77.1785,18.6804],[77.1601,18.6811],[77.1565,18.6471],[77.2005,18.648],[77.213,18.6359],[77.2149,18.6255],[77.2713,18.6117],[77.2673,18.5662],[77.2971,18.5481],[77.278,18.5209],[77.2719,18.5225],[77.248,18.4998],[77.2492,18.4918],[77.2526,18.483],[77.265,18.4817],[77.2665,18.4774],[77.3016,18.4775],[77.3014,18.4677],[77.2871,18.4544],[77.2758,18.4506],[77.2572,18.4544],[77.2567,18.4485],[77.2648,18.4422],[77.2682,18.432],[77.2681,18.4205],[77.2619,18.4126]]]}},{"type":"Feature","properties":{"admin_code":"IN-MH-MUMBAI_CITY","name":"Mumbai City","name_local":"मुंबई शहर"},"geometry":{"type":"Polygon","coordinates":[[[72.8798,19.0065],[72.865,19.0014],[72.8446,18.9289],[72.8411,18.9326],[72.8383,18.9286],[72.8403,18.9219],[72.8451,18.9242],[72.8395,18.9202],[72.8339,18.9215],[72.8257,18.9076],[72.8206,18.9093],[72.8172,18.8987],[72.8047,18.8868],[72.8085,18.8939],[72.7917,18.9488],[72.8122,18.9903],[72.8117,19.0166],[72.8173,19.0393],[72.8189,19.0332],[72.8252,19.0319],[72.8354,19.0426],[72.8606,19.0554],[72.8697,19.0525],[72.8783,19.0464],[72.8724,19.0232],[72.8858,19.0134],[72.8842,19.0017],[72.8798,19.0065]]]}},{"type":"Feature","properties":{"admin_code":"IN-MH-MUMBAI_SUBURBAN","name":"Mumbai Suburban","name_local":"मुंबई उपनगर"},"geometry":{"type":"MultiPolygon","coordinates":[[[[72.8015,19.2616],[72.826,19.2453],[72.8365,19.25],[72.8393,19.2645],[72.8572,19.2693],[72.8897,19.2518],[72.9088,19.2474],[72.9126,19.2349],[72.9384,19.2057],[72.9385,19.1904],[72.9723,19.1774],[72.984,19.1567],[72.9689,19.0942],[72.9735,19.0597],[72.962,19.0557],[72.956,19.0292],[72.9105,18.9906],[72.9055,18.9892],[72.8842,19.0017],[72.8858,19.0134],[72.8724,19.0232],[72.8783,19.0464],[72.8697,19.0525],[72.8606,19.0554],[72.8354,19.0426],[72.8285,19.0332],[72.8189,19.0332],[72.8176,19.0437],[72.824,19.0557],[72.8215,19.0767],[72.8267,19.0931],[72.8226,19.1109],[72.8025,19.1442],[72.7943,19.1409],[72.7946,19.131],[72.7867,19.1293],[72.789,19.1482],[72.7815,19.1579],[72.7816,19.1675],[72.7942,19.1715],[72.7969,19.1983],[72.782,19.1936],[72.7858,19.2039],[72.7802,19.2062],[72.7815,19.2155],[72.7759,19.2239],[72.7807,19.2312],[72.7812,19.2597],[72.7846,19.2633],[72.8015,19.2616]]],[[[72.781,19.1363],[72.7824,19.1348],[72.7815,19.1329],[72.781,19.1363]]]]}},{"type":"Feature","properties":{"admin_code":"IN-MH-NAGPUR","name":"Nagpur","name_local":"नागपूर"},"geometry":{"type":"Polygon","coordinates":[[[78.444,21.5027],[78.4571,21.4963],[78.4617,21.5034],[78.4858,21.5051],[78.514,21.5273],[78.5721,21.5147],[78.5708,21.505],[78.5904,21.4859],[78.6042,21.4839],[78.6109,21.4874],[78.6265,21.4766],[78.643,21.4833],[78.6647,21.478],[78.6897,21.4811],[78.6901,21.4771],[78.7018,21.4765],[78.7299,21.4635],[78.7354,21.4705],[78.7446,21.4721],[78.753,21.4966],[78.7521,21.5021],[78.7394,21.4988],[78.7353,21.5047],[78.7585,21.5071],[78.7578,21.4898],[78.7668,21.4889],[78.7701,21.4735],[78.7779,21.4663],[78.7904,21.4883],[78.85,21.4892],[78.8574,21.4949],[78.8857,21.4842],[78.8912,21.4848],[78.8964,21.4975],[78.9017,21.4998],[78.9265,21.4869],[78.9377,21.4867],[78.9466,21.513],[78.9294,21.523],[78.9304,21.5381],[78.9103,21.554],[78.9186,21.5623],[78.9338,21.5595],[78.9343,21.5636],[78.9176,21.5701],[78.9192,21.5915],[78.9463,21.5929],[78.9807,21.6167],[79.0005,21.6179],[79.0156,21.6007],[79.0822,21.6069],[79.0942,21.5985],[79.1102,21.6086],[79.1053,21.6181],[79.1339,21.6273],[79.1472,21.6388],[79.154,21.6598],[79.2261,21.6501],[79.2278,21.6562],[79.2332,21.6569],[79.2346,21.6707],[79.2244,21.6805],[79.2281,21.6998],[79.241,21.7144],[79.2349,21.7231],[79.2711,21.7142],[79.2911,21.6932],[79.3236,21.6852],[79.3547,21.6838],[79.3553,21.6783],[79.4035,21.6751],[79.4222,21.6909],[79.4386,21.6829],[79.4649,21.6868],[79.4839,21.6785],[79.4951,21.6728],[79.5091,21.6342],[79.5181,21.6307],[79.5189,21.6261],[79.5076,21.6192],[79.5047,21.612],[79.5133,21.602],[79.5123,21.5899],[79.546,21.5649],[79.5404,21.5505],[79.5431,21.5439],[79.5146,21.5346],[79.4862,21.5025],[79.4597,21.4612],[79.4497,21.457],[79.4509,21.4355],[79.4608,21.4264],[79.4837,21.4278],[79.492,21.4053],[79.4883,21.3992],[79.5007,21.3981],[79.5268,21.3552],[79.5481,21.3319],[79.5573,21.3308],[79.5564,21.3068],[79.5685,21.2995],[79.5771,21.278],[79.5717,21.2743],[79.5719,21.2476],[79.5615,21.2369],[79.5643,21.2261],[79.5536,21.2067],[79.5599,21.2022],[79.5634,21.1876],[79.5549,21.1726],[79.5622,21.1565],[79.5347,21.1566],[79.529,21.1682],[79.5329,21.175],[79.52,21.1739],[79.502,21.1838],[79.4985,21.1722],[79.5109,21.1632],[79.5066,21.1463],[79.4931,21.1399],[79.5122,21.132],[79.5141,21.1218],[79.5279,21.118],[79.5335,21.096],[79.531,21.0888],[79.5234,21.0882],[79.5299,21.0759],[79.5545,21.0885],[79.5735,21.0678],[79.5784,21.0665],[79.5891,21.0766],[79.6,21.073],[79.638,20.9914],[79.66,20.97],[79.6616,20.9541],[79.652,20.9271],[79.6445,20.9171],[79.617,20.9031],[79.6117,20.8789],[79.6195,20.8653],[79.6016,20.8646],[79.5834,20.843],[79.5693,20.8441],[79.5602,20.8538],[79.5549,20.8487],[79.542,20.8484],[79.5608,20.8035],[79.536,20.7734],[79.5359,20.7405],[79.5061,20.7005],[79.4967,20.6997],[79.492,20.7046],[79.4678,20.675],[79.4353,20.6593],[79.3994,20.6579],[79.3931,20.661],[79.3899,20.6729],[79.3759,20.6779],[79.3641,20.6714],[79.3532,20.6719],[79.3508,20.6658],[79.3578,20.6558],[79.3463,20.6448],[79.3478,20.6346],[79.3222,20.5838],[79.3135,20.5812],[79.2929,20.5893],[79.2251,20.5827],[79.2098,20.598],[79.1959,20.6012],[79.193,20.5967],[79.1867,20.6194],[79.1813,20.6173],[79.1712,20.6251],[79.1708,20.6436],[79.1499,20.6521],[79.1433,20.6764],[79.1074,20.6862],[79.1095,20.6971],[79.1046,20.7127],[79.0926,20.7085],[79.0772,20.7158],[79.0746,20.7242],[79.054,20.7269],[79.0533,20.7348],[79.0202,20.7367],[79.0131,20.7429],[79.0004,20.743],[78.998,20.7544],[78.9742,20.7548],[78.9573,20.7674],[78.9456,20.7675],[78.9426,20.7806],[78.9489,20.7829],[78.9472,20.7945],[78.9285,20.798],[78.916,20.807],[78.9202,20.8136],[78.9154,20.8188],[78.9164,20.8357],[78.8889,20.8423],[78.8842,20.832],[78.8755,20.8273],[78.8645,20.8427],[78.8617,20.8616],[78.8652,20.8719],[78.8416,20.881],[78.8429,20.8912],[78.8326,20.8936],[78.821,20.8794],[78.8102,20.8767],[78.7884,20.8908],[78.779,20.8917],[78.7705,20.8995],[78.7742,20.9082],[78.7664,20.9215],[78.7613,20.9197],[78.7465,20.9359],[78.7499,20.9438],[78.7356,20.9475],[78.7271,20.9724],[78.7314,21.0052],[78.6957,21.0207],[78.6891,21.03],[78.6526,21.0364],[78.6516,21.052],[78.6437,21.06],[78.6349,21.0588],[78.6257,21.0675],[78.616,21.0648],[78.6149,21.0696],[78.6074,21.0698],[78.6112,21.0891],[78.5991,21.0907],[78.597,21.1091],[78.5902,21.1152],[78.5554,21.1184],[78.5262,21.1534],[78.519,21.1756],[78.4787,21.2201],[78.4732,21.2173],[78.4471,21.2346],[78.4199,21.2283],[78.4076,21.238],[78.3534,21.2514],[78.3335,21.2511],[78.3278,21.2567],[78.3268,21.2717],[78.315,21.2692],[78.308,21.2743],[78.3118,21.2945],[78.2955,21.2951],[78.2645,21.3271],[78.2518,21.3291],[78.2528,21.3375],[78.2712,21.344],[78.2765,21.3513],[78.3113,21.3575],[78.3393,21.3731],[78.349,21.3854],[78.3553,21.3805],[78.3675,21.3841],[78.3678,21.3916],[78.3743,21.395],[78.3846,21.3869],[78.3929,21.3901],[78.41,21.3842],[78.4229,21.3915],[78.4237,21.3973],[78.4492,21.4051],[78.4516,21.4159],[78.4445,21.4225],[78.4417,21.4401],[78.445,21.4459],[78.4385,21.4701],[78.4309,21.4802],[78.4355,21.5007],[78.444,21.5027]]]}},{"type":"Feature","properties":{"admin_code":"IN-MH-NANDED","name":"Nanded","name_local":"नांदेड"},"geometry":{"type":"Polygon","coordinates":[[[77.5239,18.3099],[77.5136,18.3093],[77.5143,18.281],[77.4963,18.2685],[77.4844,18.2712],[77.4694,18.2625],[77.4492,18.2726],[77.4488,18.2797],[77.4409,18.2845],[77.4403,18.3089],[77.4317,18.3116],[77.4117,18.302],[77.3626,18.313],[77.3592,18.3209],[77.3818,18.3311],[77.3831,18.3414],[77.3967,18.3429],[77.3966,18.348],[77.4022,18.3499],[77.3956,18.3682],[77.4117,18.3808],[77.414,18.3908],[77.4043,18.4001],[77.3735,18.403],[77.3681,18.432],[77.3734,18.4498],[77.3578,18.4509],[77.3458,18.4325],[77.3364,18.4506],[77.3297,18.451],[77.3292,18.4573],[77.321,18.4559],[77.3169,18.4415],[77.3059,18.4406],[77.2681,18.4205],[77.2682,18.432],[77.2648,18.4422],[77.2567,18.4485],[77.2572,18.4544],[77.2758,18.4506],[77.2871,18.4544],[77.3014,18.4677],[77.3016,18.4775],[77.2665,18.4774],[77.265,18.4817],[77.2526,18.483],[77.2492,18.4918],[77.248,18.4998],[77.2719,18.5225],[77.278,18.5209],[77.2971,18.5481],[77.2673,18.5662],[77.2713,18.6117],[77.2149,18.6255],[77.213,18.6359],[77.2005,18.648],[77.1565,18.6471],[77.1601,18.6811],[77.1785,18.6804],[77.195,18.6902],[77.1828,18.7032],[77.1577,18.7021],[77.1468,18.7129],[77.1373,18.7116],[77.137,18.699],[77.0813,18.6909],[77.0684,18.6871],[77.0682,18.6832],[77.0472,18.6837],[77.0473,18.7037],[77.0528,18.7173],[77.0577,18.7189],[77.0575,18.7665],[77.0541,18.7732],[77.0473,18.7738],[77.0088,18.7678],[77.0018,18.8166],[76.9961,18.8281],[77.0197,18.8437],[77.0135,18.8786],[77.0007,18.8812],[76.9578,18.8751],[76.9588,18.8904],[76.9347,18.901],[76.9517,18.9074],[76.9531,18.9228],[76.9626,18.9329],[76.9738,18.9281],[76.9779,18.9157],[76.9852,18.9147],[76.9942,18.9369],[77.005,18.9302],[77.0269,18.9402],[77.0381,18.9693],[77.0555,18.9889],[77.0561,18.9961],[77.0436,19.0039],[77.0454,19.0308],[77.0663,19.0297],[77.0634,19.0681],[77.0775,19.0848],[77.0856,19.1083],[77.1028,19.1078],[77.1051,19.1039],[77.1054,19.0962],[77.0882,19.0847],[77.0887,19.0722],[77.0979,19.0669],[77.1258,19.079],[77.1424,19.0707],[77.1594,19.0841],[77.1651,19.0941],[77.167,19.1168],[77.1731,19.1227],[77.1784,19.1201],[77.183,19.131],[77.1922,19.1311],[77.1955,19.1444],[77.1956,19.166],[77.1831,19.1656],[77.1795,19.1704],[77.184,19.1938],[77.1789,19.2115],[77.1819,19.2241],[77.1959,19.2368],[77.1962,19.2435],[77.2063,19.2429],[77.2065,19.2526],[77.2235,19.2746],[77.2389,19.2744],[77.2393,19.3105],[77.245,19.3215],[77.2633,19.3143],[77.2808,19.3154],[77.284,19.3256],[77.2988,19.3276],[77.3026,19.3328],[77.3109,19.3307],[77.3145,19.3546],[77.3528,19.3528],[77.3532,19.3464],[77.3651,19.3394],[77.3816,19.3389],[77.3868,19.3416],[77.3903,19.353],[77.4162,19.3661],[77.4204,19.3773],[77.4504,19.3834],[77.4523,19.3897],[77.4379,19.4077],[77.45,19.4243],[77.4531,19.4403],[77.473,19.4374],[77.4782,19.456],[77.491,19.4577],[77.4943,19.467],[77.4886,19.4758],[77.4904,19.4959],[77.4768,19.4889],[77.4709,19.4993],[77.4743,19.5281],[77.4691,19.5434],[77.4695,19.564],[77.4567,19.5627],[77.4546,19.568],[77.4818,19.6006],[77.4604,19.613],[77.4674,19.6153],[77.4713,19.642],[77.4654,19.6462],[77.4707,19.6653],[77.4542,19.6744],[77.4602,19.6826],[77.468,19.6799],[77.4773,19.6834],[77.4855,19.6759],[77.4991,19.6794],[77.5402,19.6693],[77.5432,19.6631],[77.5557,19.6644],[77.5559,19.6531],[77.569,19.651],[77.5809,19.6583],[77.5871,19.652],[77.5976,19.6513],[77.6017,19.645],[77.6081,19.6476],[77.6088,19.6414],[77.6168,19.6388],[77.6166,19.6299],[77.6298,19.625],[77.6301,19.6087],[77.6454,19.6084],[77.6412,19.5881],[77.6499,19.5562],[77.6348,19.5563],[77.6469,19.5482],[77.701,19.5385],[77.7149,19.5262],[77.7343,19.5327],[77.7503,19.5224],[77.7534,19.5103],[77.7398,19.5023],[77.7371,19.4956],[77.7409,19.4837],[77.7262,19.4754],[77.7146,19.4771],[77.7113,19.4679],[77.6997,19.4604],[77.6995,19.4393],[77.7286,19.4345],[77.7435,19.4375],[77.7548,19.4324],[77.7988,19.4511],[77.8054,19.465],[77.8105,19.4636],[77.8203,19.446],[77.8353,19.44],[77.8383,19.4494],[77.8481,19.4565],[77.8281,19.4761],[77.8291,19.481],[77.8476,19.4874],[77.8434,19.5105],[77.8621,19.5202],[77.878,19.5128],[77.8861,19.501],[77.8911,19.5057],[77.8904,19.5195],[77.9079,19.5336],[77.9134,19.5316],[77.9171,19.5158],[77.933,19.5092],[77.942,19.4997],[77.9594,19.5116],[77.9763,19.5067],[77.9745,19.497],[77.9896,19.4783],[77.9876,19.4606],[77.9923,19.4565],[78.0137,19.4661],[78.017,19.4914],[78.0265,19.4981],[78.0684,19.4677],[78.096,19.488],[78.1149,19.492],[78.1194,19.4976],[78.1239,19.5152],[78.1368,19.5318],[78.1205,19.5543],[78.1322,19.5582],[78.148,19.5535],[78.1896,19.568],[78.1862,19.5847],[78.1929,19.5928],[78.1963,19.6189],[78.1796,19.6557],[78.1537,19.6653],[78.1316,19.6678],[78.1229,19.6587],[78.1076,19.6606],[78.0957,19.6459],[78.0904,19.6459],[78.0828,19.6491],[78.0675,19.6688],[78.0569,19.6717],[78.0535,19.6922],[78.0409,19.7009],[78.0198,19.6947],[78.0006,19.6821],[77.989,19.6814],[77.986,19.7],[77.9655,19.707],[77.9538,19.73],[77.9341,19.74],[77.915,19.7304],[77.9,19.7355],[77.8965,19.7262],[77.879,19.7385],[77.8773,19.7451],[77.8618,19.7436],[77.8596,19.7538],[77.8661,19.772],[77.8497,19.8014],[77.8709,19.8245],[77.8768,19.8502],[77.8868,19.8575],[77.896,19.8766],[77.9204,19.8852],[77.9249,19.8923],[77.9401,19.8932],[77.9545,19.9118],[77.9721,19.911],[78.0006,19.9184],[78.0125,19.9148],[78.034,19.9291],[78.0538,19.9313],[78.0638,19.9132],[78.079,19.9012],[78.1036,19.8973],[78.1317,19.9026],[78.1427,19.9159],[78.15,19.9166],[78.2011,19.9033],[78.2533,19.93],[78.2582,19.9264],[78.2602,19.9124],[78.2429,19.8881],[78.2553,19.8736],[78.2813,19.8858],[78.2875,19.9113],[78.303,19.9178],[78.3153,19.9137],[78.2992,19.8506],[78.3442,19.8403],[78.3465,19.8341],[78.3411,19.8198],[78.3444,19.8147],[78.3657,19.8069],[78.3722,19.7957],[78.373,19.7823],[78.3584,19.739],[78.3506,19.7357],[78.3505,19.7149],[78.3279,19.7049],[78.3212,19.6919],[78.2909,19.691],[78.2748,19.6644],[78.2927,19.6558],[78.3161,19.6056],[78.3163,19.5732],[78.3051,19.5683],[78.3017,19.5599],[78.2842,19.5597],[78.3002,19.5388],[78.3046,19.5057],[78.3152,19.488],[78.3141,19.4581],[78.3025,19.4505],[78.2784,19.4555],[78.2571,19.4317],[78.2293,19.4356],[78.2031,19.4091],[78.1872,19.4134],[78.1926,19.3972],[78.1846,19.3547],[78.1921,19.3403],[78.2022,19.3335],[78.1982,19.3047],[78.1882,19.2807],[78.1915,19.2512],[78.1884,19.2434],[78.1547,19.2319],[78.1316,19.2482],[78.1043,19.2472],[78.0871,19.2565],[78.08,19.2483],[78.0624,19.2415],[78.056,19.2435],[78.0505,19.2725],[78.0377,19.2758],[78.023,19.2979],[77.9902,19.3105],[77.9816,19.3226],[77.9535,19.3428],[77.9452,19.344],[77.9168,19.3194],[77.9103,19.3173],[77.8978,19.3226],[77.8926,19.3139],[77.8653,19.3036],[77.8664,19.2856],[77.9052,19.2787],[77.9103,19.2688],[77.905,19.2577],[77.8892,19.2618],[77.8719,19.2568],[77.866,19.2278],[77.851,19.1986],[77.849,19.1898],[77.8629,19.1824],[77.8575,19.1784],[77.8537,19.1569],[77.8422,19.14],[77.8355,19.1373],[77.8497,19.1159],[77.8487,19.0978],[77.8526,19.0918],[77.8331,19.0867],[77.8196,19.1054],[77.8071,19.1036],[77.8057,19.0861],[77.7979,19.0729],[77.8016,19.0531],[77.766,19.0637],[77.7617,19.0303],[77.7697,19.0172],[77.7717,18.9832],[77.7859,18.9782],[77.7916,18.9861],[77.8216,18.9842],[77.8172,18.9514],[77.8319,18.9476],[77.835,18.9521],[77.8583,18.9542],[77.845,18.9133],[77.8613,18.9082],[77.8862,18.9106],[77.8923,18.8872],[77.9033,18.8858],[77.9039,18.87],[77.93,18.8614],[77.9293,18.8563],[77.9371,18.8531],[77.9344,18.8487],[77.9489,18.8445],[77.9473,18.8245],[77.9334,18.8239],[77.9123,18.8317],[77.842,18.8096],[77.8072,18.7315],[77.8057,18.7188],[77.791,18.6966],[77.7909,18.6864],[77.7739,18.6928],[77.7733,18.7038],[77.7621,18.7093],[77.7544,18.7],[77.7539,18.692],[77.7373,18.6782],[77.7325,18.6664],[77.7376,18.6644],[77.7341,18.645],[77.7525,18.6076],[77.7409,18.5572],[77.7324,18.5539],[77.7168,18.5568],[77.6802,18.5437],[77.6619,18.5296],[77.6496,18.5386],[77.6565,18.5519],[77.6531,18.5549],[77.6447,18.5562],[77.6387,18.5475],[77.6333,18.5529],[77.6205,18.551],[77.6175,18.5447],[77.6151,18.55],[77.6015,18.5498],[77.5975,18.5254],[77.6056,18.5243],[77.5912,18.5121],[77.5904,18.5052],[77.5981,18.4962],[77.607,18.4937],[77.6053,18.4766],[77.5973,18.4759],[77.5949,18.4835],[77.5807,18.4861],[77.5748,18.4692],[77.5506,18.468],[77.5539,18.4603],[77.5878,18.4559],[77.5894,18.4478],[77.5643,18.4374],[77.5506,18.4428],[77.5326,18.4428],[77.5303,18.4297],[77.5393,18.4236],[77.5593,18.4202],[77.5534,18.3902],[77.5457,18.3877],[77.5255,18.3671],[77.5236,18.3517],[77.5314,18.3419],[77.5575,18.3337],[77.5711,18.3205],[77.5744,18.3108],[77.5541,18.2939],[77.5239,18.3099]]]}},{"type":"Feature","properties":{"admin_code":"IN-MH-NANDURBAR","name":"Nandurbar","name_local":"नंदुरबार"},"geometry":{"type":"Polygon","coordinates":[[[74.4437,22.025],[74.4422,22.0145],[74.4515,22.0047],[74.4516,22.0008],[74.4434,22.0054],[74.4338,22.0007],[74.4463,21.9696],[74.4576,21.9613],[74.4699,21.964],[74.4911,21.953],[74.4876,21.9456],[74.5133,21.9324],[74.5124,21.921],[74.5253,21.9073],[74.5162,21.8886],[74.5095,21.8198],[74.5012,21.8057],[74.5036,21.7812],[74.5154,21.7623],[74.5104,21.7219],[74.5229,21.7164],[74.5494,21.7175],[74.5586,21.7005],[74.5549,21.6821],[74.5624,21.6784],[74.5819,21.6833],[74.5827,21.6677],[74.5883,21.6627],[74.6612,21.6514],[74.7003,21.6284],[74.7731,21.614],[74.7578,21.576],[74.7601,21.5422],[74.7535,21.5279],[74.7615,21.5173],[74.753,21.4866],[74.7551,21.4765],[74.7337,21.4807],[74.7321,21.473],[74.7276,21.4776],[74.6995,21.471],[74.7029,21.4538],[74.6936,21.4314],[74.6979,21.423],[74.6868,21.403],[74.6638,21.4064],[74.6395,21.4],[74.6095,21.4158],[74.5906,21.4135],[74.5738,21.404],[74.5218,21.43],[74.499,21.4279],[74.4957,21.3924],[74.5015,21.3978],[74.5096,21.3901],[74.4924,21.374],[74.4898,21.3535],[74.4801,21.3536],[74.483,21.3093],[74.4765,21.3064],[74.4776,21.2965],[74.4907,21.2973],[74.4989,21.2907],[74.5,21.2662],[74.4892,21.2568],[74.4928,21.2401],[74.4391,21.2377],[74.4361,21.2437],[74.4422,21.2455],[74.442,21.2499],[74.434,21.2552],[74.4335,21.2635],[74.4097,21.2583],[74.4096,21.2675],[74.3903,21.2584],[74.3561,21.2522],[74.3599,21.2453],[74.3572,21.2336],[74.344,21.2296],[74.3185,21.2343],[74.3155,21.2475],[74.2989,21.2396],[74.2858,21.2393],[74.2583,21.2588],[74.255,21.2493],[74.2233,21.2414],[74.2126,21.2227],[74.1852,21.2209],[74.1817,21.2094],[74.1622,21.2166],[74.1643,21.2268],[74.1577,21.2324],[74.1566,21.2251],[74.1501,21.226],[74.1436,21.2201],[74.1502,21.2128],[74.1471,21.2092],[74.1215,21.2144],[74.1155,21.2118],[74.0592,21.1718],[74.0827,21.1455],[74.0841,21.1369],[74.0705,21.1279],[74.0521,21.128],[74.0528,21.1385],[74.0418,21.1449],[74.0207,21.1445],[74.0201,21.1359],[74.0137,21.1315],[74.0183,21.1034],[74.0116,21.1006],[74.004,21.1202],[73.9766,21.1116],[73.9746,21.1028],[73.9524,21.0865],[73.9584,21.073],[73.9518,21.0608],[73.9612,21.0448],[73.9557,21.0323],[73.936,21.039],[73.9156,21.0362],[73.9103,21.0409],[73.909,21.0362],[73.8849,21.0287],[73.8575,21.0305],[73.852,20.9973],[73.815,21.0256],[73.7973,21.0456],[73.8136,21.0604],[73.8124,21.0843],[73.7928,21.0679],[73.7765,21.0715],[73.7649,21.0679],[73.7349,21.0846],[73.7335,21.0945],[73.7471,21.1138],[73.7333,21.101],[73.7091,21.1069],[73.7033,21.1121],[73.705,21.1187],[73.6877,21.1007],[73.6731,21.109],[73.6541,21.1081],[73.6519,21.1208],[73.6228,21.12],[73.6177,21.1378],[73.6232,21.1414],[73.6083,21.1468],[73.6055,21.1543],[73.5828,21.154],[73.5823,21.1677],[73.601,21.1783],[73.6073,21.1759],[73.6138,21.1577],[73.6316,21.1529],[73.6305,21.1325],[73.6756,21.1518],[73.7076,21.1502],[73.7115,21.1414],[73.7312,21.138],[73.7425,21.1512],[73.7353,21.16],[73.7362,21.1668],[73.7783,21.1647],[73.791,21.1813],[73.8069,21.1716],[73.8174,21.1715],[73.8308,21.1947],[73.8162,21.1949],[73.8136,21.2034],[73.815,21.2214],[73.8313,21.2418],[73.8271,21.267],[73.8534,21.2694],[73.8871,21.2618],[73.9439,21.2969],[73.9525,21.3438],[73.9483,21.4017],[73.9642,21.3913],[74.0115,21.4172],[74.0443,21.4186],[74.0631,21.4811],[74.0722,21.4714],[74.0741,21.457],[74.0998,21.453],[74.105,21.4471],[74.1185,21.4498],[74.1194,21.4608],[74.125,21.4626],[74.1369,21.4616],[74.1408,21.4538],[74.1526,21.4522],[74.1657,21.4622],[74.1746,21.4599],[74.1818,21.466],[74.1972,21.4587],[74.219,21.458],[74.2195,21.4745],[74.2255,21.4786],[74.2352,21.4774],[74.2408,21.4639],[74.2597,21.4647],[74.2649,21.4737],[74.3026,21.4783],[74.3101,21.4885],[74.3245,21.4946],[74.3324,21.5391],[74.3126,21.542],[74.3068,21.5662],[74.3003,21.5587],[74.2821,21.5538],[74.2667,21.5345],[74.2515,21.5354],[74.2357,21.5492],[74.2291,21.5467],[74.2243,21.5372],[74.2017,21.5282],[74.1961,21.53],[74.1793,21.5605],[74.1593,21.5586],[74.1519,21.5511],[74.1421,21.5494],[74.1314,21.5559],[74.0652,21.5586],[74.0431,21.5488],[74.0202,21.5514],[74.0011,21.5399],[73.9793,21.5412],[73.9833,21.5216],[73.9702,21.5233],[73.962,21.5383],[73.9529,21.5157],[73.935,21.5094],[73.9293,21.5228],[73.906,21.5195],[73.9055,21.5126],[73.8991,21.508],[73.882,21.504],[73.878,21.5091],[73.8722,21.5005],[73.8561,21.4952],[73.8403,21.5209],[73.8185,21.6],[73.8021,21.6017],[73.7828,21.6244],[73.7954,21.634],[73.8244,21.6391],[73.8406,21.6325],[73.8557,21.6411],[73.8658,21.6381],[73.8812,21.6443],[73.8937,21.6665],[73.892,21.6995],[73.8859,21.7099],[73.8419,21.7413],[73.8267,21.7622],[73.8368,21.7679],[73.8339,21.7834],[73.8406,21.7899],[73.8312,21.7927],[73.8345,21.7994],[73.8241,21.8084],[73.8126,21.8059],[73.8156,21.7981],[73.8077,21.8014],[73.8134,21.8086],[73.8087,21.8089],[73.8064,21.8235],[73.8114,21.8288],[73.8372,21.8377],[73.8754,21.8378],[73.8954,21.8536],[73.9179,21.8557],[74.0193,21.905],[74.043,21.9218],[74.1349,21.9522],[74.1537,21.9516],[74.1717,21.9415],[74.1839,21.9279],[74.1975,21.9244],[74.2868,21.9345],[74.3016,21.9678],[74.352,21.9778],[74.3718,21.9955],[74.3858,22.0187],[74.435,22.0275],[74.4437,22.025]]]}},{"type":"Feature","properties":{"admin_code":"IN-MH-NASHIK","name":"Nashik","name_local":"नाशिक"},"geometry":{"type":"Polygon","coordinates":[[[73.4903,20.6817],[73.4805,20.6757],[73.4915,20.6536],[73.5079,20.6664],[73.522,20.6603],[73.5425,20.6623],[73.5563,20.6475],[73.5681,20.651],[73.5846,20.6452],[73.6195,20.6211],[73.6303,20.5794],[73.6445,20.5764],[73.6595,20.5628],[73.6948,20.5784],[73.7311,20.5742],[73.7421,20.5673],[73.7803,20.6011],[73.7965,20.6057],[73.8001,20.6014],[73.8407,20.6233],[73.8397,20.6669],[73.8358,20.6749],[73.8197,20.6734],[73.817,20.6936],[73.8371,20.7019],[73.858,20.6941],[73.8801,20.7293],[73.8984,20.7303],[73.9034,20.7249],[73.9156,20.7232],[73.9443,20.742],[73.94,20.7489],[73.942,20.7604],[73.9331,20.7604],[73.935,20.8085],[73.9425,20.8247],[73.94,20.8397],[73.9641,20.8429],[73.9692,20.8519],[74.0011,20.8362],[74.0226,20.8363],[74.0193,20.8452],[74.0267,20.8514],[74.0382,20.8379],[74.0489,20.8362],[74.0617,20.8488],[74.0709,20.8448],[74.076,20.8501],[74.0984,20.8417],[74.1038,20.8457],[74.1022,20.8548],[74.1272,20.8656],[74.1458,20.8527],[74.159,20.8528],[74.1607,20.8628],[74.1687,20.8634],[74.1953,20.855],[74.203,20.8601],[74.2227,20.8587],[74.2365,20.8502],[74.2551,20.859],[74.2662,20.8511],[74.2919,20.8558],[74.3168,20.8426],[74.3273,20.8485],[74.3371,20.8389],[74.3405,20.8519],[74.3497,20.8485],[74.3498,20.8597],[74.3583,20.8574],[74.3593,20.8435],[74.3863,20.8409],[74.3863,20.8538],[74.3978,20.8599],[74.398,20.8496],[74.4063,20.8363],[74.3902,20.8402],[74.3887,20.8352],[74.4231,20.8059],[74.439,20.8019],[74.4512,20.8023],[74.4571,20.813],[74.4664,20.8141],[74.4794,20.8318],[74.4842,20.8288],[74.4855,20.8185],[74.508,20.8181],[74.5133,20.8085],[74.5291,20.8182],[74.5405,20.8351],[74.5494,20.8275],[74.5686,20.8237],[74.5736,20.8333],[74.5834,20.8146],[74.6136,20.8062],[74.6381,20.782],[74.666,20.7748],[74.6628,20.7605],[74.656,20.7578],[74.6622,20.7371],[74.6518,20.6955],[74.7111,20.6898],[74.7242,20.6798],[74.7318,20.6803],[74.7391,20.6682],[74.7505,20.6716],[74.7511,20.6649],[74.765,20.6674],[74.7696,20.6622],[74.7752,20.6662],[74.8066,20.6572],[74.8044,20.6368],[74.8159,20.6343],[74.8114,20.5875],[74.8031,20.5891],[74.7964,20.576],[74.8003,20.5487],[74.7967,20.5401],[74.7629,20.5392],[74.7755,20.5051],[74.7849,20.5082],[74.7872,20.5007],[74.7745,20.4712],[74.7855,20.4704],[74.7967,20.4772],[74.8072,20.4453],[74.8196,20.441],[74.8205,20.4297],[74.8388,20.418],[74.843,20.4105],[74.8296,20.4031],[74.8517,20.3833],[74.862,20.3353],[74.8686,20.3357],[74.8676,20.3168],[74.8599,20.3138],[74.8607,20.2824],[74.8711,20.2776],[74.9099,20.2734],[74.9191,20.2782],[74.9388,20.2723],[74.9352,20.2473],[74.9093,20.244],[74.9121,20.2163],[74.9324,20.2143],[74.9331,20.1819],[74.9278,20.1786],[74.9263,20.1644],[74.9315,20.1531],[74.9119,20.1533],[74.9076,20.1663],[74.8991,20.1701],[74.9,20.1774],[74.8571,20.1777],[74.8543,20.2091],[74.8596,20.2277],[74.8314,20.2342],[74.8298,20.2436],[74.8174,20.2448],[74.8044,20.2349],[74.7848,20.231],[74.7856,20.226],[74.8051,20.2317],[74.7853,20.2046],[74.7609,20.2001],[74.7651,20.1834],[74.7427,20.1865],[74.7395,20.1953],[74.725,20.1909],[74.7162,20.1681],[74.7198,20.1608],[74.7164,20.1357],[74.7115,20.1343],[74.7063,20.1152],[74.7314,20.112],[74.7392,20.0829],[74.7118,20.079],[74.7239,20.0554],[74.7113,20.0409],[74.7212,20.0218],[74.7191,20.0179],[74.7019,20.0188],[74.6929,20.007],[74.6939,19.997],[74.6863,19.9898],[74.6903,19.9718],[74.6762,19.9637],[74.6743,19.9473],[74.5745,19.9552],[74.5591,19.9681],[74.5325,19.976],[74.5232,19.9759],[74.5215,19.969],[74.5126,19.9736],[74.4984,19.9701],[74.497,19.9641],[74.4812,19.9669],[74.4864,19.9805],[74.4702,19.9883],[74.4592,19.9866],[74.4465,19.9748],[74.387,19.9811],[74.3793,19.9723],[74.3677,19.9747],[74.3669,19.9661],[74.3525,19.9669],[74.3488,19.9844],[74.3208,19.986],[74.3205,19.9792],[74.3106,19.9676],[74.291,19.9874],[74.2845,19.9595],[74.2527,19.9647],[74.2512,19.9374],[74.2739,19.9336],[74.2788,19.9088],[74.3393,19.8866],[74.3419,19.874],[74.3657,19.8712],[74.3648,19.8367],[74.3731,19.8364],[74.3722,19.8155],[74.3791,19.8065],[74.3348,19.7997],[74.3295,19.7953],[74.3272,19.7742],[74.3201,19.768],[74.2793,19.779],[74.2677,19.7609],[74.247,19.7446],[74.2239,19.7376],[74.1904,19.7376],[74.1687,19.7287],[74.1546,19.6912],[74.1518,19.6884],[74.137,19.6956],[74.1447,19.6739],[74.1284,19.6592],[74.1225,19.6444],[74.1086,19.6435],[74.1022,19.6476],[74.0978,19.6404],[74.0717,19.6607],[74.0204,19.673],[73.9924,19.6707],[73.9813,19.677],[73.9405,19.6735],[73.9167,19.6823],[73.9072,19.6969],[73.9135,19.6995],[73.9137,19.7057],[73.8977,19.7197],[73.9026,19.7472],[73.8923,19.7532],[73.8843,19.7425],[73.8709,19.7431],[73.8688,19.7502],[73.8439,19.7416],[73.8365,19.7181],[73.8204,19.7092],[73.8146,19.6863],[73.8097,19.6851],[73.8071,19.6902],[73.7962,19.6883],[73.807,19.6792],[73.7982,19.6768],[73.7848,19.6614],[73.7824,19.651],[73.7949,19.6465],[73.7804,19.643],[73.7757,19.6304],[73.7717,19.6339],[73.7495,19.6242],[73.7234,19.62],[73.7139,19.6146],[73.7107,19.6003],[73.6899,19.5959],[73.6843,19.5896],[73.6647,19.5869],[73.6395,19.5981],[73.6213,19.5877],[73.5967,19.6006],[73.5807,19.6009],[73.5876,19.6093],[73.5775,19.6169],[73.5671,19.6172],[73.5648,19.643],[73.5527,19.6509],[73.5214,19.7024],[73.4924,19.7152],[73.4918,19.7207],[73.5082,19.7304],[73.5047,19.7323],[73.5021,19.7593],[73.4631,19.7601],[73.4519,19.7679],[73.4449,19.7846],[73.4439,19.8261],[73.4238,19.836],[73.4191,19.8432],[73.4195,19.8648],[73.4364,19.8736],[73.4248,19.9163],[73.4414,19.9352],[73.4431,19.9549],[73.456,19.9597],[73.4496,19.9667],[73.4536,19.9826],[73.4378,19.981],[73.4273,19.9852],[73.407,20.0175],[73.3919,20.0202],[73.3876,20.014],[73.3785,20.0261],[73.3742,20.0153],[73.3656,20.0216],[73.3645,20.0357],[73.3347,20.0403],[73.317,20.0501],[73.3123,20.0579],[73.3038,20.0515],[73.2938,20.0607],[73.2924,20.0504],[73.2869,20.0512],[73.2857,20.0453],[73.2797,20.0472],[73.2667,20.0614],[73.2696,20.0723],[73.2643,20.0745],[73.2748,20.0841],[73.2731,20.1056],[73.2584,20.1112],[73.251,20.1214],[73.2601,20.14],[73.2854,20.1545],[73.2824,20.1751],[73.2859,20.1945],[73.303,20.2078],[73.3449,20.199],[73.3539,20.2125],[73.3596,20.2139],[73.3569,20.2016],[73.3664,20.1932],[73.3685,20.2059],[73.3758,20.2029],[73.3875,20.2097],[73.3903,20.1965],[73.395,20.1955],[73.4014,20.201],[73.4192,20.2021],[73.4223,20.2067],[73.4128,20.2575],[73.417,20.2773],[73.4294,20.2826],[73.4186,20.3164],[73.4159,20.3525],[73.4072,20.382],[73.4001,20.3843],[73.3839,20.3733],[73.3837,20.3906],[73.3879,20.3984],[73.4001,20.3967],[73.4013,20.4046],[73.4083,20.4066],[73.4088,20.4111],[73.4223,20.4148],[73.4234,20.4292],[73.4417,20.467],[73.4688,20.4953],[73.4651,20.5143],[73.4937,20.5405],[73.4747,20.5436],[73.4788,20.5643],[73.4738,20.5838],[73.4303,20.5978],[73.4236,20.6208],[73.4087,20.6265],[73.4107,20.6308],[73.3954,20.6429],[73.3943,20.6495],[73.412,20.6608],[73.4328,20.6651],[73.4365,20.6782],[73.4458,20.6832],[73.4495,20.6936],[73.4403,20.7013],[73.4517,20.7145],[73.4683,20.7218],[73.4903,20.6817]]]}},{"type":"Feature","properties":{"admin_code":"IN-MH-OSMANABAD","name":"Osmanabad","name_local":"उस्मानाबाद"},"geometry":{"type":"Polygon","coordinates":[[[76.7399,17.8595],[76.7571,17.859],[76.7683,17.8532],[76.7908,17.829],[76.7789,17.8019],[76.7689,17.7992],[76.7653,17.7896],[76.7514,17.7889],[76.7419,17.7816],[76.7271,17.7876],[76.7181,17.7844],[76.7152,17.7739],[76.7234,17.7701],[76.7204,17.7504],[76.7244,17.7506],[76.7301,17.7396],[76.7005,17.7286],[76.7058,17.7212],[76.7032,17.7098],[76.6933,17.7045],[76.6955,17.6963],[76.6906,17.6811],[76.6805,17.6899],[76.6655,17.6904],[76.6575,17.7189],[76.6329,17.7315],[76.6291,17.7584],[76.6166,17.7707],[76.6062,17.7582],[76.5954,17.72],[76.5891,17.7104],[76.5781,17.7054],[76.5715,17.7062],[76.5666,17.756],[76.5754,17.7624],[76.5618,17.7655],[76.5256,17.7612],[76.5256,17.7176],[76.4882,17.7159],[76.4865,17.6721],[76.4911,17.6631],[76.4541,17.658],[76.4533,17.6539],[76.4426,17.6518],[76.4445,17.6443],[76.413,17.6493],[76.4056,17.658],[76.3821,17.6604],[76.3801,17.6864],[76.3624,17.6875],[76.3569,17.697],[76.32,17.6979],[76.317,17.7163],[76.3,17.7298],[76.2722,17.7283],[76.2521,17.7086],[76.2416,17.7059],[76.2404,17.6987],[76.2267,17.6988],[76.2209,17.6913],[76.2011,17.6893],[76.1907,17.6832],[76.1672,17.6936],[76.1671,17.7008],[76.1504,17.6998],[76.1458,17.7095],[76.155,17.7336],[76.149,17.7336],[76.1463,17.7551],[76.1232,17.7698],[76.1195,17.764],[76.1169,17.7698],[76.1008,17.7621],[76.1039,17.7733],[76.0972,17.7794],[76.057,17.7661],[76.0284,17.7667],[76.0071,17.7509],[76.0053,17.7701],[76.008,17.7857],[76.0131,17.788],[76.0103,17.8035],[76.0177,17.8152],[76.0193,17.8298],[75.9788,17.8431],[75.9773,17.8207],[75.9692,17.8195],[75.9405,17.8525],[75.9332,17.8514],[75.9265,17.8342],[75.9204,17.8333],[75.8771,17.8468],[75.8589,17.8646],[75.8462,17.8927],[75.8523,17.9207],[75.8482,17.9295],[75.8396,17.9302],[75.8411,17.9587],[75.8474,17.979],[75.8403,17.9792],[75.8529,18.0072],[75.8705,18.014],[75.9008,18.0074],[75.9116,17.9991],[75.9137,17.9791],[75.9192,17.9749],[75.9619,17.9804],[75.9766,17.9714],[75.9847,17.9758],[75.9865,17.9908],[75.9992,17.9952],[76.0043,18.0177],[76.017,18.0403],[76.0128,18.0509],[76.0044,18.0498],[75.9927,18.0625],[75.9937,18.0714],[76.0008,18.0731],[75.9937,18.0944],[75.9625,18.0905],[75.9432,18.1241],[75.9612,18.1597],[75.9492,18.1828],[75.9487,18.1992],[75.9399,18.2128],[75.9489,18.2392],[75.9281,18.2615],[75.9306,18.2734],[75.9252,18.303],[75.9054,18.3257],[75.8879,18.3643],[75.8768,18.3683],[75.8524,18.3653],[75.8254,18.3813],[75.7997,18.3848],[75.7749,18.4126],[75.7646,18.4407],[75.7293,18.4348],[75.7096,18.3968],[75.7289,18.3869],[75.7328,18.3612],[75.7232,18.3494],[75.721,18.3384],[75.7047,18.3394],[75.6906,18.325],[75.6526,18.3312],[75.6198,18.2751],[75.6344,18.2651],[75.6337,18.2486],[75.5875,18.2464],[75.5757,18.2408],[75.5633,18.2088],[75.5554,18.2019],[75.5479,18.1644],[75.5517,18.1457],[75.5342,18.1352],[75.5218,18.1425],[75.509,18.1603],[75.492,18.1571],[75.492,18.1748],[75.471,18.1754],[75.4662,18.162],[75.4538,18.1723],[75.4311,18.1787],[75.4396,18.2089],[75.4286,18.2203],[75.4252,18.2419],[75.4334,18.2543],[75.4331,18.2624],[75.3978,18.2659],[75.4021,18.2982],[75.3951,18.3087],[75.4085,18.3248],[75.3905,18.3296],[75.3811,18.3465],[75.3645,18.3605],[75.3612,18.3708],[75.3407,18.3815],[75.335,18.3913],[75.3286,18.388],[75.3197,18.3974],[75.3077,18.3929],[75.2997,18.4031],[75.2861,18.4086],[75.3047,18.4351],[75.2997,18.4528],[75.302,18.5039],[75.318,18.5216],[75.3365,18.5256],[75.3364,18.5393],[75.3468,18.5624],[75.395,18.547],[75.42,18.5338],[75.4234,18.536],[75.4402,18.5531],[75.4533,18.5895],[75.457,18.5956],[75.4635,18.5945],[75.4687,18.6075],[75.4828,18.613],[75.4918,18.6269],[75.5085,18.6225],[75.5267,18.6392],[75.5522,18.6447],[75.5548,18.6566],[75.5451,18.6596],[75.5495,18.683],[75.5897,18.6884],[75.5882,18.6978],[75.6092,18.6869],[75.6221,18.662],[75.6544,18.6477],[75.6673,18.6507],[75.6737,18.6911],[75.691,18.6913],[75.7317,18.6761],[75.7536,18.6811],[75.7684,18.6713],[75.7772,18.6736],[75.7837,18.6627],[75.7972,18.6565],[75.8022,18.674],[75.8119,18.6744],[75.8472,18.6599],[75.8597,18.6623],[75.8614,18.6511],[75.917,18.651],[75.9421,18.6459],[75.9503,18.6376],[75.9457,18.6206],[75.9506,18.6092],[75.9588,18.6079],[75.9947,18.6208],[75.9996,18.6146],[75.9873,18.5964],[75.9915,18.5911],[76.0008,18.586],[76.0069,18.5891],[76.0056,18.6037],[76.0111,18.6073],[76.0291,18.6025],[76.0506,18.5768],[76.0589,18.5741],[76.0772,18.5767],[76.0995,18.5885],[76.1522,18.5838],[76.1598,18.5588],[76.1685,18.5642],[76.1666,18.5775],[76.1717,18.5858],[76.1998,18.5835],[76.2035,18.5786],[76.2173,18.5767],[76.2551,18.5776],[76.2554,18.5669],[76.2777,18.5577],[76.2756,18.5391],[76.2588,18.5268],[76.2561,18.5196],[76.2597,18.4944],[76.2561,18.4868],[76.2727,18.4686],[76.2732,18.465],[76.2643,18.4646],[76.2724,18.4208],[76.2401,18.4351],[76.2339,18.434],[76.2267,18.4296],[76.2126,18.4009],[76.2011,18.3994],[76.2175,18.3832],[76.2498,18.3758],[76.26,18.3653],[76.2761,18.3809],[76.2891,18.3866],[76.286,18.3414],[76.3194,18.3297],[76.3193,18.2939],[76.3171,18.2825],[76.3089,18.2727],[76.312,18.2703],[76.2842,18.249],[76.2876,18.2333],[76.3029,18.2305],[76.3032,18.2141],[76.2989,18.2146],[76.2959,18.1998],[76.2829,18.1828],[76.2778,18.1402],[76.2839,18.1298],[76.3038,18.1148],[76.3092,18.0918],[76.3221,18.0773],[76.3321,18.075],[76.3825,18.0901],[76.3993,18.0674],[76.4001,18.0538],[76.4196,18.0425],[76.4292,18.0311],[76.4425,18.0337],[76.5333,18.0218],[76.5483,18.0249],[76.5692,18.0402],[76.5785,18.0375],[76.5828,18.0409],[76.5974,18.0336],[76.6131,18.0386],[76.6081,18.0112],[76.6262,18.0006],[76.6775,17.9976],[76.6861,17.9883],[76.6903,17.9712],[76.6747,17.9677],[76.6766,17.9537],[76.6826,17.947],[76.6763,17.9227],[76.7251,17.9186],[76.7365,17.9119],[76.7431,17.9004],[76.7399,17.8595]]]}},{"type":"Feature","properties":{"admin_code":"IN-MH-PALGHAR","name":"Palghar","name_local":"पालघर"},"geometry":{"type":"MultiPolygon","coordinates":[[[[72.7354,19.4544],[72.7312,19.4547],[72.7225,19.4668],[72.7261,19.474],[72.7351,19.4675],[72.7354,19.4544]]],[[[73.2182,20.1233],[73.2219,20.1385],[73.227,20.1417],[73.2296,20.1289],[73.2452,20.1292],[73.2551,20.1136],[73.2731,20.1056],[73.2748,20.0841],[73.2643,20.0745],[73.2696,20.0723],[73.2667,20.0614],[73.2797,20.0472],[73.2857,20.0453],[73.2869,20.0512],[73.2924,20.0504],[73.2938,20.0607],[73.3038,20.0515],[73.3123,20.0579],[73.317,20.0501],[73.3347,20.0403],[73.3645,20.0357],[73.3656,20.0216],[73.3742,20.0153],[73.3785,20.0261],[73.3876,20.014],[73.3919,20.0202],[73.407,20.0175],[73.4273,19.9852],[73.4378,19.981],[73.4536,19.9826],[73.4496,19.9667],[73.456,19.9597],[73.4431,19.9549],[73.4414,19.9352],[73.4248,19.9163],[73.4364,19.8736],[73.4195,19.8648],[73.4191,19.8432],[73.4238,19.836],[73.4439,19.8261],[73.4449,19.7846],[73.4519,19.7679],[73.4631,19.7601],[73.5021,19.7593],[73.5047,19.7323],[73.5082,19.7304],[73.4918,19.7207],[73.4949,19.7128],[73.5076,19.7075],[73.5009,19.7049],[73.4971,19.7093],[73.4954,19.703],[73.4876,19.7055],[73.4848,19.7019],[73.4783,19.7064],[73.4744,19.7001],[73.4653,19.7031],[73.4579,19.695],[73.4491,19.698],[73.4456,19.6905],[73.4245,19.6956],[73.426,19.6864],[73.4025,19.6888],[73.3918,19.6831],[73.385,19.6847],[73.3817,19.6776],[73.369,19.6774],[73.3696,19.6681],[73.3545,19.6624],[73.3504,19.6665],[73.3549,19.6759],[73.3431,19.6818],[73.3352,19.681],[73.3344,19.6762],[73.3237,19.6765],[73.3143,19.6677],[73.3144,19.6599],[73.2885,19.6772],[73.2729,19.6813],[73.2692,19.6587],[73.2587,19.6456],[73.2713,19.6069],[73.2436,19.6129],[73.2361,19.6049],[73.2341,19.5943],[73.2163,19.598],[73.213,19.5879],[73.1802,19.5816],[73.1902,19.5468],[73.1975,19.5387],[73.1916,19.5302],[73.1814,19.528],[73.1514,19.4963],[73.1227,19.4895],[73.1188,19.4839],[73.1207,19.4665],[73.109,19.4618],[73.0942,19.4654],[73.0721,19.4503],[73.0578,19.4513],[73.0305,19.4752],[73.0197,19.47],[73.0074,19.488],[72.9948,19.4852],[72.9945,19.4742],[72.9818,19.4665],[72.9869,19.4579],[72.9848,19.4443],[73.007,19.4283],[73.0081,19.4209],[72.9947,19.3999],[72.9825,19.3943],[72.9667,19.3727],[72.9476,19.3705],[72.9508,19.3577],[72.937,19.3458],[72.9377,19.326],[72.9334,19.3156],[72.9394,19.2876],[72.8979,19.2883],[72.8672,19.3128],[72.8524,19.3187],[72.8335,19.3145],[72.8259,19.3333],[72.8135,19.3257],[72.803,19.3276],[72.7752,19.3513],[72.7577,19.3754],[72.7603,19.3902],[72.7657,19.3929],[72.7614,19.3959],[72.7595,19.4174],[72.7442,19.4584],[72.7437,19.5109],[72.7371,19.5278],[72.7249,19.5317],[72.7257,19.5365],[72.7188,19.5373],[72.7164,19.5446],[72.7207,19.5552],[72.7149,19.5584],[72.7188,19.5635],[72.7098,19.598],[72.7293,19.5963],[72.7298,19.6088],[72.7135,19.6412],[72.711,19.6674],[72.7047,19.6755],[72.7089,19.7073],[72.6846,19.7467],[72.6885,19.7899],[72.6848,19.8012],[72.6655,19.8188],[72.6646,19.8257],[72.656,19.826],[72.6505,19.8408],[72.6546,19.8425],[72.6493,19.8541],[72.652,19.8601],[72.6614,19.8533],[72.678,19.8642],[72.6809,19.8815],[72.6739,19.9033],[72.675,19.9176],[72.6615,19.9282],[72.6612,19.9372],[72.6667,19.9392],[72.668,19.9462],[72.6739,19.9435],[72.6801,19.9477],[72.6817,19.9624],[72.6906,19.9642],[72.6885,19.9726],[72.6988,19.9637],[72.7045,19.9737],[72.7147,19.9697],[72.7197,19.9829],[72.7137,20.0436],[72.7015,20.0681],[72.7048,20.0824],[72.7257,20.1127],[72.7278,20.1295],[72.7373,20.136],[72.7915,20.1264],[72.7949,20.1284],[72.7918,20.1498],[72.8056,20.1546],[72.8252,20.1459],[72.8187,20.1579],[72.8254,20.1889],[72.8396,20.1905],[72.8341,20.199],[72.8361,20.2048],[72.8451,20.2103],[72.8621,20.2095],[72.862,20.2238],[72.8745,20.2278],[72.8901,20.2228],[72.8956,20.2274],[72.9188,20.2245],[72.9609,20.2134],[72.9667,20.1811],[72.9765,20.1776],[72.9772,20.1724],[72.9764,20.1586],[72.9642,20.1315],[72.9797,20.1143],[72.9948,20.119],[73.0011,20.1413],[73.0081,20.136],[73.0007,20.1115],[73.0101,20.1061],[73.0224,20.0855],[73.0435,20.0687],[73.0499,20.0689],[73.0514,20.1001],[73.0893,20.0946],[73.1085,20.0797],[73.1187,20.0791],[73.1306,20.0852],[73.1355,20.0787],[73.1544,20.074],[73.1726,20.0526],[73.1771,20.0537],[73.1902,20.0631],[73.1893,20.0786],[73.2032,20.0863],[73.2105,20.0983],[73.2077,20.1228],[73.2182,20.1233]]]]}},{"type":"Feature","properties":{"admin_code":"IN-MH-PARBHANI","name":"Parbhani","name_local":"परभणी"},"geometry":{"type":"Polygon","coordinates":[[[76.8859,18.8355],[76.8851,18.831],[76.8607,18.8204],[76.8549,18.8074],[76.8397,18.8144],[76.8172,18.8001],[76.7848,18.7942],[76.7825,18.7773],[76.7463,18.7749],[76.7314,18.7506],[76.6826,18.7576],[76.6764,18.7684],[76.6835,18.7804],[76.668,18.8197],[76.6489,18.8226],[76.6426,18.8458],[76.6288,18.8544],[76.6237,18.8698],[76.5936,18.8707],[76.5889,18.8749],[76.5853,18.8833],[76.5894,18.9183],[76.5847,18.9455],[76.5404,18.9501],[76.5347,18.9241],[76.5376,18.9179],[76.5236,18.9179],[76.5113,18.928],[76.5019,18.9517],[76.4796,18.9571],[76.4808,18.9752],[76.4727,18.9771],[76.4719,18.9825],[76.4798,18.9913],[76.4797,19.0014],[76.4571,19.0083],[76.4569,19.0205],[76.4504,19.024],[76.4501,19.0341],[76.4429,19.0389],[76.442,19.0452],[76.4526,19.0517],[76.4366,19.0722],[76.438,19.0963],[76.4302,19.0998],[76.4204,19.0922],[76.4126,19.0932],[76.3947,19.1126],[76.3901,19.1262],[76.3775,19.1331],[76.3491,19.0994],[76.3255,19.1077],[76.3218,19.1148],[76.3291,19.1185],[76.3347,19.1362],[76.3617,19.1528],[76.3539,19.1665],[76.3589,19.1775],[76.3528,19.1906],[76.3654,19.2118],[76.3643,19.2378],[76.3426,19.2526],[76.3281,19.2534],[76.3136,19.2628],[76.2811,19.2616],[76.2699,19.2566],[76.2567,19.2406],[76.2274,19.242],[76.2293,19.2558],[76.216,19.2599],[76.2101,19.2782],[76.2225,19.2944],[76.211,19.2989],[76.2141,19.3189],[76.2359,19.314],[76.2427,19.3385],[76.2658,19.3343],[76.2805,19.3448],[76.2815,19.3495],[76.2625,19.3579],[76.2683,19.3667],[76.2861,19.367],[76.2931,19.3966],[76.2869,19.3975],[76.2917,19.4327],[76.3043,19.4326],[76.3161,19.4647],[76.3284,19.4566],[76.3421,19.4546],[76.3457,19.4706],[76.3663,19.469],[76.378,19.5003],[76.3732,19.5051],[76.3734,19.516],[76.3794,19.5368],[76.3966,19.5314],[76.3969,19.5413],[76.4137,19.5383],[76.414,19.5327],[76.4433,19.5414],[76.4493,19.5834],[76.438,19.5863],[76.4391,19.6005],[76.4346,19.6022],[76.4433,19.6124],[76.4529,19.6127],[76.4538,19.6413],[76.445,19.6417],[76.4508,19.6603],[76.4544,19.6672],[76.467,19.6679],[76.4722,19.6792],[76.4887,19.6776],[76.486,19.7205],[76.4595,19.7235],[76.4608,19.7472],[76.4865,19.7438],[76.4946,19.7609],[76.5116,19.7629],[76.5136,19.7707],[76.4907,19.7789],[76.4846,19.7935],[76.4869,19.8003],[76.5125,19.8009],[76.5157,19.8078],[76.5108,19.8184],[76.5165,19.8263],[76.5129,19.8303],[76.5266,19.8239],[76.5582,19.8228],[76.5655,19.8181],[76.5804,19.8229],[76.5999,19.821],[76.6084,19.8082],[76.6049,19.7949],[76.6149,19.7878],[76.6018,19.7741],[76.6128,19.7698],[76.6359,19.7986],[76.6527,19.771],[76.6768,19.7705],[76.6932,19.7643],[76.702,19.7528],[76.7078,19.7545],[76.7189,19.7716],[76.7255,19.7721],[76.7315,19.7583],[76.7308,19.7374],[76.7454,19.7301],[76.7418,19.7128],[76.7521,19.7053],[76.7631,19.6842],[76.7726,19.6882],[76.7687,19.7156],[76.7857,19.7317],[76.7913,19.7193],[76.7843,19.6988],[76.7927,19.6675],[76.8102,19.6822],[76.8202,19.6677],[76.8281,19.6731],[76.8252,19.6878],[76.8154,19.6963],[76.8167,19.7058],[76.8365,19.6991],[76.8516,19.7049],[76.8645,19.6752],[76.8553,19.6616],[76.857,19.6477],[76.8764,19.6428],[76.8691,19.6221],[76.8802,19.6207],[76.9041,19.6445],[76.9143,19.6402],[76.918,19.6226],[76.9257,19.6157],[76.9238,19.6],[76.9155,19.5992],[76.9052,19.5865],[76.895,19.587],[76.895,19.5687],[76.8895,19.5582],[76.891,19.5407],[76.8656,19.5421],[76.8662,19.5026],[76.8743,19.482],[76.8891,19.4764],[76.8806,19.464],[76.8846,19.4548],[76.9027,19.4433],[76.9104,19.4452],[76.9139,19.4545],[76.9346,19.4506],[76.9289,19.4267],[76.9104,19.4003],[76.9038,19.3783],[76.9117,19.355],[76.9345,19.3489],[76.9294,19.3449],[76.9126,19.3483],[76.9085,19.3359],[76.9126,19.32],[76.9408,19.3137],[76.9464,19.3255],[76.983,19.3352],[76.9946,19.3252],[76.9995,19.2992],[77.0086,19.3022],[77.0347,19.2974],[77.0343,19.2913],[77.0247,19.2851],[77.0243,19.2757],[77.0379,19.2625],[77.05,19.259],[77.0638,19.2689],[77.0915,19.2702],[77.1001,19.2651],[77.101,19.2533],[77.1109,19.2441],[77.1293,19.2516],[77.1554,19.2292],[77.162,19.2279],[77.1741,19.2408],[77.1884,19.2338],[77.1789,19.2115],[77.184,19.1938],[77.1795,19.1704],[77.1831,19.1656],[77.1956,19.166],[77.1955,19.1444],[77.1922,19.1311],[77.183,19.131],[77.1784,19.1201],[77.1731,19.1227],[77.167,19.1168],[77.1651,19.0941],[77.1594,19.0841],[77.1424,19.0707],[77.1258,19.079],[77.0979,19.0669],[77.0887,19.0722],[77.0882,19.0847],[77.1054,19.0962],[77.1051,19.1039],[77.1028,19.1078],[77.0856,19.1083],[77.0775,19.0848],[77.0634,19.0681],[77.0663,19.0297],[77.0454,19.0308],[77.0436,19.0039],[77.0561,18.9961],[77.0555,18.9889],[77.0381,18.9693],[77.0269,18.9402],[77.005,18.9302],[76.9942,18.9369],[76.9852,18.9147],[76.9779,18.9157],[76.9738,18.9281],[76.9626,18.9329],[76.9531,18.9228],[76.9517,18.9074],[76.9347,18.901],[76.9588,18.8904],[76.9578,18.8751],[77.0007,18.8812],[77.0135,18.8786],[77.0197,18.8437],[76.9961,18.8281],[76.8859,18.8355]]]}},{"type":"Feature","properties":{"admin_code":"IN-MH-PUNE","name":"Pune","name_local":"पुणे"},"geometry":{"type":"Polygon","coordinates":[[[73.7846,19.3913],[73.798,19.3951],[73.8148,19.3935],[73.8447,19.3759],[73.8508,19.3646],[73.8638,19.3586],[73.8789,19.3636],[73.8854,19.3769],[73.8972,19.3749],[73.9159,19.3659],[73.932,19.3412],[73.9451,19.3484],[73.9577,19.3445],[73.9591,19.3505],[73.9737,19.356],[73.9743,19.3519],[73.981,19.3519],[74.0011,19.3582],[74.013,19.3372],[74.0141,19.3263],[74.0293,19.311],[74.0286,19.3012],[74.0152,19.2963],[74.0214,19.2868],[74.0276,19.29],[74.033,19.2844],[74.0279,19.2695],[74.0357,19.2606],[74.0356,19.2509],[74.0485,19.2589],[74.0544,19.2444],[74.062,19.2451],[74.0949,19.2269],[74.0977,19.2285],[74.0902,19.2356],[74.1128,19.2306],[74.1294,19.2208],[74.1437,19.221],[74.1448,19.2253],[74.1539,19.2225],[74.16,19.2034],[74.1675,19.2067],[74.1697,19.2203],[74.2108,19.2045],[74.2256,19.2034],[74.2659,19.2247],[74.3175,19.2087],[74.3053,19.1895],[74.2692,19.1852],[74.2661,19.1633],[74.2454,19.1427],[74.237,19.124],[74.2257,19.1304],[74.2116,19.1258],[74.1984,19.1065],[74.2014,19.0883],[74.1762,19.0366],[74.19,19.0269],[74.1921,19.02],[74.2158,19.0076],[74.2137,18.996],[74.2254,18.9929],[74.2241,18.9768],[74.2407,18.9649],[74.2409,18.9541],[74.2514,18.9535],[74.2718,18.9217],[74.2954,18.9039],[74.3123,18.8541],[74.3226,18.8441],[74.3332,18.8381],[74.3527,18.8444],[74.3984,18.8311],[74.3865,18.8039],[74.4007,18.778],[74.3968,18.7668],[74.4006,18.742],[74.4259,18.7497],[74.4419,18.7393],[74.4519,18.7203],[74.4684,18.7255],[74.4785,18.7223],[74.4827,18.7034],[74.4767,18.6898],[74.4801,18.6823],[74.4876,18.6753],[74.5083,18.6782],[74.5126,18.6682],[74.5057,18.6593],[74.4935,18.6548],[74.4908,18.6472],[74.4767,18.6484],[74.4756,18.6419],[74.4866,18.631],[74.5045,18.6266],[74.5117,18.6166],[74.5401,18.6188],[74.5517,18.6147],[74.5447,18.5841],[74.5825,18.5486],[74.5722,18.5454],[74.574,18.5329],[74.5508,18.5145],[74.5487,18.509],[74.5549,18.4996],[74.5814,18.4739],[74.6132,18.4682],[74.644,18.4507],[74.6753,18.4623],[74.6648,18.4661],[74.6588,18.4745],[74.6605,18.4861],[74.6888,18.5013],[74.7059,18.5049],[74.7279,18.4804],[74.7247,18.4512],[74.7157,18.431],[74.7355,18.3986],[74.756,18.3971],[74.7693,18.4068],[74.7824,18.4086],[74.8094,18.3868],[74.8091,18.3765],[74.7954,18.3559],[74.8017,18.3481],[74.825,18.3456],[74.8344,18.3381],[74.8334,18.3219],[74.8437,18.3101],[74.8428,18.3007],[74.8373,18.2949],[74.8021,18.3033],[74.7947,18.2893],[74.7975,18.28],[74.8133,18.2704],[74.8341,18.2471],[74.843,18.244],[74.8776,18.2481],[74.8889,18.2582],[74.952,18.2642],[74.9697,18.2506],[74.9941,18.2417],[75.0423,18.2639],[75.0466,18.2563],[75.0095,18.2128],[75.0229,18.1882],[75.0375,18.1963],[75.0603,18.1983],[75.0829,18.2187],[75.103,18.2213],[75.1106,18.2151],[75.1151,18.2003],[75.1079,18.174],[75.0926,18.1468],[75.0947,18.123],[75.0996,18.1192],[75.159,18.1217],[75.1637,18.1195],[75.1641,18.1073],[75.1385,18.0923],[75.1312,18.0761],[75.0932,18.0691],[75.0847,18.0428],[75.0536,18.021],[75.0301,17.9892],[75.0225,17.9628],[75.0413,17.9475],[75.0517,17.9474],[75.0644,17.9581],[75.0715,17.9765],[75.0803,17.979],[75.103,17.9735],[75.11,17.9939],[75.1209,17.9986],[75.1267,17.9945],[75.1359,17.9703],[75.1207,17.9718],[75.1172,17.967],[75.1316,17.955],[75.1157,17.9374],[75.112,17.9354],[75.1007,17.9431],[75.0855,17.9395],[75.0835,17.933],[75.0898,17.9235],[75.0747,17.9156],[75.0536,17.9252],[75.0474,17.9184],[75.0554,17.9027],[75.0395,17.9037],[75.0249,17.8929],[75.019,17.9082],[74.9629,17.9166],[74.9444,17.9255],[74.9445,17.9375],[74.9393,17.9408],[74.9122,17.9456],[74.8934,17.9375],[74.8705,17.9517],[74.8479,17.9485],[74.8491,17.9591],[74.8623,17.9724],[74.8648,17.9921],[74.8549,17.9956],[74.834,17.9929],[74.8308,18.0059],[74.8168,18.0174],[74.8101,18.0151],[74.8083,17.9973],[74.7981,18.0065],[74.7785,18.0116],[74.7648,18.0248],[74.7489,18.0193],[74.7442,18.0258],[74.7075,18.0316],[74.6906,18.0438],[74.6873,18.0599],[74.6666,18.0701],[74.6575,18.0698],[74.6553,18.0594],[74.6421,18.0453],[74.6298,18.0562],[74.6119,18.0477],[74.5904,18.0555],[74.5836,18.0473],[74.5584,18.0711],[74.5357,18.0581],[74.4943,18.0594],[74.4649,18.0481],[74.4365,18.0652],[74.3953,18.0743],[74.3811,18.0713],[74.357,18.0971],[74.3303,18.0887],[74.3184,18.0741],[74.304,18.0694],[74.259,18.0846],[74.2391,18.0994],[74.2088,18.0979],[74.1901,18.1115],[74.1638,18.1072],[74.1487,18.1194],[74.1353,18.1177],[74.125,18.1297],[74.0847,18.1208],[74.0748,18.1243],[74.0625,18.138],[74.0328,18.1325],[74.0106,18.1467],[74.0047,18.1572],[73.9911,18.1502],[73.9469,18.1813],[73.9388,18.1736],[73.9214,18.1707],[73.9056,18.1607],[73.8985,18.1832],[73.8749,18.1737],[73.8982,18.14],[73.9047,18.1368],[73.8917,18.1166],[73.8632,18.1206],[73.8815,18.0853],[73.8721,18.074],[73.8744,18.0533],[73.8588,18.0323],[73.8481,18.0417],[73.8407,18.0321],[73.8143,18.0366],[73.7927,18.0229],[73.7631,18.0271],[73.7607,18.0381],[73.7067,18.0489],[73.6656,18.0276],[73.6509,18.0419],[73.6296,18.0462],[73.614,18.0587],[73.621,18.0789],[73.6034,18.0856],[73.6103,18.0974],[73.598,18.1072],[73.6093,18.1328],[73.6073,18.1388],[73.6125,18.1403],[73.6132,18.1366],[73.6066,18.1189],[73.6156,18.1242],[73.6253,18.1213],[73.6292,18.1251],[73.6214,18.1275],[73.6363,18.1468],[73.6429,18.1439],[73.6513,18.1576],[73.6681,18.1569],[73.6584,18.1718],[73.6251,18.1771],[73.6005,18.1901],[73.5953,18.1775],[73.5714,18.1858],[73.5624,18.2119],[73.5562,18.1967],[73.5428,18.2066],[73.5397,18.1909],[73.5245,18.1865],[73.5244,18.1946],[73.535,18.21],[73.5245,18.2136],[73.5362,18.2262],[73.5244,18.2307],[73.5379,18.2453],[73.5205,18.2469],[73.5187,18.253],[73.5063,18.2585],[73.5173,18.2727],[73.5067,18.2742],[73.5105,18.2871],[73.4812,18.2721],[73.4772,18.3012],[73.4561,18.2983],[73.4475,18.3093],[73.4229,18.3075],[73.4268,18.3195],[73.4232,18.3268],[73.4455,18.3608],[73.429,18.3734],[73.4214,18.4052],[73.4029,18.4006],[73.3975,18.4547],[73.4079,18.468],[73.4113,18.499],[73.4043,18.4995],[73.3925,18.4842],[73.3822,18.4841],[73.3849,18.4774],[73.3773,18.4781],[73.3774,18.4681],[73.3655,18.4692],[73.3632,18.4843],[73.3763,18.4818],[73.3793,18.4919],[73.3953,18.5038],[73.3857,18.5049],[73.358,18.5332],[73.3447,18.5333],[73.3418,18.54],[73.3485,18.545],[73.3457,18.5484],[73.3585,18.558],[73.3337,18.5488],[73.3237,18.5638],[73.3234,18.5713],[73.3328,18.5837],[73.3355,18.6074],[73.3444,18.6049],[73.344,18.6114],[73.3526,18.6153],[73.3623,18.6368],[73.39,18.655],[73.386,18.6936],[73.3764,18.7087],[73.3653,18.7012],[73.3596,18.7091],[73.3439,18.6963],[73.3356,18.6965],[73.3328,18.7023],[73.3538,18.7251],[73.3592,18.7525],[73.3555,18.7535],[73.3633,18.7626],[73.3692,18.7917],[73.3752,18.7879],[73.3797,18.7941],[73.3822,18.8031],[73.3779,18.8174],[73.3856,18.8204],[73.3899,18.8528],[73.4041,18.8431],[73.4161,18.8608],[73.4287,18.8633],[73.4388,18.8827],[73.4357,18.8987],[73.4406,18.8995],[73.4317,18.9151],[73.4422,18.928],[73.4525,18.925],[73.4595,18.9302],[73.4581,18.9472],[73.4634,18.9666],[73.4804,18.9662],[73.4797,18.9799],[73.5129,18.9684],[73.513,18.973],[73.5196,18.9791],[73.5223,18.9769],[73.5583,19.0167],[73.5479,19.0187],[73.5472,19.0273],[73.5369,19.0329],[73.5434,19.0513],[73.5192,19.0497],[73.5204,19.0593],[73.5289,19.057],[73.5251,19.0708],[73.5305,19.0862],[73.5184,19.085],[73.5135,19.0947],[73.5226,19.1019],[73.52,19.109],[73.5277,19.1164],[73.5285,19.1299],[73.5422,19.1235],[73.5462,19.1433],[73.5343,19.1511],[73.5351,19.1594],[73.5418,19.1605],[73.5404,19.1773],[73.5458,19.1753],[73.5493,19.1856],[73.5678,19.1827],[73.5717,19.19],[73.6101,19.19],[73.6153,19.2069],[73.6279,19.2105],[73.6343,19.2028],[73.6636,19.2398],[73.6812,19.24],[73.6915,19.245],[73.6972,19.2574],[73.6918,19.2703],[73.6728,19.2889],[73.6716,19.2971],[73.6883,19.3116],[73.7171,19.3272],[73.7539,19.3348],[73.7495,19.3281],[73.7756,19.3306],[73.7759,19.3403],[73.7981,19.3314],[73.7967,19.3491],[73.7827,19.3866],[73.7846,19.3913]]]}},{"type":"Feature","properties":{"admin_code":"IN-MH-RAIGAD","name":"Raigad","name_local":"रायगड"},"geometry":{"type":"MultiPolygon","coordinates":[[[[72.9647,18.3011],[72.9659,18.2988],[72.9631,18.2997],[72.9647,18.3011]]],[[[73.6438,17.9967],[73.6271,17.9853],[73.6361,17.9797],[73.637,17.9691],[73.5958,17.9363],[73.5878,17.9388],[73.585,17.9451],[73.577,17.9441],[73.5759,17.9286],[73.5373,17.8977],[73.5395,17.8896],[73.5617,17.8922],[73.5712,17.8775],[73.552,17.8656],[73.5446,17.8689],[73.5359,17.8833],[73.5066,17.8516],[73.4973,17.8534],[73.495,17.8653],[73.4638,17.8658],[73.4504,17.8511],[73.4425,17.8596],[73.4464,17.8733],[73.4368,17.9043],[73.4299,17.9045],[73.4231,17.8945],[73.3997,17.8829],[73.375,17.8887],[73.3716,17.9063],[73.3794,17.9125],[73.3786,17.9181],[73.3717,17.933],[73.3631,17.9395],[73.3631,17.9556],[73.3528,17.9595],[73.3452,17.9727],[73.3509,17.991],[73.3585,17.9937],[73.3619,18.0013],[73.3613,18.0109],[73.3484,18.0253],[73.3357,18.013],[73.3327,18.0234],[73.3246,18.0275],[73.3059,18.0241],[73.2917,18.0347],[73.2981,18.0588],[73.2894,18.0709],[73.2673,18.0701],[73.2249,18.055],[73.206,18.0693],[73.1908,18.0574],[73.175,18.0593],[73.1552,18.0377],[73.1514,18.0225],[73.1357,18.0164],[73.1168,17.9793],[73.0968,17.986],[73.0667,17.9868],[73.0579,17.9919],[73.0401,17.9858],[73.0308,17.9916],[73.0183,17.9913],[73.0155,18.0069],[73.0022,18.0209],[73.0182,18.0258],[73.0244,18.0224],[73.0309,18.0298],[73.0256,18.0294],[73.0217,18.0352],[73.0148,18.0317],[73.0065,18.0511],[73.0013,18.0538],[72.9956,18.0497],[72.9908,18.055],[73.002,18.0723],[72.9699,18.1319],[72.9815,18.137],[72.9897,18.1587],[72.9796,18.1968],[72.9568,18.2195],[72.9453,18.2237],[72.9385,18.2169],[72.9317,18.22],[72.9422,18.235],[72.9426,18.2511],[72.935,18.2721],[72.9381,18.2827],[72.9468,18.2842],[72.9555,18.2767],[72.9654,18.2786],[72.9739,18.2619],[72.9939,18.2727],[72.9808,18.2999],[72.9707,18.2994],[72.967,18.3109],[72.9571,18.3125],[72.9551,18.3169],[72.9602,18.3209],[72.9487,18.3381],[72.9339,18.3424],[72.933,18.3502],[72.9196,18.3464],[72.9122,18.361],[72.9146,18.3704],[72.9257,18.3734],[72.9264,18.3849],[72.9223,18.3922],[72.9133,18.3926],[72.908,18.3987],[72.9063,18.4361],[72.8948,18.4633],[72.8958,18.4728],[72.902,18.4761],[72.9052,18.5025],[72.9111,18.5036],[72.9052,18.539],[72.9154,18.529],[72.9314,18.5372],[72.8859,18.6229],[72.884,18.6387],[72.8712,18.6393],[72.866,18.6485],[72.8557,18.6969],[72.8641,18.721],[72.8636,18.7895],[72.8693,18.8046],[72.8762,18.8021],[72.8826,18.8064],[72.8876,18.7987],[72.9004,18.8039],[72.9058,18.7939],[72.914,18.7913],[72.9219,18.797],[72.9417,18.8298],[72.9605,18.7977],[72.9797,18.8091],[72.9802,18.8524],[72.9855,18.8586],[72.9761,18.8608],[72.9431,18.8454],[72.9271,18.8507],[72.9226,18.8546],[72.9232,18.8654],[72.9078,18.8866],[72.9078,18.8996],[72.916,18.9039],[72.9165,18.9109],[72.9271,18.9118],[72.9422,18.8931],[72.9425,18.9091],[72.9576,18.9089],[72.9585,18.9243],[72.9436,18.9426],[72.9374,18.943],[72.9493,18.9629],[72.9553,18.9655],[72.9554,18.9736],[72.9813,18.9636],[73.0169,18.9795],[73.0223,18.99],[73.0297,18.9889],[73.0308,18.9991],[73.0473,19.0177],[73.0494,19.0283],[73.0439,19.072],[73.0481,19.0986],[73.0652,19.1113],[73.0899,19.116],[73.1026,19.1082],[73.1108,19.1121],[73.1315,19.1108],[73.1452,19.1267],[73.1553,19.1137],[73.1779,19.1097],[73.1891,19.1229],[73.1992,19.1254],[73.2164,19.0974],[73.2289,19.0889],[73.2361,19.0742],[73.2477,19.0646],[73.264,19.0667],[73.2806,19.0852],[73.3011,19.0829],[73.3015,19.0756],[73.3061,19.0822],[73.3179,19.0827],[73.3196,19.0943],[73.3121,19.1081],[73.3513,19.1294],[73.3769,19.1281],[73.4034,19.1353],[73.4333,19.1282],[73.4737,19.1356],[73.4877,19.1254],[73.5285,19.1299],[73.5277,19.1164],[73.52,19.109],[73.5226,19.1019],[73.5135,19.0947],[73.5184,19.085],[73.5305,19.0862],[73.5251,19.0708],[73.5289,19.057],[73.5204,19.0593],[73.5192,19.0497],[73.5434,19.0513],[73.5369,19.0329],[73.5472,19.0273],[73.5479,19.0187],[73.5583,19.0167],[73.5223,18.9769],[73.5196,18.9791],[73.513,18.973],[73.5129,18.9684],[73.4797,18.9799],[73.4804,18.9662],[73.4634,18.9666],[73.4581,18.9472],[73.4595,18.9302],[73.4525,18.925],[73.4422,18.928],[73.4317,18.9151],[73.4406,18.8995],[73.4357,18.8987],[73.4388,18.8827],[73.4287,18.8633],[73.4161,18.8608],[73.4041,18.8431],[73.3899,18.8528],[73.3856,18.8204],[73.3779,18.8174],[73.3822,18.8031],[73.3797,18.7941],[73.3752,18.7879],[73.3692,18.7917],[73.3633,18.7626],[73.3555,18.7535],[73.3592,18.7525],[73.3538,18.7251],[73.3328,18.7023],[73.3356,18.6965],[73.3439,18.6963],[73.3596,18.7091],[73.3653,18.7012],[73.3764,18.7087],[73.386,18.6936],[73.39,18.655],[73.3623,18.6368],[73.3526,18.6153],[73.344,18.6114],[73.3444,18.6049],[73.3355,18.6074],[73.3328,18.5837],[73.3234,18.5713],[73.3237,18.5638],[73.3337,18.5488],[73.3585,18.558],[73.3457,18.5484],[73.3485,18.545],[73.3418,18.54],[73.3447,18.5333],[73.358,18.5332],[73.3857,18.5049],[73.3953,18.5038],[73.3793,18.4919],[73.3763,18.4818],[73.3632,18.4843],[73.3655,18.4692],[73.3774,18.4681],[73.3773,18.4781],[73.3849,18.4774],[73.3822,18.4841],[73.3925,18.4842],[73.4043,18.4995],[73.4113,18.499],[73.4079,18.468],[73.3975,18.4547],[73.4029,18.4006],[73.4214,18.4052],[73.429,18.3734],[73.4455,18.3608],[73.4232,18.3268],[73.4268,18.3195],[73.4229,18.3075],[73.4475,18.3093],[73.4561,18.2983],[73.4772,18.3012],[73.4812,18.2721],[73.5105,18.2871],[73.5067,18.2742],[73.5173,18.2727],[73.5063,18.2585],[73.5187,18.253],[73.5205,18.2469],[73.5379,18.2453],[73.5244,18.2307],[73.5362,18.2262],[73.5245,18.2136],[73.535,18.21],[73.5225,18.1882],[73.5397,18.1909],[73.5428,18.2066],[73.5562,18.1967],[73.5624,18.2119],[73.5666,18.191],[73.5827,18.18],[73.5953,18.1775],[73.6005,18.1901],[73.6251,18.1771],[73.6547,18.1733],[73.6633,18.1664],[73.6669,18.1554],[73.6513,18.1576],[73.6429,18.1439],[73.6363,18.1468],[73.6214,18.1275],[73.6292,18.1251],[73.6253,18.1213],[73.6156,18.1242],[73.6066,18.1189],[73.6132,18.1366],[73.6125,18.1403],[73.6073,18.1388],[73.6093,18.1328],[73.598,18.1072],[73.6103,18.0974],[73.6034,18.0856],[73.621,18.0789],[73.614,18.0587],[73.6296,18.0462],[73.6414,18.0463],[73.6566,18.036],[73.6597,18.0292],[73.6513,18.0232],[73.6572,18.0138],[73.6438,17.9967]]],[[[72.8121,18.7061],[72.8148,18.7031],[72.8127,18.7025],[72.8121,18.7061]]],[[[72.8971,18.9606],[72.9002,18.9654],[72.9064,18.9581],[72.8991,18.9402],[72.9012,18.9543],[72.8971,18.9606]]],[[[72.9357,18.9528],[72.9247,18.9601],[72.9305,18.9724],[72.9306,18.9667],[72.9377,18.9713],[72.9421,18.9665],[72.9357,18.9528]]]]}},{"type":"Feature","properties":{"admin_code":"IN-MH-RATNAGIRI","name":"Ratnagiri","name_local":"रत्नागिरी"},"geometry":{"type":"MultiPolygon","coordinates":[[[[73.8434,16.6535],[73.835,16.649],[73.8037,16.6604],[73.7739,16.6635],[73.7692,16.6606],[73.7676,16.6465],[73.7761,16.6254],[73.7694,16.618],[73.7667,16.6024],[73.7262,16.6042],[73.7199,16.6114],[73.7117,16.6123],[73.7038,16.6264],[73.6908,16.6248],[73.687,16.6152],[73.6786,16.611],[73.6721,16.5883],[73.665,16.5892],[73.6685,16.5842],[73.6625,16.5768],[73.651,16.5758],[73.6496,16.5654],[73.6404,16.5636],[73.6342,16.5806],[73.6247,16.5835],[73.6158,16.5746],[73.6115,16.5535],[73.5972,16.5433],[73.5823,16.5443],[73.5726,16.5324],[73.544,16.5161],[73.5278,16.5247],[73.5207,16.5242],[73.5147,16.5164],[73.4961,16.5194],[73.4815,16.5],[73.4664,16.4942],[73.4374,16.5009],[73.418,16.5134],[73.4062,16.5095],[73.3667,16.517],[73.3513,16.5352],[73.354,16.5429],[73.3489,16.5493],[73.3525,16.5498],[73.3462,16.5567],[73.3558,16.5545],[73.355,16.5656],[73.3434,16.5663],[73.3412,16.5797],[73.332,16.5774],[73.3237,16.5822],[73.3175,16.6006],[73.3208,16.607],[73.3385,16.6051],[73.3521,16.5942],[73.3484,16.6045],[73.3464,16.6013],[73.3408,16.6061],[73.3459,16.6122],[73.3505,16.6111],[73.3511,16.6225],[73.3376,16.6244],[73.3307,16.6204],[73.3347,16.6271],[73.3407,16.6269],[73.3401,16.6339],[73.3324,16.6408],[73.3234,16.6365],[73.3222,16.6447],[73.3324,16.6514],[73.3307,16.6686],[73.3263,16.6902],[73.3183,16.6976],[73.3194,16.7065],[73.3058,16.7299],[73.3049,16.7655],[73.3178,16.8072],[73.3033,16.8093],[73.2956,16.8158],[73.2937,16.839],[73.2882,16.8441],[73.293,16.8503],[73.2881,16.8578],[73.2935,16.864],[73.286,16.8743],[73.287,16.8821],[73.3026,16.8908],[73.2921,16.898],[73.2772,16.892],[73.2865,16.9171],[73.2822,16.9511],[73.2919,16.958],[73.2954,16.9846],[73.2785,16.9928],[73.2718,16.987],[73.2687,16.9965],[73.2822,17.0032],[73.2831,17.0113],[73.2747,17.0239],[73.2672,17.0251],[73.2579,17.0195],[73.255,17.0273],[73.2573,17.0485],[73.2655,17.0474],[73.2695,17.0395],[73.2768,17.0372],[73.2863,17.0524],[73.288,17.0765],[73.2832,17.0803],[73.2795,17.1105],[73.267,17.1125],[73.2717,17.1227],[73.2534,17.1884],[73.2309,17.1992],[73.2333,17.2019],[73.2453,17.1967],[73.2432,17.225],[73.2354,17.2276],[73.2306,17.2465],[73.2236,17.2478],[73.2278,17.252],[73.2222,17.2559],[73.2201,17.2694],[73.2115,17.2753],[73.2044,17.2695],[73.2025,17.2877],[73.1898,17.2993],[73.1962,17.3067],[73.2051,17.2991],[73.2104,17.3037],[73.2226,17.3023],[73.2266,17.2816],[73.2348,17.2863],[73.2438,17.2812],[73.2462,17.2838],[73.2509,17.2715],[73.2583,17.2682],[73.2577,17.2852],[73.2651,17.2899],[73.2562,17.2982],[73.2337,17.2925],[73.2427,17.319],[73.2303,17.3192],[73.2192,17.3293],[73.2296,17.3353],[73.2146,17.3464],[73.2223,17.3544],[73.214,17.3629],[73.2165,17.3705],[73.2091,17.3715],[73.2068,17.3843],[73.2002,17.3879],[73.1775,17.387],[73.1681,17.4037],[73.1868,17.4135],[73.1877,17.4307],[73.1971,17.4375],[73.1945,17.4423],[73.1866,17.4421],[73.1846,17.4544],[73.1929,17.4671],[73.1746,17.5172],[73.161,17.5308],[73.1558,17.5289],[73.138,17.5558],[73.1445,17.5706],[73.1529,17.5733],[73.1589,17.5677],[73.1635,17.5761],[73.1736,17.5728],[73.1789,17.5799],[73.1529,17.5941],[73.1365,17.6147],[73.1278,17.6372],[73.1353,17.6434],[73.1344,17.6481],[73.1218,17.6655],[73.1138,17.6896],[73.1169,17.6979],[73.1344,17.7077],[73.1281,17.7376],[73.109,17.7897],[73.0962,17.8098],[73.0888,17.8087],[73.0943,17.8246],[73.0877,17.8382],[73.0925,17.8416],[73.0732,17.877],[73.0715,17.8889],[73.0616,17.8922],[73.049,17.9063],[73.0535,17.9118],[73.0524,17.9315],[73.0383,17.9344],[73.0297,17.9468],[73.0287,17.9646],[73.0403,17.9783],[73.0843,17.9878],[73.1168,17.9793],[73.1357,18.0164],[73.1514,18.0225],[73.1552,18.0377],[73.1788,18.0612],[73.1908,18.0574],[73.206,18.0693],[73.2249,18.055],[73.2673,18.0701],[73.2894,18.0709],[73.2981,18.0588],[73.2917,18.0347],[73.3059,18.0241],[73.3246,18.0275],[73.3327,18.0234],[73.3357,18.013],[73.3484,18.0253],[73.3635,18.0057],[73.3585,17.9937],[73.3509,17.991],[73.3464,17.983],[73.3452,17.9727],[73.3528,17.9595],[73.3631,17.9556],[73.3631,17.9395],[73.3717,17.933],[73.3786,17.9181],[73.3794,17.9125],[73.3716,17.9063],[73.375,17.8887],[73.3997,17.8829],[73.4231,17.8945],[73.4299,17.9045],[73.4368,17.9043],[73.4464,17.8733],[73.4425,17.8596],[73.4504,17.8511],[73.4638,17.8658],[73.495,17.8653],[73.4973,17.8534],[73.5066,17.8516],[73.5359,17.8833],[73.5446,17.8689],[73.552,17.8656],[73.5772,17.8774],[73.578,17.8591],[73.5975,17.8485],[73.5839,17.8302],[73.5961,17.8184],[73.5967,17.8045],[73.6036,17.7955],[73.5845,17.7881],[73.5919,17.7792],[73.5899,17.7656],[73.5674,17.7227],[73.5949,17.7003],[73.616,17.7134],[73.6363,17.7003],[73.6548,17.7076],[73.6605,17.6963],[73.6899,17.6882],[73.6825,17.6783],[73.6931,17.6749],[73.6977,17.6625],[73.7043,17.6588],[73.6994,17.6524],[73.7013,17.6412],[73.6933,17.628],[73.7258,17.6204],[73.7172,17.6077],[73.7304,17.5916],[73.7177,17.5746],[73.7433,17.5612],[73.7482,17.5497],[73.7427,17.5323],[73.7183,17.5184],[73.7074,17.5074],[73.7088,17.494],[73.6961,17.4872],[73.7087,17.4664],[73.7028,17.4537],[73.7077,17.4503],[73.7061,17.424],[73.6845,17.4178],[73.6706,17.3943],[73.6613,17.3943],[73.6546,17.3878],[73.6492,17.3955],[73.6456,17.3893],[73.6624,17.3769],[73.6652,17.3805],[73.6832,17.3642],[73.6881,17.3459],[73.6817,17.3275],[73.6875,17.3145],[73.6784,17.296],[73.691,17.286],[73.6887,17.2818],[73.6982,17.2604],[73.6943,17.2443],[73.6995,17.2298],[73.7096,17.2251],[73.7176,17.2111],[73.7389,17.203],[73.7498,17.2102],[73.774,17.1782],[73.771,17.1721],[73.7796,17.1546],[73.751,17.153],[73.7485,17.1746],[73.7445,17.1761],[73.7332,17.1682],[73.7144,17.1724],[73.6905,17.1592],[73.6927,17.1442],[73.6953,17.1395],[73.7117,17.1412],[73.7405,17.1224],[73.748,17.1321],[73.7699,17.1096],[73.7824,17.1085],[73.7898,17.0939],[73.7974,17.0952],[73.8087,17.0865],[73.805,17.0625],[73.8183,17.0643],[73.8357,17.0547],[73.8242,17.0388],[73.8354,17.0266],[73.8287,17.0136],[73.8364,17.0012],[73.8329,16.99],[73.8183,16.9881],[73.7888,16.9936],[73.7794,16.9756],[73.7683,16.968],[73.7669,16.9634],[73.7909,16.9422],[73.7966,16.931],[73.7942,16.9129],[73.7893,16.9076],[73.7672,16.9091],[73.7623,16.9047],[73.7496,16.9057],[73.7456,16.9175],[73.7406,16.9135],[73.7401,16.8982],[73.75,16.9024],[73.7499,16.8834],[73.7689,16.8713],[73.7651,16.8608],[73.7703,16.8549],[73.7534,16.8352],[73.7389,16.8445],[73.7337,16.8334],[73.7259,16.8379],[73.7133,16.8307],[73.7316,16.8214],[73.7305,16.8171],[73.739,16.8215],[73.754,16.8138],[73.7541,16.8062],[73.7617,16.8035],[73.7578,16.782],[73.7632,16.771],[73.7817,16.7832],[73.7928,16.7636],[73.8202,16.7659],[73.8359,16.7481],[73.8342,16.7435],[73.8422,16.7371],[73.8336,16.7288],[73.8291,16.7153],[73.8181,16.7148],[73.8144,16.7074],[73.8228,16.7065],[73.8285,16.6983],[73.8487,16.6922],[73.8617,16.6815],[73.8545,16.6741],[73.8671,16.6708],[73.8572,16.6603],[73.8582,16.6527],[73.8434,16.6535]]],[[[73.0836,17.8145],[73.0837,17.8183],[73.085,17.8156],[73.0836,17.8145]]]]}},{"type":"Feature","properties":{"admin_code":"IN-MH-SANGLI","name":"Sangli","name_local":"सांगली"},"geometry":{"type":"Polygon","coordinates":[[[75.624,17.2961],[75.6317,17.2745],[75.6543,17.2756],[75.6594,17.2638],[75.6616,17.2107],[75.643,17.1965],[75.6421,17.1905],[75.6301,17.1885],[75.6274,17.1725],[75.6522,17.1352],[75.6531,17.1156],[75.6737,17.116],[75.6781,17.0967],[75.678,17.0654],[75.6622,17.0643],[75.6451,17.0431],[75.6456,17.0372],[75.6535,17.0332],[75.6718,17.0383],[75.6684,16.9804],[75.678,16.9666],[75.671,16.9612],[75.6445,16.9537],[75.6358,16.9684],[75.61,16.9722],[75.6089,17.0057],[75.5751,17.0103],[75.5691,17.0087],[75.5696,16.9662],[75.532,16.9692],[75.5098,16.95],[75.4915,16.9454],[75.4887,16.9679],[75.4815,16.9785],[75.4675,16.9821],[75.4668,16.9878],[75.4426,16.982],[75.4298,16.966],[75.3934,16.9788],[75.3702,16.9712],[75.3581,16.9594],[75.3438,16.955],[75.2867,16.9572],[75.2829,16.956],[75.2818,16.9454],[75.2838,16.9119],[75.29,16.9036],[75.281,16.8768],[75.2665,16.8634],[75.2416,16.867],[75.2281,16.8434],[75.2139,16.8428],[75.1811,16.8445],[75.1905,16.872],[75.1876,16.876],[75.1696,16.8673],[75.1389,16.876],[75.1361,16.8953],[75.1212,16.9028],[75.1164,16.9124],[75.0955,16.9163],[75.0917,16.9495],[75.0879,16.951],[75.0628,16.9416],[75.0455,16.941],[75.0292,16.928],[75.0276,16.9439],[75.0009,16.9481],[74.9829,16.9313],[74.9665,16.9382],[74.9531,16.9319],[74.9494,16.9385],[74.9353,16.9433],[74.9254,16.9375],[74.9239,16.9279],[74.9498,16.9088],[74.9643,16.9077],[74.9611,16.8802],[74.9456,16.8824],[74.9366,16.8789],[74.934,16.8715],[74.9088,16.8583],[74.9128,16.7881],[74.9207,16.7724],[74.8516,16.7732],[74.847,16.7628],[74.8006,16.7532],[74.7968,16.7481],[74.7753,16.751],[74.7714,16.7432],[74.7601,16.7392],[74.7503,16.7286],[74.7185,16.7157],[74.6942,16.7176],[74.7014,16.7348],[74.6491,16.7519],[74.6461,16.7701],[74.6328,16.7867],[74.6004,16.8019],[74.5608,16.807],[74.5503,16.8315],[74.5367,16.8465],[74.5258,16.8489],[74.5182,16.8573],[74.5145,16.8555],[74.5149,16.8403],[74.4993,16.8301],[74.4959,16.8576],[74.4717,16.8679],[74.4618,16.8524],[74.4382,16.8508],[74.4221,16.8431],[74.4095,16.845],[74.4061,16.851],[74.4165,16.878],[74.4059,16.8759],[74.4038,16.8807],[74.3623,16.8542],[74.356,16.8707],[74.3402,16.8784],[74.3277,16.877],[74.3151,16.8908],[74.2984,16.8926],[74.2827,16.9163],[74.2584,16.9054],[74.2509,16.8869],[74.245,16.886],[74.2334,16.8888],[74.2244,16.9115],[74.2141,16.9063],[74.2133,16.8931],[74.1933,16.8927],[74.1713,16.899],[74.1491,16.8847],[74.1353,16.8904],[74.122,16.9123],[74.0991,16.9094],[74.0913,16.9156],[74.0788,16.9054],[74.0675,16.9042],[74.0661,16.9096],[74.0404,16.9248],[74.0368,16.9387],[74.0246,16.9429],[74.0278,16.9521],[74.022,16.9616],[74.0278,16.9642],[74.0216,16.9698],[74.0238,16.9851],[73.9966,16.9954],[73.9867,16.9861],[73.9723,16.9939],[73.9733,17.0048],[73.9831,17.0142],[73.9844,17.0291],[73.9609,17.0552],[73.9552,17.0549],[73.9322,17.0742],[73.918,17.0688],[73.9029,17.1031],[73.8792,17.1175],[73.8759,17.1228],[73.8795,17.1311],[73.8696,17.1323],[73.8504,17.1535],[73.8162,17.1726],[73.7699,17.1799],[73.7661,17.189],[73.7735,17.1883],[73.7793,17.2009],[73.7975,17.2119],[73.8099,17.2322],[73.8292,17.2296],[73.8452,17.2146],[73.854,17.1987],[73.8732,17.19],[73.8881,17.1552],[73.9066,17.1564],[73.9269,17.1404],[73.9439,17.1337],[73.983,17.1298],[73.9879,17.1267],[73.9882,17.1186],[74.0068,17.112],[74.0329,17.0921],[74.0496,17.0972],[74.0519,17.1038],[74.098,17.1021],[74.112,17.1216],[74.1311,17.1162],[74.1456,17.1198],[74.1872,17.1496],[74.2242,17.1393],[74.249,17.1407],[74.2492,17.1534],[74.237,17.1534],[74.2372,17.1579],[74.2498,17.161],[74.2518,17.1694],[74.2798,17.1731],[74.288,17.1987],[74.2728,17.2204],[74.2907,17.2423],[74.2664,17.2563],[74.258,17.2941],[74.2647,17.3068],[74.2864,17.3087],[74.2954,17.3163],[74.281,17.3382],[74.289,17.3561],[74.2812,17.359],[74.2641,17.3546],[74.2561,17.3592],[74.2632,17.385],[74.2873,17.4181],[74.299,17.4219],[74.3367,17.415],[74.3488,17.4177],[74.3546,17.4098],[74.4129,17.4025],[74.4386,17.3895],[74.4516,17.3922],[74.4956,17.3837],[74.5278,17.4007],[74.5357,17.417],[74.5496,17.4197],[74.5592,17.4131],[74.5721,17.418],[74.5798,17.4114],[74.5909,17.4152],[74.5907,17.4232],[74.6115,17.4432],[74.629,17.4232],[74.6363,17.3993],[74.6458,17.3962],[74.6606,17.4012],[74.6787,17.388],[74.6909,17.3877],[74.6956,17.3922],[74.6979,17.3862],[74.7124,17.3824],[74.7198,17.4177],[74.7106,17.4848],[74.7358,17.4757],[74.7567,17.4748],[74.787,17.4578],[74.8112,17.4526],[74.8505,17.4953],[74.8524,17.5035],[74.8623,17.5072],[74.8656,17.5314],[74.8597,17.5568],[74.8801,17.5693],[74.8839,17.6041],[74.9122,17.6296],[74.911,17.6204],[74.9285,17.6177],[74.9195,17.599],[74.9219,17.5768],[74.9641,17.5911],[74.9645,17.5643],[74.9898,17.5424],[74.9642,17.5231],[74.945,17.5188],[74.9419,17.5134],[74.9514,17.5002],[74.9658,17.4918],[74.9749,17.469],[74.9855,17.4665],[75.001,17.4802],[75.0332,17.4951],[75.0407,17.4832],[75.0418,17.4703],[75.0334,17.4462],[75.0353,17.4206],[75.0251,17.4092],[75.0081,17.4113],[75.001,17.4076],[74.9986,17.3924],[75.0082,17.3688],[74.9698,17.3414],[74.9714,17.3215],[74.9628,17.2942],[74.9418,17.2865],[74.9385,17.274],[74.9103,17.275],[74.8974,17.2377],[74.8871,17.2328],[74.8849,17.2212],[74.8772,17.2214],[74.8796,17.2127],[74.869,17.2168],[74.8518,17.2117],[74.8616,17.2101],[74.8599,17.2056],[74.8733,17.2091],[74.8675,17.196],[74.8722,17.197],[74.8731,17.191],[74.8827,17.188],[74.8894,17.1955],[74.8984,17.1944],[74.8901,17.1895],[74.8944,17.186],[74.8891,17.1804],[74.8971,17.1762],[74.9017,17.183],[74.9018,17.1775],[74.908,17.1747],[74.9201,17.1788],[74.9298,17.1747],[74.9481,17.1775],[74.9561,17.1912],[74.947,17.1924],[74.9501,17.198],[74.9831,17.195],[74.9929,17.2072],[75.0089,17.2091],[75.0182,17.2259],[75.0805,17.2226],[75.0758,17.2351],[75.0813,17.2485],[75.1809,17.2372],[75.1919,17.2558],[75.1927,17.2673],[75.2049,17.2696],[75.2067,17.2632],[75.2261,17.2564],[75.2489,17.2558],[75.2395,17.2364],[75.2403,17.217],[75.219,17.2069],[75.2148,17.2],[75.2206,17.1902],[75.2337,17.1812],[75.2702,17.184],[75.2714,17.1507],[75.297,17.1469],[75.3061,17.1716],[75.2854,17.1934],[75.284,17.203],[75.2898,17.216],[75.3319,17.2195],[75.3348,17.2333],[75.3627,17.2363],[75.3708,17.2156],[75.3683,17.1917],[75.3869,17.1917],[75.407,17.1841],[75.4095,17.1914],[75.4042,17.2119],[75.4106,17.241],[75.423,17.2657],[75.4316,17.2683],[75.4483,17.2564],[75.4681,17.2522],[75.4647,17.2397],[75.5161,17.2401],[75.5289,17.2599],[75.5578,17.2856],[75.6052,17.3055],[75.624,17.2961]]]}},{"type":"Feature","properties":{"admin_code":"IN-MH-SATARA","name":"Satara","name_local":"सातारा"},"geometry":{"type":"Polygon","coordinates":[[[74.6657,18.0014],[74.6691,17.9761],[74.659,17.9304],[74.6359,17.9012],[74.636,17.8731],[74.6132,17.8573],[74.6097,17.8473],[74.6204,17.8448],[74.6162,17.8377],[74.6196,17.8344],[74.6299,17.8327],[74.631,17.8395],[74.6385,17.8291],[74.6433,17.8299],[74.6405,17.8359],[74.6497,17.84],[74.6557,17.8617],[74.662,17.862],[74.6798,17.8508],[74.6863,17.8107],[74.6969,17.8085],[74.6963,17.8034],[74.7022,17.8058],[74.6993,17.7986],[74.703,17.7963],[74.6968,17.7919],[74.7069,17.7931],[74.7031,17.7864],[74.7121,17.7847],[74.714,17.7919],[74.7149,17.784],[74.7488,17.7983],[74.7413,17.7885],[74.7507,17.7876],[74.7573,17.7806],[74.7518,17.7676],[74.745,17.7709],[74.7481,17.7638],[74.7656,17.7596],[74.7687,17.7682],[74.7809,17.7714],[74.8205,17.7478],[74.8414,17.7259],[74.864,17.7276],[74.8758,17.7238],[74.8675,17.6964],[74.8784,17.6792],[74.8861,17.682],[74.8898,17.6758],[74.891,17.6603],[74.9006,17.6508],[74.9065,17.6273],[74.8814,17.5994],[74.8834,17.5746],[74.8801,17.5693],[74.8597,17.5568],[74.8656,17.5314],[74.8623,17.5072],[74.8524,17.5035],[74.8505,17.4953],[74.8112,17.4526],[74.787,17.4578],[74.7567,17.4748],[74.7358,17.4757],[74.7106,17.4848],[74.7198,17.4177],[74.7124,17.3824],[74.6979,17.3862],[74.6956,17.3922],[74.6909,17.3877],[74.6787,17.388],[74.6606,17.4012],[74.6458,17.3962],[74.6363,17.3993],[74.629,17.4232],[74.6115,17.4432],[74.5907,17.4232],[74.5909,17.4152],[74.5798,17.4114],[74.5721,17.418],[74.5592,17.4131],[74.5496,17.4197],[74.5357,17.417],[74.5278,17.4007],[74.4956,17.3837],[74.4516,17.3922],[74.4386,17.3895],[74.4129,17.4025],[74.3546,17.4098],[74.3488,17.4177],[74.3367,17.415],[74.299,17.4219],[74.2873,17.4181],[74.2632,17.385],[74.2561,17.3592],[74.2641,17.3546],[74.2876,17.3582],[74.2885,17.3501],[74.281,17.3382],[74.2954,17.3163],[74.2864,17.3087],[74.2647,17.3068],[74.258,17.2941],[74.2664,17.2563],[74.2907,17.2423],[74.2728,17.2204],[74.288,17.1987],[74.2798,17.1731],[74.2518,17.1694],[74.2498,17.161],[74.2372,17.1579],[74.237,17.1534],[74.2492,17.1534],[74.249,17.1407],[74.2242,17.1393],[74.1872,17.1496],[74.1456,17.1198],[74.1311,17.1162],[74.112,17.1216],[74.098,17.1021],[74.0519,17.1038],[74.0496,17.0972],[74.0329,17.0921],[74.0068,17.112],[73.9882,17.1186],[73.9879,17.1267],[73.983,17.1298],[73.9439,17.1337],[73.9269,17.1404],[73.9066,17.1564],[73.8881,17.1552],[73.8732,17.19],[73.854,17.1987],[73.8452,17.2146],[73.8292,17.2296],[73.8099,17.2322],[73.7975,17.2119],[73.7793,17.2009],[73.7691,17.1872],[73.7498,17.2102],[73.7389,17.203],[73.7176,17.2111],[73.7096,17.2251],[73.6995,17.2298],[73.6943,17.2443],[73.6982,17.2604],[73.6887,17.2818],[73.691,17.286],[73.6784,17.296],[73.6875,17.3145],[73.6817,17.3275],[73.6881,17.3459],[73.6832,17.3642],[73.6652,17.3805],[73.6624,17.3769],[73.6554,17.3838],[73.6477,17.3842],[73.6455,17.392],[73.6492,17.3955],[73.6546,17.3878],[73.6613,17.3943],[73.6706,17.3943],[73.6845,17.4178],[73.7061,17.424],[73.7077,17.4503],[73.7028,17.4537],[73.7087,17.4664],[73.6961,17.4872],[73.7088,17.494],[73.7074,17.5074],[73.7183,17.5184],[73.7427,17.5323],[73.7479,17.5569],[73.7177,17.5746],[73.7304,17.5916],[73.7172,17.6077],[73.7258,17.6204],[73.6933,17.628],[73.7013,17.6412],[73.6994,17.6524],[73.7043,17.6588],[73.6977,17.6625],[73.6931,17.6749],[73.6825,17.6783],[73.6899,17.6882],[73.6605,17.6963],[73.6548,17.7076],[73.6363,17.7003],[73.616,17.7134],[73.5949,17.7003],[73.5674,17.7227],[73.5899,17.7656],[73.5919,17.7792],[73.5845,17.7881],[73.6036,17.7955],[73.5967,17.8045],[73.5961,17.8184],[73.5839,17.8302],[73.5975,17.8485],[73.578,17.8591],[73.5772,17.8774],[73.5712,17.8775],[73.5617,17.8922],[73.5395,17.8896],[73.5359,17.8945],[73.5759,17.9286],[73.577,17.9441],[73.585,17.9451],[73.5878,17.9388],[73.5958,17.9363],[73.637,17.9691],[73.6361,17.9797],[73.6271,17.9853],[73.6438,17.9967],[73.6572,18.0138],[73.6513,18.0232],[73.7067,18.0489],[73.7607,18.0381],[73.7631,18.0271],[73.7927,18.0229],[73.8143,18.0366],[73.8407,18.0321],[73.8481,18.0417],[73.8588,18.0323],[73.8744,18.0533],[73.8721,18.074],[73.8815,18.0853],[73.8632,18.1206],[73.8917,18.1166],[73.9047,18.1368],[73.8752,18.1702],[73.8766,18.1762],[73.8842,18.1751],[73.8949,18.184],[73.9056,18.1607],[73.9214,18.1707],[73.9388,18.1736],[73.9469,18.1813],[73.9911,18.1502],[74.0047,18.1572],[74.0106,18.1467],[74.0328,18.1325],[74.0625,18.138],[74.0748,18.1243],[74.0847,18.1208],[74.125,18.1297],[74.1353,18.1177],[74.1487,18.1194],[74.1638,18.1072],[74.1901,18.1115],[74.2088,18.0979],[74.2391,18.0994],[74.259,18.0846],[74.2988,18.0702],[74.3184,18.0741],[74.3303,18.0887],[74.357,18.0971],[74.3811,18.0713],[74.3953,18.0743],[74.4365,18.0652],[74.4649,18.0481],[74.4943,18.0594],[74.5357,18.0581],[74.5584,18.0711],[74.5836,18.0473],[74.5904,18.0555],[74.6119,18.0477],[74.6298,18.0562],[74.6421,18.0453],[74.6553,18.0594],[74.6575,18.0698],[74.6666,18.0701],[74.6873,18.0599],[74.6936,18.0399],[74.7113,18.0303],[74.6657,18.0014]]]}},{"type":"Feature","properties":{"admin_code":"IN-MH-SINDHUDURG","name":"Sindhudurg","name_local":"सिंधुदुर्ग"},"geometry":{"type":"Polygon","coordinates":[[[74.1133,15.6409],[74.094,15.6366],[74.079,15.627],[74.0351,15.6193],[74.0259,15.6039],[74.0001,15.6071],[73.9847,15.6235],[73.9756,15.6244],[73.9657,15.64],[73.9644,15.6489],[73.9715,15.6596],[73.9659,15.6757],[73.9675,15.6912],[73.9601,15.6982],[73.9509,15.6969],[73.9497,15.7064],[73.9541,15.7119],[73.9463,15.7164],[73.9394,15.7395],[73.8763,15.7506],[73.8728,15.7566],[73.8792,15.7729],[73.8663,15.7866],[73.8673,15.7969],[73.858,15.8005],[73.8491,15.7871],[73.853,15.7801],[73.845,15.7806],[73.839,15.7686],[73.8329,15.7666],[73.8328,15.753],[73.8261,15.7405],[73.813,15.7423],[73.8075,15.7361],[73.794,15.735],[73.7892,15.7261],[73.7678,15.7357],[73.7464,15.737],[73.7335,15.7215],[73.7236,15.726],[73.7026,15.7232],[73.6947,15.7326],[73.6741,15.7284],[73.6533,15.7439],[73.6649,15.7544],[73.6632,15.7627],[73.6486,15.8043],[73.6364,15.8163],[73.6392,15.8204],[73.6259,15.8515],[73.6196,15.8566],[73.6131,15.8549],[73.5886,15.9078],[73.5703,15.9123],[73.5652,15.9202],[73.539,15.9368],[73.5312,15.9334],[73.5187,15.9407],[73.5105,15.9376],[73.5018,15.9562],[73.5063,15.9741],[73.5023,15.9743],[73.501,15.9687],[73.4893,15.9878],[73.4903,16.0107],[73.4819,16.038],[73.4672,16.0471],[73.4608,16.0391],[73.457,16.0408],[73.4688,16.0489],[73.465,16.0551],[73.4582,16.0532],[73.4553,16.0553],[73.4547,16.0627],[73.4613,16.0632],[73.4655,16.0719],[73.4577,16.086],[73.4652,16.0884],[73.4612,16.0897],[73.4402,16.1875],[73.4354,16.2016],[73.43,16.1996],[73.4271,16.2034],[73.4059,16.2941],[73.3945,16.3134],[73.3933,16.3303],[73.3855,16.3369],[73.39,16.3468],[73.3864,16.36],[73.3683,16.364],[73.3718,16.3723],[73.3668,16.3787],[73.3714,16.3897],[73.3741,16.3762],[73.3878,16.3943],[73.3657,16.3981],[73.3571,16.4389],[73.3494,16.448],[73.3417,16.4754],[73.3317,16.4896],[73.3252,16.5123],[73.3208,16.5162],[73.3159,16.5131],[73.3191,16.5191],[73.311,16.5417],[73.3182,16.5489],[73.3179,16.5561],[73.3227,16.5527],[73.3323,16.5569],[73.3335,16.5621],[73.3459,16.5364],[73.3667,16.517],[73.4062,16.5095],[73.418,16.5134],[73.4374,16.5009],[73.4664,16.4942],[73.4815,16.5],[73.4961,16.5194],[73.5147,16.5164],[73.5207,16.5242],[73.5278,16.5247],[73.544,16.5161],[73.5726,16.5324],[73.5823,16.5443],[73.5972,16.5433],[73.6115,16.5535],[73.6158,16.5746],[73.6247,16.5835],[73.6342,16.5806],[73.6404,16.5636],[73.6496,16.5654],[73.651,16.5758],[73.6625,16.5768],[73.6685,16.5842],[73.665,16.5892],[73.6721,16.5883],[73.6786,16.611],[73.687,16.6152],[73.6908,16.6248],[73.7038,16.6264],[73.7117,16.6123],[73.7199,16.6114],[73.7262,16.6042],[73.7667,16.6024],[73.7694,16.618],[73.7761,16.6254],[73.7676,16.6465],[73.7692,16.6606],[73.7739,16.6635],[73.8037,16.6604],[73.835,16.649],[73.8434,16.6535],[73.8551,16.6511],[73.8537,16.6366],[73.8644,16.6093],[73.845,16.5864],[73.8485,16.5719],[73.8349,16.5555],[73.8337,16.5473],[73.8192,16.5458],[73.8494,16.5272],[73.8447,16.5076],[73.8547,16.4881],[73.8654,16.4761],[73.886,16.4756],[73.8896,16.4584],[73.8888,16.4495],[73.8724,16.4398],[73.8678,16.4294],[73.8389,16.4039],[73.8401,16.3931],[73.8608,16.3856],[73.8674,16.3746],[73.8586,16.3594],[73.8444,16.3562],[73.8368,16.3468],[73.8499,16.3262],[73.8423,16.3177],[73.8504,16.3143],[73.8483,16.301],[73.8581,16.3159],[73.8675,16.3101],[73.8883,16.3294],[73.8895,16.3243],[73.9001,16.3311],[73.9058,16.3292],[73.9036,16.305],[73.8924,16.3004],[73.8917,16.2909],[73.8827,16.2803],[73.8949,16.2691],[73.8976,16.2581],[73.9085,16.2578],[73.9094,16.2507],[73.9212,16.2468],[73.8941,16.2318],[73.9118,16.2348],[73.9187,16.2311],[73.9452,16.2439],[73.9488,16.2391],[73.9331,16.2207],[73.927,16.2198],[73.9322,16.2107],[73.9286,16.201],[73.9432,16.2072],[73.9471,16.204],[73.9601,16.2066],[73.9609,16.2012],[73.9433,16.1877],[73.9504,16.1795],[73.9479,16.1731],[73.9326,16.1694],[73.9231,16.175],[73.9171,16.1733],[73.9207,16.168],[73.9101,16.1595],[73.921,16.1543],[73.9158,16.1497],[73.9172,16.1401],[73.911,16.1362],[73.8876,16.146],[73.8739,16.1433],[73.8684,16.1474],[73.8683,16.1392],[73.8469,16.1532],[73.856,16.1366],[73.8486,16.132],[73.851,16.1191],[73.8368,16.0948],[73.8443,16.0898],[73.8462,16.0797],[73.8592,16.0759],[73.858,16.0837],[73.8492,16.084],[73.8465,16.0962],[73.8614,16.1081],[73.8746,16.1073],[73.8661,16.0983],[73.8876,16.0964],[73.8996,16.0899],[73.9087,16.1006],[73.9376,16.096],[73.9491,16.0993],[73.9986,16.0893],[73.9939,16.0785],[74.0075,16.0768],[74.007,16.067],[73.9954,16.0584],[74.0028,16.0531],[74.0029,16.0386],[74.0497,16.0351],[74.0577,16.052],[74.0779,16.0212],[74.0885,16.0166],[74.092,16.0074],[74.0679,15.9882],[74.0551,15.963],[74.047,15.9576],[74.0505,15.9507],[74.0673,15.9415],[74.0746,15.9491],[74.095,15.8984],[74.0895,15.8741],[74.0939,15.8726],[74.0334,15.8348],[74.0363,15.8044],[74.0676,15.8144],[74.0713,15.8341],[74.1045,15.8403],[74.1124,15.8225],[74.1455,15.8325],[74.1431,15.8225],[74.1604,15.8223],[74.1565,15.7887],[74.1746,15.7752],[74.1853,15.776],[74.2015,15.7863],[74.2116,15.7818],[74.2055,15.7616],[74.1985,15.7565],[74.1616,15.7523],[74.154,15.7374],[74.1244,15.721],[74.1354,15.7034],[74.1274,15.6815],[74.1112,15.6739],[74.0902,15.6739],[74.0982,15.6623],[74.1194,15.6537],[74.1133,15.6409]]]}},{"type":"Feature","properties":{"admin_code":"IN-MH-SOLAPUR","name":"Solapur","name_local":"सोलापूर"},"geometry":{"type":"Polygon","coordinates":[[[76.0639,17.3544],[76.0552,17.3568],[76.0373,17.3514],[76.016,17.3531],[76.0008,17.3402],[75.972,17.3389],[75.9315,17.3265],[75.911,17.3482],[75.8939,17.356],[75.8966,17.3973],[75.8874,17.4196],[75.8786,17.4188],[75.8791,17.4026],[75.8621,17.3882],[75.856,17.4099],[75.8389,17.4228],[75.8247,17.4251],[75.8162,17.4001],[75.815,17.3761],[75.8022,17.3724],[75.7821,17.3811],[75.7696,17.4091],[75.7585,17.4106],[75.7367,17.4241],[75.7148,17.4111],[75.6907,17.4148],[75.6803,17.4383],[75.677,17.4601],[75.6617,17.4618],[75.6489,17.4755],[75.6349,17.4796],[75.6306,17.4633],[75.6246,17.4602],[75.6147,17.4242],[75.6094,17.4217],[75.6151,17.394],[75.5777,17.3851],[75.584,17.352],[75.6124,17.3445],[75.6153,17.331],[75.6052,17.3055],[75.5578,17.2856],[75.5289,17.2599],[75.5161,17.2401],[75.4647,17.2397],[75.4681,17.2522],[75.4483,17.2564],[75.4316,17.2683],[75.423,17.2657],[75.4106,17.241],[75.4042,17.2119],[75.4095,17.1914],[75.407,17.1841],[75.3869,17.1917],[75.3683,17.1917],[75.3708,17.2156],[75.3627,17.2363],[75.3348,17.2333],[75.3319,17.2195],[75.2898,17.216],[75.284,17.203],[75.2854,17.1934],[75.3061,17.1716],[75.297,17.1469],[75.2742,17.1491],[75.2676,17.1799],[75.2702,17.184],[75.2337,17.1812],[75.2259,17.184],[75.2148,17.2],[75.219,17.2069],[75.2403,17.217],[75.2395,17.2364],[75.2489,17.2558],[75.2261,17.2564],[75.2067,17.2632],[75.2049,17.2696],[75.1927,17.2673],[75.1919,17.2558],[75.1809,17.2372],[75.0813,17.2485],[75.0758,17.2351],[75.0805,17.2226],[75.0182,17.2259],[75.0089,17.2091],[74.9929,17.2072],[74.9831,17.195],[74.9501,17.198],[74.947,17.1924],[74.9561,17.1912],[74.9481,17.1775],[74.9298,17.1747],[74.9201,17.1788],[74.908,17.1747],[74.9018,17.1775],[74.9017,17.183],[74.8971,17.1762],[74.8891,17.1804],[74.8944,17.186],[74.8901,17.1895],[74.8984,17.1944],[74.8894,17.1955],[74.8827,17.188],[74.8731,17.191],[74.8722,17.197],[74.8675,17.196],[74.8733,17.2091],[74.8599,17.2056],[74.8616,17.2101],[74.8518,17.2117],[74.869,17.2168],[74.8796,17.2127],[74.8772,17.2214],[74.8849,17.2212],[74.8871,17.2328],[74.8974,17.2377],[74.9103,17.275],[74.9385,17.274],[74.9418,17.2865],[74.9628,17.2942],[74.9714,17.3215],[74.9698,17.3414],[75.0082,17.3688],[74.9986,17.3924],[75.001,17.4076],[75.0081,17.4113],[75.0251,17.4092],[75.0353,17.4206],[75.0334,17.4462],[75.0418,17.4703],[75.0407,17.4832],[75.0369,17.4918],[75.0286,17.4945],[74.9815,17.4652],[74.9724,17.4728],[74.9658,17.4918],[74.9461,17.5069],[74.9419,17.5134],[74.945,17.5188],[74.9642,17.5231],[74.9898,17.5424],[74.9645,17.5643],[74.9641,17.5911],[74.9219,17.5768],[74.9195,17.599],[74.9285,17.6177],[74.911,17.6204],[74.9122,17.6296],[74.9065,17.6273],[74.9006,17.6508],[74.891,17.6603],[74.8898,17.6758],[74.8861,17.682],[74.8784,17.6792],[74.8675,17.6964],[74.8742,17.7267],[74.8414,17.7259],[74.8205,17.7478],[74.7809,17.7714],[74.7687,17.7682],[74.7656,17.7596],[74.7481,17.7638],[74.745,17.7709],[74.7518,17.7676],[74.7573,17.7806],[74.7507,17.7876],[74.7413,17.7885],[74.7488,17.7983],[74.7149,17.784],[74.714,17.7919],[74.7121,17.7847],[74.7031,17.7864],[74.7069,17.7931],[74.6968,17.7919],[74.703,17.7963],[74.6993,17.7986],[74.7022,17.8058],[74.6963,17.8034],[74.6969,17.8085],[74.6863,17.8107],[74.6798,17.8508],[74.662,17.862],[74.6557,17.8617],[74.6497,17.84],[74.6405,17.8359],[74.6433,17.8299],[74.6385,17.8291],[74.631,17.8395],[74.6299,17.8327],[74.6196,17.8344],[74.6162,17.8377],[74.6204,17.8448],[74.6097,17.8473],[74.6132,17.8573],[74.636,17.8731],[74.6359,17.9012],[74.659,17.9304],[74.6691,17.9761],[74.6657,18.0014],[74.7113,18.0303],[74.7442,18.0258],[74.7489,18.0193],[74.7648,18.0248],[74.7785,18.0116],[74.7981,18.0065],[74.8083,17.9973],[74.8101,18.0151],[74.8168,18.0174],[74.8308,18.0059],[74.834,17.9929],[74.8549,17.9956],[74.8648,17.9921],[74.8623,17.9724],[74.8459,17.9531],[74.8527,17.9464],[74.8705,17.9517],[74.8934,17.9375],[74.9122,17.9456],[74.9393,17.9408],[74.9445,17.9375],[74.9444,17.9255],[74.9629,17.9166],[75.019,17.9082],[75.0249,17.8929],[75.0395,17.9037],[75.0554,17.9027],[75.0492,17.9219],[75.0586,17.9259],[75.0747,17.9156],[75.0842,17.9193],[75.0898,17.9235],[75.0835,17.933],[75.0855,17.9395],[75.1007,17.9431],[75.112,17.9354],[75.1157,17.9374],[75.1316,17.955],[75.1172,17.967],[75.1207,17.9718],[75.1359,17.9703],[75.1267,17.9945],[75.1148,17.9985],[75.103,17.9735],[75.0803,17.979],[75.0715,17.9765],[75.06,17.952],[75.0413,17.9475],[75.0225,17.9628],[75.026,17.9818],[75.0536,18.021],[75.0847,18.0428],[75.0932,18.0691],[75.1312,18.0761],[75.1385,18.0923],[75.1641,18.1073],[75.1637,18.1195],[75.1467,18.1241],[75.1193,18.1189],[75.0947,18.123],[75.0926,18.1468],[75.1079,18.174],[75.1151,18.2003],[75.1049,18.221],[75.0829,18.2187],[75.0603,18.1983],[75.0375,18.1963],[75.0229,18.1882],[75.0095,18.2128],[75.0466,18.2563],[75.0457,18.2629],[74.9941,18.2417],[74.9697,18.2506],[74.952,18.2642],[74.8961,18.2597],[74.8776,18.2481],[74.843,18.244],[74.8341,18.2471],[74.8133,18.2704],[74.7975,18.28],[74.7947,18.2893],[74.798,18.2984],[74.8021,18.3033],[74.8373,18.2949],[74.8437,18.3101],[74.8334,18.3219],[74.8344,18.3381],[74.8528,18.3315],[74.8626,18.3345],[74.8721,18.3536],[74.9083,18.3569],[74.9168,18.3779],[74.9411,18.386],[74.9663,18.3858],[74.9846,18.4004],[75.0051,18.4036],[75.0172,18.4374],[75.0512,18.4304],[75.0599,18.4207],[75.0734,18.4243],[75.0796,18.4213],[75.0828,18.4286],[75.0936,18.4346],[75.0936,18.4571],[75.1066,18.49],[75.1266,18.4946],[75.1358,18.527],[75.1603,18.5206],[75.1983,18.5292],[75.2052,18.5334],[75.2163,18.5552],[75.2286,18.544],[75.2409,18.5442],[75.2622,18.5096],[75.3153,18.5193],[75.3005,18.499],[75.3039,18.4859],[75.2997,18.4528],[75.3047,18.4351],[75.2861,18.4086],[75.2997,18.4031],[75.3077,18.3929],[75.3197,18.3974],[75.3286,18.388],[75.335,18.3913],[75.3407,18.3815],[75.3612,18.3708],[75.3645,18.3605],[75.3811,18.3465],[75.3905,18.3296],[75.4085,18.3248],[75.3951,18.3087],[75.4021,18.2982],[75.3978,18.2659],[75.4331,18.2624],[75.4334,18.2543],[75.4252,18.2419],[75.4286,18.2203],[75.4396,18.2089],[75.4311,18.1787],[75.4538,18.1723],[75.4662,18.162],[75.471,18.1754],[75.492,18.1748],[75.492,18.1571],[75.509,18.1603],[75.5218,18.1425],[75.5342,18.1352],[75.5517,18.1457],[75.5479,18.1644],[75.5554,18.2019],[75.5633,18.2088],[75.5757,18.2408],[75.5875,18.2464],[75.6337,18.2486],[75.6344,18.2651],[75.6198,18.2751],[75.6526,18.3312],[75.6906,18.325],[75.7047,18.3394],[75.721,18.3384],[75.7232,18.3494],[75.7328,18.3612],[75.7289,18.3869],[75.7096,18.3968],[75.7293,18.4348],[75.7646,18.4407],[75.7749,18.4126],[75.7997,18.3848],[75.8254,18.3813],[75.8524,18.3653],[75.8768,18.3683],[75.8879,18.3643],[75.9054,18.3257],[75.9252,18.303],[75.9306,18.2734],[75.9281,18.2615],[75.9489,18.2392],[75.9399,18.2128],[75.9487,18.1992],[75.9492,18.1828],[75.9612,18.1597],[75.9432,18.1241],[75.9625,18.0905],[75.9937,18.0944],[76.0008,18.0731],[75.9937,18.0714],[75.9927,18.0625],[76.0044,18.0498],[76.0128,18.0509],[76.017,18.0403],[76.0043,18.0177],[75.9992,17.9952],[75.9865,17.9908],[75.9847,17.9758],[75.9766,17.9714],[75.9619,17.9804],[75.9192,17.9749],[75.9137,17.9791],[75.9116,17.9991],[75.9008,18.0074],[75.8705,18.014],[75.8529,18.0072],[75.8403,17.9792],[75.8474,17.979],[75.839,17.9397],[75.8396,17.9302],[75.8482,17.9295],[75.8523,17.9207],[75.8462,17.8927],[75.8589,17.8646],[75.8771,17.8468],[75.9204,17.8333],[75.9265,17.8342],[75.9332,17.8514],[75.9405,17.8525],[75.9692,17.8195],[75.9773,17.8207],[75.9788,17.8431],[76.0193,17.8298],[76.0177,17.8152],[76.0103,17.8035],[76.0131,17.788],[76.008,17.7857],[76.0053,17.7701],[76.0071,17.7509],[76.0284,17.7667],[76.057,17.7661],[76.0972,17.7794],[76.1039,17.7733],[76.1008,17.7621],[76.1169,17.7698],[76.1195,17.764],[76.1232,17.7698],[76.1463,17.7551],[76.149,17.7336],[76.155,17.7336],[76.1458,17.7095],[76.1504,17.6998],[76.1671,17.7008],[76.1672,17.6936],[76.1907,17.6832],[76.2011,17.6893],[76.2209,17.6913],[76.2267,17.6988],[76.2404,17.6987],[76.2416,17.7059],[76.2521,17.7086],[76.2722,17.7283],[76.3,17.7298],[76.317,17.7163],[76.32,17.6979],[76.3569,17.697],[76.3624,17.6875],[76.3801,17.6864],[76.3821,17.6604],[76.4056,17.658],[76.413,17.6493],[76.4304,17.6468],[76.4174,17.6066],[76.3331,17.5973],[76.3415,17.545],[76.3625,17.5387],[76.3677,17.5247],[76.368,17.5192],[76.3478,17.5139],[76.345,17.4969],[76.3765,17.4957],[76.3739,17.4883],[76.3515,17.4747],[76.3323,17.4714],[76.3352,17.4349],[76.3748,17.4371],[76.3636,17.3778],[76.4098,17.372],[76.4124,17.3505],[76.3947,17.339],[76.3834,17.3146],[76.3539,17.3134],[76.3452,17.3526],[76.3145,17.3459],[76.3187,17.3321],[76.2773,17.3332],[76.2715,17.3592],[76.2513,17.3605],[76.2517,17.3693],[76.2456,17.3773],[76.2316,17.3728],[76.2302,17.3658],[76.184,17.3591],[76.1734,17.3513],[76.1774,17.3241],[76.1849,17.3137],[76.1768,17.2998],[76.1649,17.303],[76.1642,17.3435],[76.1386,17.3551],[76.1221,17.3688],[76.1028,17.3648],[76.0913,17.3531],[76.0949,17.3496],[76.0876,17.3362],[76.0742,17.3348],[76.0639,17.3544]]]}},{"type":"Feature","properties":{"admin_code":"IN-MH-THANE","name":"Thane","name_local":"ठाणे"},"geometry":{"type":"Polygon","coordinates":[[[73.6298,19.5732],[73.6273,19.5434],[73.6362,19.5396],[73.6362,19.5335],[73.6408,19.5371],[73.6576,19.5354],[73.6665,19.5267],[73.6695,19.5149],[73.6802,19.5129],[73.6835,19.5182],[73.6876,19.5168],[73.6899,19.5095],[73.7103,19.497],[73.7084,19.4837],[73.6981,19.4825],[73.6971,19.4735],[73.6769,19.4633],[73.688,19.4444],[73.7085,19.4322],[73.7301,19.4309],[73.731,19.4151],[73.754,19.4101],[73.7564,19.3977],[73.773,19.3961],[73.7754,19.3888],[73.7827,19.3866],[73.7991,19.3368],[73.7955,19.3309],[73.7759,19.3403],[73.7756,19.3306],[73.7495,19.3281],[73.7539,19.3348],[73.7171,19.3272],[73.675,19.3033],[73.6728,19.2889],[73.6918,19.2703],[73.6972,19.2574],[73.6915,19.245],[73.6812,19.24],[73.6636,19.2398],[73.6343,19.2028],[73.6279,19.2105],[73.6153,19.2069],[73.6101,19.19],[73.5717,19.19],[73.5678,19.1827],[73.5456,19.1836],[73.5458,19.1753],[73.5397,19.175],[73.5418,19.1605],[73.5341,19.1562],[73.5381,19.145],[73.5462,19.1433],[73.5407,19.1225],[73.5326,19.1303],[73.5158,19.1314],[73.4877,19.1254],[73.4737,19.1356],[73.4333,19.1282],[73.4034,19.1353],[73.3769,19.1281],[73.3513,19.1294],[73.3121,19.1081],[73.3196,19.0943],[73.3179,19.0827],[73.3061,19.0822],[73.3015,19.0756],[73.3011,19.0829],[73.2806,19.0852],[73.264,19.0667],[73.2477,19.0646],[73.2361,19.0742],[73.2289,19.0889],[73.2164,19.0974],[73.1992,19.1254],[73.1891,19.1229],[73.1779,19.1097],[73.1553,19.1137],[73.1452,19.1267],[73.1315,19.1108],[73.1108,19.1121],[73.1026,19.1082],[73.0899,19.116],[73.0652,19.1113],[73.0481,19.0986],[73.0439,19.072],[73.0494,19.0521],[73.0473,19.0177],[73.0308,18.9991],[73.0247,19.0026],[73.0154,18.9988],[73.0024,19.0042],[73.0009,19.0161],[73.0068,19.0302],[72.9938,19.0596],[72.9735,19.0597],[72.9689,19.0942],[72.984,19.1567],[72.9723,19.1774],[72.9385,19.1904],[72.9384,19.2057],[72.9126,19.2349],[72.9088,19.2474],[72.8897,19.2518],[72.8572,19.2693],[72.8393,19.2645],[72.8382,19.2535],[72.8303,19.2461],[72.8194,19.2462],[72.8015,19.2616],[72.7846,19.2633],[72.7807,19.2706],[72.779,19.279],[72.7834,19.2805],[72.7867,19.3069],[72.7925,19.3098],[72.803,19.3031],[72.8147,19.3032],[72.8426,19.3185],[72.8672,19.3128],[72.8979,19.2883],[72.9394,19.2876],[72.9334,19.3156],[72.9377,19.326],[72.937,19.3458],[72.9508,19.3577],[72.9476,19.3705],[72.9667,19.3727],[72.9825,19.3943],[72.9947,19.3999],[73.0081,19.4209],[73.007,19.4283],[72.9848,19.4443],[72.9869,19.4579],[72.9818,19.4665],[72.9945,19.4742],[72.9948,19.4852],[73.0074,19.488],[73.0197,19.47],[73.0305,19.4752],[73.0578,19.4513],[73.0721,19.4503],[73.0942,19.4654],[73.109,19.4618],[73.1207,19.4665],[73.1188,19.4839],[73.1227,19.4895],[73.1514,19.4963],[73.1814,19.528],[73.1916,19.5302],[73.1975,19.5387],[73.1902,19.5468],[73.1802,19.5816],[73.213,19.5879],[73.2163,19.598],[73.2341,19.5943],[73.2361,19.6049],[73.2436,19.6129],[73.2713,19.6069],[73.2587,19.6456],[73.2692,19.6587],[73.2729,19.6813],[73.2885,19.6772],[73.3144,19.6599],[73.3143,19.6677],[73.3237,19.6765],[73.3344,19.6762],[73.3352,19.681],[73.3431,19.6818],[73.3549,19.6759],[73.3504,19.6665],[73.3545,19.6624],[73.3696,19.6681],[73.369,19.6774],[73.3817,19.6776],[73.385,19.6847],[73.3918,19.6831],[73.4025,19.6888],[73.426,19.6864],[73.4245,19.6956],[73.4456,19.6905],[73.4491,19.698],[73.4579,19.695],[73.4653,19.7031],[73.4744,19.7001],[73.4783,19.7064],[73.4848,19.7019],[73.4876,19.7055],[73.4954,19.703],[73.4971,19.7093],[73.5009,19.7049],[73.5076,19.7075],[73.5214,19.7024],[73.5527,19.6509],[73.5648,19.643],[73.5671,19.6172],[73.5775,19.6169],[73.5876,19.6093],[73.5787,19.6021],[73.5967,19.6006],[73.6213,19.5877],[73.6298,19.5732]]]}},{"type":"Feature","properties":{"admin_code":"IN-MH-WARDHA","name":"Wardha","name_local":"वर्धा"},"geometry":{"type":"Polygon","coordinates":[[[79.2148,20.547],[79.1923,20.5333],[79.1798,20.5112],[79.1722,20.5129],[79.157,20.4773],[79.1398,20.4781],[79.1311,20.4546],[79.1215,20.4506],[79.1027,20.4532],[79.0904,20.462],[79.0523,20.4646],[79.046,20.4672],[79.0472,20.474],[79.0244,20.4791],[79.0023,20.4482],[78.9902,20.4634],[78.9844,20.4569],[78.969,20.4591],[78.9642,20.4366],[78.9513,20.429],[78.9169,20.4299],[78.8997,20.4378],[78.872,20.4223],[78.8468,20.434],[78.8423,20.4316],[78.8441,20.4223],[78.8562,20.4095],[78.8437,20.4019],[78.827,20.4025],[78.8199,20.3934],[78.8226,20.3709],[78.8285,20.3627],[78.8242,20.35],[78.8341,20.3342],[78.8306,20.3198],[78.8111,20.3122],[78.8023,20.2984],[78.7809,20.2998],[78.7616,20.2938],[78.7495,20.2974],[78.7395,20.2933],[78.7347,20.3054],[78.7087,20.31],[78.7126,20.3378],[78.7098,20.3499],[78.6929,20.3574],[78.6827,20.3816],[78.6692,20.3899],[78.6579,20.4143],[78.6476,20.42],[78.6486,20.4324],[78.6201,20.4324],[78.6117,20.4428],[78.6044,20.4291],[78.5714,20.433],[78.5592,20.4485],[78.5379,20.4636],[78.5363,20.4801],[78.5261,20.4879],[78.5236,20.504],[78.5097,20.5202],[78.4815,20.5289],[78.4546,20.5124],[78.4351,20.5184],[78.4131,20.512],[78.3874,20.5204],[78.3779,20.5307],[78.3701,20.5328],[78.3605,20.5273],[78.3411,20.5437],[78.2804,20.563],[78.2645,20.58],[78.2533,20.6164],[78.2505,20.6436],[78.2696,20.6658],[78.2688,20.679],[78.2801,20.697],[78.2897,20.7011],[78.298,20.6988],[78.3013,20.7154],[78.3088,20.7238],[78.3108,20.7589],[78.2948,20.7785],[78.2961,20.803],[78.3003,20.8118],[78.3118,20.8151],[78.3184,20.8236],[78.3094,20.8349],[78.2944,20.8282],[78.2928,20.8403],[78.2805,20.8444],[78.2733,20.8657],[78.2658,20.87],[78.2562,20.887],[78.2237,20.901],[78.2165,20.9088],[78.2052,20.9],[78.185,20.9052],[78.1686,20.9435],[78.1467,20.9528],[78.1501,20.9864],[78.1381,21.0046],[78.1478,21.0233],[78.1409,21.0355],[78.1518,21.0449],[78.1545,21.0754],[78.1482,21.1001],[78.1354,21.1056],[78.1328,21.1135],[78.1459,21.1377],[78.0951,21.1774],[78.1002,21.1877],[78.0993,21.1997],[78.0744,21.2201],[78.0723,21.2358],[78.0592,21.2407],[78.0561,21.2497],[78.0618,21.2747],[78.0823,21.2783],[78.0818,21.2874],[78.0686,21.2993],[78.0803,21.3285],[78.0757,21.3538],[78.1058,21.3553],[78.1508,21.3418],[78.1585,21.3303],[78.221,21.3313],[78.2565,21.3256],[78.2608,21.3299],[78.2955,21.2951],[78.314,21.2923],[78.308,21.2743],[78.315,21.2692],[78.3268,21.2717],[78.3278,21.2567],[78.3335,21.2511],[78.3534,21.2514],[78.4076,21.238],[78.4199,21.2283],[78.4471,21.2346],[78.4732,21.2173],[78.4787,21.2201],[78.519,21.1756],[78.5262,21.1534],[78.5554,21.1184],[78.5902,21.1152],[78.597,21.1091],[78.5991,21.0907],[78.6112,21.0891],[78.6074,21.0698],[78.6149,21.0696],[78.616,21.0648],[78.6257,21.0675],[78.6349,21.0588],[78.6437,21.06],[78.6516,21.052],[78.6526,21.0364],[78.6891,21.03],[78.6957,21.0207],[78.7314,21.0052],[78.7271,20.9724],[78.7356,20.9475],[78.7499,20.9438],[78.7465,20.9359],[78.7613,20.9197],[78.7664,20.9215],[78.7742,20.9082],[78.7705,20.8995],[78.779,20.8917],[78.7884,20.8908],[78.8102,20.8767],[78.821,20.8794],[78.8326,20.8936],[78.8429,20.8912],[78.8416,20.881],[78.8652,20.8719],[78.8617,20.8616],[78.8645,20.8427],[78.8755,20.8273],[78.8842,20.832],[78.8889,20.8423],[78.9164,20.8357],[78.9154,20.8188],[78.9202,20.8136],[78.916,20.807],[78.9285,20.798],[78.9472,20.7945],[78.9489,20.7829],[78.9426,20.7806],[78.9456,20.7675],[78.9573,20.7674],[78.9742,20.7548],[78.998,20.7544],[79.0004,20.743],[79.0131,20.7429],[79.0202,20.7367],[79.0533,20.7348],[79.054,20.7269],[79.0746,20.7242],[79.0772,20.7158],[79.0926,20.7085],[79.1046,20.7127],[79.1095,20.6971],[79.1074,20.6862],[79.1433,20.6764],[79.1499,20.6521],[79.1708,20.6436],[79.1712,20.6251],[79.1813,20.6173],[79.1867,20.6194],[79.193,20.5967],[79.1959,20.6012],[79.2098,20.598],[79.2251,20.5827],[79.2148,20.547]]]}},{"type":"Feature","properties":{"admin_code":"IN-MH-WASHIM","name":"Washim","name_local":"वाशिम"},"geometry":{"type":"Polygon","coordinates":[[[76.8352,20.2892],[76.8406,20.302],[76.8643,20.2983],[76.8737,20.2789],[76.8837,20.2828],[76.8809,20.2891],[76.8855,20.2982],[76.9094,20.3146],[76.8929,20.3186],[76.9011,20.3411],[76.9194,20.3543],[76.9215,20.3606],[76.9313,20.3599],[76.9353,20.371],[76.9525,20.3651],[76.9803,20.3725],[76.9775,20.3831],[76.9819,20.3819],[76.992,20.3967],[76.9985,20.3953],[76.9946,20.4091],[77.0183,20.4133],[77.0163,20.4299],[77.0254,20.4509],[77.0558,20.4491],[77.06,20.4391],[77.0789,20.438],[77.0863,20.4218],[77.1173,20.4084],[77.1243,20.4103],[77.1417,20.3832],[77.1529,20.4015],[77.1774,20.4003],[77.1933,20.4076],[77.1977,20.4211],[77.1855,20.4302],[77.1874,20.4493],[77.2258,20.4486],[77.242,20.429],[77.249,20.427],[77.2512,20.438],[77.2786,20.4314],[77.2868,20.4197],[77.2962,20.4203],[77.3019,20.448],[77.3339,20.4515],[77.3493,20.4655],[77.3432,20.4701],[77.3471,20.4796],[77.3277,20.4858],[77.3297,20.4992],[77.372,20.4985],[77.3681,20.4803],[77.3817,20.4837],[77.3986,20.5264],[77.3717,20.5281],[77.3675,20.5204],[77.3369,20.5272],[77.3448,20.5477],[77.3384,20.5506],[77.3411,20.5772],[77.3631,20.5681],[77.3662,20.5819],[77.3914,20.5835],[77.4046,20.5793],[77.4041,20.5884],[77.4132,20.5879],[77.4125,20.6034],[77.4184,20.609],[77.4446,20.6138],[77.4675,20.6107],[77.4703,20.6178],[77.4623,20.6202],[77.4613,20.6268],[77.4562,20.6261],[77.4413,20.6475],[77.4351,20.6481],[77.4346,20.6619],[77.4573,20.6545],[77.4558,20.6618],[77.4719,20.6887],[77.4808,20.6813],[77.4969,20.6806],[77.5051,20.6648],[77.5115,20.6643],[77.5182,20.6736],[77.5135,20.6836],[77.5442,20.6761],[77.5471,20.6795],[77.54,20.6891],[77.5241,20.6956],[77.5255,20.7013],[77.5162,20.6986],[77.5087,20.7106],[77.5223,20.7321],[77.5664,20.7216],[77.5726,20.7416],[77.5833,20.7494],[77.5894,20.7483],[77.5918,20.7578],[77.6167,20.7605],[77.6371,20.7557],[77.6333,20.7386],[77.6264,20.728],[77.617,20.7283],[77.6148,20.7196],[77.6342,20.7121],[77.6411,20.6911],[77.6376,20.658],[77.6536,20.6632],[77.6518,20.6543],[77.6563,20.6477],[77.6502,20.6091],[77.6314,20.5674],[77.6537,20.5648],[77.6455,20.5298],[77.6567,20.529],[77.671,20.5378],[77.691,20.5326],[77.6917,20.5239],[77.6735,20.5155],[77.6613,20.4877],[77.6555,20.4873],[77.6482,20.4496],[77.6173,20.4614],[77.6144,20.4537],[77.602,20.4454],[77.6078,20.4367],[77.594,20.4251],[77.597,20.4111],[77.5856,20.4121],[77.5761,20.3931],[77.5788,20.3716],[77.572,20.3596],[77.5683,20.3339],[77.585,20.3259],[77.5873,20.3119],[77.5958,20.3018],[77.5966,20.2812],[77.61,20.2787],[77.6123,20.2645],[77.6692,20.2482],[77.6552,20.2111],[77.6605,20.2026],[77.6473,20.1907],[77.6543,20.1742],[77.682,20.1695],[77.6775,20.1485],[77.6849,20.145],[77.6729,20.1205],[77.6724,20.1049],[77.6598,20.0971],[77.6568,20.0814],[77.6409,20.0671],[77.6413,20.0598],[77.6266,20.0419],[77.5978,20.0379],[77.5815,20.0304],[77.5576,20.0489],[77.554,20.0648],[77.5411,20.0734],[77.5267,20.0946],[77.4918,20.0803],[77.4836,20.0845],[77.4665,20.0718],[77.4565,20.0709],[77.4088,20.0862],[77.391,20.0869],[77.3701,20.1016],[77.3686,20.0892],[77.3573,20.0774],[77.3558,20.0688],[77.3744,20.0468],[77.3551,20.0147],[77.3416,20.0069],[77.3408,19.9697],[77.3329,19.9713],[77.3257,19.9568],[77.3083,19.9631],[77.3062,19.9471],[77.288,19.9361],[77.2865,19.9111],[77.2857,19.9166],[77.2762,19.915],[77.2744,19.901],[77.2697,19.8978],[77.2632,19.9004],[77.2455,19.8921],[77.2382,19.8965],[77.2494,19.9063],[77.2429,19.9152],[77.2297,19.9193],[77.2149,19.9368],[77.2062,19.9684],[77.2057,19.9908],[77.1976,19.998],[77.1487,20.002],[77.0853,19.9579],[77.0843,19.9677],[77.0739,19.9757],[77.0618,19.9967],[77.0471,20.0078],[77.0327,20.0105],[77.0159,20.0032],[76.994,20.0183],[76.9898,19.9967],[76.9733,19.9948],[76.963,19.9859],[76.9474,19.9842],[76.9016,19.9632],[76.8969,19.9466],[76.8747,19.9513],[76.8724,19.9562],[76.8378,19.9614],[76.8242,19.9273],[76.7741,19.9333],[76.768,19.9043],[76.7472,19.9072],[76.7401,19.8726],[76.7126,19.8692],[76.6921,19.873],[76.686,19.8497],[76.6794,19.8468],[76.6641,19.8504],[76.6477,19.8662],[76.6589,19.8874],[76.6573,19.8977],[76.6421,19.9002],[76.6276,19.8914],[76.6125,19.8911],[76.6157,19.9077],[76.6075,19.9216],[76.624,19.9219],[76.6342,19.9271],[76.6388,19.9591],[76.6601,19.9636],[76.6606,19.9769],[76.6462,19.9824],[76.6596,20.0013],[76.6633,20.0486],[76.6256,20.0503],[76.6311,20.0829],[76.6376,20.07],[76.6484,20.069],[76.6499,20.0843],[76.6616,20.0981],[76.6595,20.1135],[76.6717,20.127],[76.707,20.123],[76.7594,20.1314],[76.7628,20.1623],[76.7502,20.1669],[76.748,20.2053],[76.751,20.2096],[76.7638,20.2093],[76.7876,20.2036],[76.7974,20.2198],[76.8122,20.2202],[76.8277,20.2465],[76.8239,20.264],[76.8305,20.2676],[76.8224,20.281],[76.8352,20.2892]]]}},{"type":"Feature","properties":{"admin_code":"IN-MH-YAVATMAL","name":"Yavatmal","name_local":"यवतमाळ"},"geometry":{"type":"Polygon","coordinates":[[[77.288,19.9361],[77.3062,19.9471],[77.3083,19.9631],[77.3257,19.9568],[77.3329,19.9713],[77.3408,19.9697],[77.3416,20.0069],[77.3551,20.0147],[77.3744,20.0468],[77.3558,20.0688],[77.3573,20.0774],[77.3686,20.0892],[77.3701,20.1016],[77.391,20.0869],[77.4088,20.0862],[77.4565,20.0709],[77.4665,20.0718],[77.4836,20.0845],[77.4918,20.0803],[77.5267,20.0946],[77.5411,20.0734],[77.554,20.0648],[77.5576,20.0489],[77.5815,20.0304],[77.5978,20.0379],[77.6266,20.0419],[77.6413,20.0598],[77.6409,20.0671],[77.6568,20.0814],[77.6598,20.0971],[77.6724,20.1049],[77.6729,20.1205],[77.6849,20.145],[77.6775,20.1485],[77.682,20.1695],[77.6543,20.1742],[77.6473,20.1907],[77.6605,20.2026],[77.6552,20.2111],[77.6692,20.2482],[77.6123,20.2645],[77.61,20.2787],[77.5966,20.2812],[77.5958,20.3018],[77.5873,20.3119],[77.585,20.3259],[77.5683,20.3339],[77.572,20.3596],[77.5788,20.3716],[77.5761,20.3931],[77.5856,20.4121],[77.597,20.4111],[77.594,20.4251],[77.6078,20.4367],[77.602,20.4454],[77.6144,20.4537],[77.6173,20.4614],[77.6482,20.4496],[77.6555,20.4873],[77.6613,20.4877],[77.6735,20.5155],[77.6917,20.5239],[77.691,20.5326],[77.671,20.5378],[77.6567,20.529],[77.6455,20.5298],[77.6537,20.5648],[77.6598,20.5658],[77.6674,20.581],[77.688,20.5803],[77.7035,20.568],[77.7425,20.5619],[77.7511,20.5485],[77.7722,20.5405],[77.7831,20.5443],[77.7903,20.557],[77.8076,20.5674],[77.8121,20.5878],[77.8382,20.5661],[77.8474,20.571],[77.8473,20.5882],[77.8664,20.5954],[77.8667,20.6098],[77.878,20.6099],[77.8937,20.624],[77.9197,20.6051],[77.913,20.566],[77.9228,20.5647],[77.9249,20.5591],[77.9347,20.5776],[77.9519,20.5805],[77.9516,20.5759],[77.9744,20.5907],[77.9826,20.6085],[77.9967,20.6234],[78.0272,20.6334],[78.0218,20.6428],[78.0392,20.667],[78.059,20.6686],[78.0642,20.6732],[78.0781,20.6683],[78.0776,20.6644],[78.0855,20.6736],[78.0896,20.6726],[78.1009,20.6665],[78.0939,20.6415],[78.1021,20.6445],[78.1125,20.6407],[78.1128,20.6495],[78.1319,20.6486],[78.1329,20.6546],[78.1256,20.6614],[78.1328,20.6649],[78.1367,20.6605],[78.1596,20.6597],[78.1595,20.6678],[78.1817,20.6711],[78.1834,20.6778],[78.2096,20.6771],[78.2139,20.6899],[78.2318,20.6915],[78.2546,20.6845],[78.2602,20.6963],[78.2801,20.697],[78.2688,20.679],[78.2696,20.6658],[78.2505,20.6436],[78.2533,20.6164],[78.2645,20.58],[78.2804,20.563],[78.3411,20.5437],[78.3605,20.5273],[78.3701,20.5328],[78.3779,20.5307],[78.3874,20.5204],[78.4131,20.512],[78.4351,20.5184],[78.4546,20.5124],[78.4815,20.5289],[78.5097,20.5202],[78.5236,20.504],[78.5261,20.4879],[78.5363,20.4801],[78.5379,20.4636],[78.5592,20.4485],[78.5714,20.433],[78.6044,20.4291],[78.6117,20.4428],[78.6201,20.4324],[78.6486,20.4324],[78.6476,20.42],[78.6579,20.4143],[78.6692,20.3899],[78.6827,20.3816],[78.6929,20.3574],[78.7098,20.3499],[78.7126,20.3378],[78.7087,20.31],[78.7347,20.3054],[78.7395,20.2933],[78.7495,20.2974],[78.7616,20.2938],[78.7809,20.2998],[78.8023,20.2984],[78.8188,20.2757],[78.8205,20.2705],[78.8119,20.2604],[78.8206,20.2475],[78.8611,20.2528],[78.8899,20.2479],[78.9059,20.2537],[78.9218,20.2529],[78.9222,20.2378],[78.935,20.2283],[78.9419,20.2162],[78.9631,20.2034],[78.9556,20.1689],[78.9819,20.1493],[78.9709,20.1382],[78.971,20.1238],[79.0046,20.1211],[79.0171,20.1134],[79.0488,20.0847],[79.0447,20.0718],[79.0545,20.0672],[79.0648,20.07],[79.071,20.0645],[79.0837,20.0291],[79.1082,20.0104],[79.1157,19.9891],[79.0955,19.982],[79.0942,19.9777],[79.1102,19.9664],[79.1059,19.9546],[79.094,19.9463],[79.0953,19.9153],[79.1141,19.9044],[79.1521,19.8937],[79.1363,19.8662],[79.1035,19.8429],[79.0945,19.8411],[79.0847,19.8271],[79.0669,19.8158],[79.0433,19.8178],[79.0298,19.802],[79.0209,19.7997],[79.0116,19.8045],[78.9584,19.8038],[78.9409,19.7789],[78.9521,19.7543],[78.9494,19.7492],[78.9034,19.7377],[78.8835,19.7466],[78.8812,19.7638],[78.8755,19.7683],[78.8594,19.7708],[78.8502,19.7607],[78.8442,19.7638],[78.8134,19.7597],[78.7907,19.7804],[78.769,19.7773],[78.7488,19.7813],[78.7222,19.7684],[78.7016,19.7912],[78.6408,19.8052],[78.6092,19.8189],[78.5905,19.8131],[78.5317,19.823],[78.5178,19.8156],[78.5091,19.7938],[78.4993,19.7945],[78.4816,19.8176],[78.434,19.8243],[78.4029,19.8376],[78.3912,19.8538],[78.3894,19.8803],[78.3414,19.8842],[78.3304,19.8915],[78.3281,19.896],[78.3397,19.9053],[78.3403,19.9111],[78.3335,19.9171],[78.3153,19.9137],[78.303,19.9178],[78.2875,19.9113],[78.2813,19.8858],[78.2553,19.8736],[78.2429,19.8881],[78.2602,19.9124],[78.2582,19.9264],[78.2533,19.93],[78.2011,19.9033],[78.15,19.9166],[78.1427,19.9159],[78.1317,19.9026],[78.1036,19.8973],[78.079,19.9012],[78.0638,19.9132],[78.0538,19.9313],[78.034,19.9291],[78.0125,19.9148],[78.0006,19.9184],[77.9721,19.911],[77.9545,19.9118],[77.9401,19.8932],[77.9249,19.8923],[77.9204,19.8852],[77.896,19.8766],[77.8868,19.8575],[77.8768,19.8502],[77.8709,19.8245],[77.8497,19.8014],[77.8661,19.772],[77.8596,19.7538],[77.8618,19.7436],[77.8773,19.7451],[77.879,19.7385],[77.8965,19.7262],[77.9,19.7355],[77.915,19.7304],[77.9341,19.74],[77.9538,19.73],[77.9655,19.707],[77.986,19.7],[77.989,19.6814],[78.0006,19.6821],[78.0324,19.6999],[78.0477,19.6995],[78.056,19.6858],[78.0569,19.6717],[78.0675,19.6688],[78.0828,19.6491],[78.0904,19.6459],[78.0957,19.6459],[78.1076,19.6606],[78.1229,19.6587],[78.1316,19.6678],[78.1537,19.6653],[78.1796,19.6557],[78.1963,19.6189],[78.1929,19.5928],[78.1862,19.5847],[78.1896,19.568],[78.148,19.5535],[78.1322,19.5582],[78.1205,19.5543],[78.1368,19.5318],[78.1239,19.5152],[78.1194,19.4976],[78.1149,19.492],[78.096,19.488],[78.0684,19.4677],[78.0265,19.4981],[78.017,19.4914],[78.0137,19.4661],[77.9923,19.4565],[77.9876,19.4606],[77.9896,19.4783],[77.9745,19.497],[77.9763,19.5067],[77.9594,19.5116],[77.942,19.4997],[77.933,19.5092],[77.9171,19.5158],[77.9134,19.5316],[77.9079,19.5336],[77.8904,19.5195],[77.8911,19.5057],[77.8861,19.501],[77.878,19.5128],[77.8621,19.5202],[77.8434,19.5105],[77.8476,19.4874],[77.8291,19.481],[77.8281,19.4761],[77.8481,19.4565],[77.8383,19.4494],[77.8353,19.44],[77.8203,19.446],[77.8105,19.4636],[77.8054,19.465],[77.7988,19.4511],[77.7496,19.4317],[77.7435,19.4375],[77.7286,19.4345],[77.6966,19.4416],[77.6997,19.4604],[77.7113,19.4679],[77.7146,19.4771],[77.7262,19.4754],[77.7409,19.4837],[77.7371,19.4956],[77.7398,19.5023],[77.7534,19.5103],[77.7503,19.5224],[77.7343,19.5327],[77.7149,19.5262],[77.701,19.5385],[77.6469,19.5482],[77.6348,19.5563],[77.6499,19.5562],[77.6412,19.5881],[77.6454,19.6084],[77.6301,19.6087],[77.6298,19.625],[77.6166,19.6299],[77.6168,19.6388],[77.6088,19.6414],[77.6081,19.6476],[77.6017,19.645],[77.5976,19.6513],[77.5871,19.652],[77.5809,19.6583],[77.569,19.651],[77.5559,19.6531],[77.5557,19.6644],[77.5432,19.6631],[77.5402,19.6693],[77.4991,19.6794],[77.4855,19.6759],[77.4773,19.6834],[77.4634,19.6804],[77.4467,19.6883],[77.4453,19.6929],[77.452,19.7005],[77.4414,19.7227],[77.414,19.7442],[77.3974,19.7264],[77.3839,19.7294],[77.387,19.736],[77.3797,19.7467],[77.3878,19.7666],[77.4052,19.7648],[77.4106,19.7732],[77.4082,19.7786],[77.3905,19.7806],[77.3842,19.7887],[77.3959,19.8118],[77.3906,19.8216],[77.3713,19.8229],[77.3629,19.8157],[77.3475,19.8258],[77.3469,19.8344],[77.3642,19.8336],[77.3573,19.846],[77.3671,19.8522],[77.366,19.8587],[77.3497,19.8609],[77.3486,19.874],[77.3243,19.8856],[77.2993,19.8802],[77.2989,19.8932],[77.3157,19.8904],[77.3184,19.9068],[77.3114,19.911],[77.2934,19.8999],[77.2859,19.9055],[77.288,19.9361]]]}}]}