{"type":"FeatureCollection","features":[{"type":"Feature","properties":{"admin_code":"IN-AN","name":"Andaman and Nicobar Islands","name_local":"अंडमान और निकोबार द्वीपसमूह"},"geometry":{"type":"MultiPolygon","coordinates":[[[[92.421,10.616],[92.383,10.671],[92.378,10.783],[92.409,10.786],[92.427,10.824],[92.464,10.838],[92.458,10.862],[92.52,10.898],[92.559,10.863],[92.559,10.815],[92.586,10.788],[92.597,10.681],[92.58,10.683],[92.582,10.658],[92.539,10.611],[92.568,10.578],[92.513,10.514],[92.429,10.551],[92.385,10.535],[92.421,10.616]]],[[[92.608,10.939],[92.619,10.93],[92.613,10.928],[92.608,10.939]]],[[[92.216,10.975],[92.211,10.98],[92.217,10.985],[92.216,10.975]]],[[[92.661,10.992],[92.668,10.99],[92.663,10.982],[92.661,10.992]]],[[[92.672,11.187],[92.674,11.19],[92.679,11.181],[92.672,11.187]]],[[[92.705,11.264],[92.686,11.243],[92.692,11.282],[92.704,11.29],[92.705,11.264]]],[[[92.562,11.395],[92.555,11.392],[92.557,11.397],[92.562,11.395]]],[[[92.548,11.398],[92.55,11.397],[92.547,11.394],[92.548,11.398]]],[[[92.668,11.489],[92.684,11.433],[92.646,11.408],[92.686,11.391],[92.69,11.376],[92.664,11.354],[92.601,11.346],[92.58,11.369],[92.586,11.401],[92.621,11.404],[92.628,11.435],[92.61,11.459],[92.638,11.511],[92.668,11.489]]],[[[92.614,11.511],[92.61,11.505],[92.608,11.507],[92.614,11.511]]],[[[92.643,11.515],[92.644,11.514],[92.643,11.513],[92.643,11.515]]],[[[92.558,11.541],[92.565,11.517],[92.56,11.517],[92.558,11.541]]],[[[92.605,11.533],[92.605,11.522],[92.601,11.538],[92.605,11.533]]],[[[92.609,11.532],[92.611,11.561],[92.619,11.556],[92.609,11.532]]],[[[92.587,11.534],[92.591,11.578],[92.597,11.549],[92.587,11.534]]],[[[92.268,11.523],[92.211,11.53],[92.204,11.587],[92.261,11.591],[92.268,11.523]]],[[[92.572,11.567],[92.576,11.571],[92.574,11.565],[92.572,11.567]]],[[[92.564,11.569],[92.566,11.571],[92.565,11.568],[92.564,11.569]]],[[[92.6,11.568],[92.61,11.589],[92.614,11.563],[92.6,11.568]]],[[[92.566,11.592],[92.564,11.574],[92.529,11.555],[92.536,11.607],[92.549,11.589],[92.566,11.592]]],[[[92.578,11.585],[92.578,11.583],[92.576,11.583],[92.578,11.585]]],[[[92.697,11.664],[92.7,11.663],[92.699,11.659],[92.697,11.664]]],[[[92.727,12.045],[92.737,12.03],[92.736,12.026],[92.723,12.027],[92.722,12.026],[92.735,12.012],[92.749,12.019],[92.751,12.003],[92.767,12.012],[92.768,11.997],[92.742,11.995],[92.754,11.983],[92.734,11.977],[92.738,11.997],[92.72,12.005],[92.711,11.983],[92.731,11.97],[92.707,11.974],[92.715,11.943],[92.698,11.931],[92.713,11.903],[92.703,11.917],[92.692,11.901],[92.72,11.878],[92.698,11.866],[92.702,11.85],[92.717,11.869],[92.723,11.859],[92.709,11.836],[92.714,11.821],[92.742,11.882],[92.73,11.881],[92.73,11.897],[92.742,11.896],[92.732,11.904],[92.744,11.931],[92.765,11.922],[92.762,11.94],[92.784,11.935],[92.776,11.898],[92.791,11.886],[92.756,11.708],[92.742,11.713],[92.743,11.691],[92.706,11.701],[92.706,11.67],[92.661,11.652],[92.688,11.621],[92.668,11.611],[92.673,11.607],[92.702,11.617],[92.694,11.653],[92.706,11.642],[92.729,11.657],[92.718,11.682],[92.755,11.665],[92.71,11.478],[92.699,11.51],[92.666,11.505],[92.646,11.522],[92.654,11.55],[92.633,11.59],[92.616,11.563],[92.608,11.621],[92.639,11.612],[92.647,11.646],[92.635,11.64],[92.632,11.662],[92.631,11.63],[92.607,11.634],[92.591,11.669],[92.592,11.735],[92.574,11.734],[92.56,11.695],[92.552,11.849],[92.536,11.86],[92.543,11.836],[92.523,11.827],[92.514,11.848],[92.562,11.947],[92.578,11.927],[92.567,11.917],[92.58,11.915],[92.57,11.891],[92.581,11.895],[92.584,11.86],[92.599,11.897],[92.614,11.831],[92.622,12.102],[92.66,12.215],[92.655,12.18],[92.674,12.218],[92.675,12.187],[92.681,12.192],[92.693,12.239],[92.712,12.191],[92.697,12.162],[92.711,12.173],[92.704,12.137],[92.719,12.18],[92.756,12.177],[92.734,12.103],[92.734,12.084],[92.739,12.074],[92.756,12.065],[92.747,12.055],[92.782,12.048],[92.777,12.024],[92.727,12.045]]],[[[92.595,11.906],[92.594,11.915],[92.599,11.918],[92.595,11.906]]],[[[92.602,11.935],[92.602,11.936],[92.605,11.936],[92.602,11.935]]],[[[92.595,11.93],[92.587,11.977],[92.6,11.972],[92.608,11.943],[92.595,11.93]]],[[[92.58,11.978],[92.582,11.983],[92.583,11.979],[92.58,11.978]]],[[[92.679,12.219],[92.681,12.224],[92.682,12.215],[92.679,12.219]]],[[[92.696,12.25],[92.698,12.244],[92.695,12.246],[92.696,12.25]]],[[[92.68,12.532],[92.677,12.522],[92.668,12.535],[92.68,12.532]]],[[[92.701,12.64],[92.702,12.64],[92.702,12.639],[92.701,12.64]]],[[[92.654,12.773],[92.655,12.774],[92.654,12.77],[92.654,12.773]]],[[[92.719,12.876],[92.7,12.841],[92.671,12.838],[92.688,12.817],[92.667,12.783],[92.647,12.862],[92.679,12.942],[92.668,12.961],[92.69,12.992],[92.719,12.981],[92.71,12.946],[92.721,12.945],[92.721,12.896],[92.704,12.877],[92.719,12.876]]],[[[92.669,12.949],[92.671,12.95],[92.672,12.949],[92.669,12.949]]],[[[92.668,12.951],[92.668,12.95],[92.666,12.95],[92.668,12.951]]],[[[92.671,12.95],[92.669,12.951],[92.67,12.953],[92.671,12.95]]],[[[92.668,12.956],[92.669,12.953],[92.666,12.953],[92.668,12.956]]],[[[92.725,11.143],[92.723,11.141],[92.721,11.142],[92.725,11.143]]],[[[92.733,11.145],[92.729,11.142],[92.725,11.145],[92.733,11.145]]],[[[92.711,11.314],[92.721,11.334],[92.708,11.3],[92.695,11.31],[92.711,11.314]]],[[[92.724,11.688],[92.726,11.687],[92.725,11.686],[92.724,11.688]]],[[[92.716,11.933],[92.719,11.935],[92.724,11.91],[92.716,11.933]]],[[[92.731,11.946],[92.724,11.942],[92.725,11.957],[92.732,11.96],[92.731,11.946]]],[[[92.723,11.955],[92.724,11.954],[92.722,11.952],[92.723,11.955]]],[[[92.752,11.967],[92.764,11.965],[92.759,11.949],[92.735,11.952],[92.752,11.967]]],[[[92.74,11.965],[92.743,11.968],[92.743,11.966],[92.74,11.965]]],[[[92.725,11.988],[92.723,11.992],[92.726,11.99],[92.725,11.988]]],[[[92.739,12.111],[92.739,12.113],[92.741,12.112],[92.739,12.111]]],[[[92.753,12.141],[92.756,12.15],[92.757,12.146],[92.753,12.141]]],[[[92.755,12.181],[92.762,12.18],[92.758,12.165],[92.758,12.177],[92.755,12.181]]],[[[92.724,12.185],[92.728,12.189],[92.729,12.185],[92.724,12.185]]],[[[92.742,12.205],[92.744,12.223],[92.739,12.236],[92.752,12.218],[92.761,12.229],[92.763,12.183],[92.732,12.185],[92.728,12.198],[92.722,12.189],[92.724,12.24],[92.735,12.239],[92.732,12.21],[92.742,12.205]]],[[[92.722,12.257],[92.724,12.256],[92.723,12.254],[92.722,12.257]]],[[[92.717,12.263],[92.71,12.23],[92.703,12.3],[92.722,12.296],[92.717,12.263]]],[[[92.741,12.256],[92.732,12.247],[92.749,12.289],[92.741,12.256]]],[[[92.765,12.293],[92.764,12.265],[92.752,12.278],[92.765,12.293]]],[[[92.737,12.29],[92.735,12.28],[92.734,12.288],[92.737,12.29]]],[[[92.752,12.293],[92.752,12.295],[92.754,12.294],[92.752,12.293]]],[[[92.723,12.62],[92.72,12.619],[92.722,12.623],[92.723,12.62]]],[[[92.726,12.655],[92.725,12.654],[92.725,12.656],[92.726,12.655]]],[[[92.709,12.695],[92.712,12.695],[92.715,12.693],[92.711,12.681],[92.709,12.695]]],[[[92.716,12.686],[92.72,12.697],[92.721,12.692],[92.716,12.686]]],[[[92.726,12.736],[92.727,12.727],[92.722,12.738],[92.726,12.736]]],[[[92.717,12.756],[92.711,12.721],[92.693,12.798],[92.708,12.83],[92.711,12.777],[92.725,12.748],[92.717,12.756]]],[[[92.721,12.775],[92.724,12.762],[92.714,12.779],[92.721,12.775]]],[[[92.724,12.832],[92.726,12.839],[92.726,12.834],[92.724,12.832]]],[[[92.765,12.845],[92.765,12.836],[92.76,12.86],[92.765,12.845]]],[[[92.713,12.856],[92.725,12.866],[92.717,12.835],[92.713,12.856]]],[[[92.73,12.856],[92.729,12.855],[92.728,12.856],[92.73,12.856]]],[[[92.762,12.857],[92.765,12.873],[92.764,12.863],[92.762,12.857]]],[[[92.751,12.892],[92.748,12.891],[92.748,12.895],[92.751,12.892]]],[[[92.755,12.893],[92.753,12.89],[92.754,12.915],[92.755,12.893]]],[[[92.766,12.929],[92.761,12.926],[92.759,12.935],[92.766,12.929]]],[[[92.719,13.096],[92.703,13.07],[92.698,13.075],[92.695,13.096],[92.719,13.096]]],[[[92.727,13.091],[92.729,13.095],[92.731,13.095],[92.727,13.091]]],[[[92.8,9.123],[92.728,9.127],[92.72,9.219],[92.763,9.216],[92.775,9.258],[92.816,9.213],[92.825,9.153],[92.8,9.123]]],[[[92.766,11.679],[92.762,11.669],[92.759,11.676],[92.766,11.679]]],[[[92.771,12.013],[92.77,12.017],[92.774,12.018],[92.771,12.013]]],[[[92.827,12.203],[92.84,12.199],[92.844,12.201],[92.84,12.185],[92.857,12.187],[92.849,12.151],[92.823,12.167],[92.817,12.126],[92.802,12.128],[92.814,12.106],[92.784,12.106],[92.802,12.093],[92.792,12.079],[92.763,12.064],[92.752,12.075],[92.755,12.077],[92.758,12.082],[92.761,12.093],[92.759,12.095],[92.742,12.076],[92.746,12.124],[92.766,12.152],[92.775,12.243],[92.768,12.251],[92.751,12.233],[92.741,12.246],[92.749,12.274],[92.763,12.263],[92.787,12.28],[92.775,12.301],[92.767,12.297],[92.771,12.313],[92.795,12.304],[92.81,12.313],[92.832,12.292],[92.846,12.304],[92.85,12.283],[92.852,12.286],[92.849,12.302],[92.872,12.302],[92.871,12.296],[92.87,12.295],[92.891,12.267],[92.875,12.251],[92.869,12.251],[92.868,12.257],[92.863,12.26],[92.865,12.261],[92.863,12.264],[92.861,12.263],[92.858,12.244],[92.87,12.213],[92.884,12.198],[92.827,12.203]],[[92.833,12.206],[92.836,12.213],[92.833,12.215],[92.826,12.203],[92.827,12.203],[92.833,12.206]],[[92.854,12.287],[92.854,12.285],[92.856,12.284],[92.855,12.288],[92.854,12.289],[92.852,12.286],[92.854,12.287]]],[[[92.89,12.228],[92.878,12.208],[92.87,12.246],[92.883,12.238],[92.887,12.253],[92.9,12.256],[92.913,12.219],[92.89,12.228]]],[[[92.86,12.246],[92.864,12.251],[92.866,12.236],[92.86,12.246]]],[[[92.878,12.249],[92.878,12.251],[92.881,12.25],[92.878,12.249]]],[[[92.898,12.262],[92.899,12.263],[92.9,12.259],[92.898,12.262]]],[[[92.77,12.295],[92.768,12.289],[92.766,12.29],[92.77,12.295]]],[[[92.877,12.295],[92.876,12.295],[92.878,12.298],[92.877,12.295]]],[[[92.762,12.298],[92.765,12.3],[92.765,12.297],[92.762,12.298]]],[[[92.864,12.305],[92.866,12.306],[92.864,12.303],[92.864,12.305]]],[[[92.871,12.329],[92.886,12.332],[92.9,12.324],[92.856,12.315],[92.856,12.318],[92.86,12.319],[92.855,12.32],[92.847,12.308],[92.834,12.309],[92.831,12.303],[92.81,12.316],[92.778,12.313],[92.769,12.321],[92.772,12.328],[92.769,12.33],[92.754,12.297],[92.71,12.31],[92.697,12.389],[92.708,12.493],[92.693,12.516],[92.713,12.545],[92.707,12.596],[92.684,12.609],[92.702,12.605],[92.718,12.644],[92.72,12.619],[92.722,12.616],[92.723,12.62],[92.733,12.657],[92.773,12.671],[92.778,12.641],[92.775,12.638],[92.775,12.631],[92.778,12.638],[92.779,12.63],[92.784,12.625],[92.776,12.591],[92.779,12.58],[92.786,12.625],[92.78,12.653],[92.798,12.66],[92.787,12.668],[92.797,12.675],[92.789,12.704],[92.777,12.717],[92.782,12.719],[92.782,12.734],[92.776,12.736],[92.775,12.681],[92.732,12.675],[92.746,12.723],[92.729,12.744],[92.72,12.79],[92.731,12.798],[92.732,12.793],[92.735,12.794],[92.732,12.789],[92.735,12.789],[92.735,12.787],[92.737,12.784],[92.735,12.785],[92.735,12.783],[92.737,12.779],[92.739,12.791],[92.731,12.802],[92.72,12.798],[92.722,12.826],[92.73,12.836],[92.735,12.807],[92.737,12.805],[92.739,12.837],[92.742,12.821],[92.756,12.847],[92.753,12.819],[92.766,12.819],[92.772,12.843],[92.772,12.831],[92.779,12.825],[92.779,12.799],[92.783,12.788],[92.786,12.787],[92.783,12.783],[92.782,12.776],[92.78,12.777],[92.783,12.763],[92.793,12.775],[92.781,12.808],[92.789,12.815],[92.792,12.794],[92.8,12.813],[92.789,12.829],[92.781,12.81],[92.785,12.832],[92.781,12.86],[92.8,12.849],[92.792,12.864],[92.796,12.865],[92.8,12.861],[92.804,12.861],[92.79,12.89],[92.81,12.897],[92.829,12.885],[92.841,12.891],[92.839,12.879],[92.841,12.875],[92.874,12.881],[92.872,12.893],[92.893,12.898],[92.896,12.898],[92.897,12.927],[92.901,12.911],[92.922,12.915],[92.906,12.887],[92.924,12.884],[92.926,12.858],[92.94,12.855],[92.921,12.83],[92.936,12.82],[92.932,12.834],[92.946,12.837],[92.952,12.808],[92.926,12.775],[92.948,12.77],[92.979,12.71],[92.956,12.697],[92.956,12.625],[92.941,12.626],[92.953,12.6],[92.957,12.62],[92.954,12.572],[92.974,12.541],[92.949,12.506],[92.968,12.497],[92.927,12.49],[92.933,12.468],[92.957,12.473],[92.938,12.448],[92.912,12.451],[92.914,12.407],[92.897,12.439],[92.884,12.442],[92.895,12.448],[92.896,12.449],[92.877,12.445],[92.886,12.457],[92.884,12.459],[92.878,12.458],[92.875,12.447],[92.854,12.472],[92.853,12.458],[92.835,12.501],[92.822,12.5],[92.837,12.491],[92.835,12.487],[92.834,12.489],[92.835,12.486],[92.842,12.479],[92.841,12.477],[92.835,12.48],[92.839,12.465],[92.884,12.436],[92.899,12.417],[92.885,12.431],[92.874,12.414],[92.859,12.437],[92.845,12.424],[92.837,12.431],[92.841,12.438],[92.836,12.444],[92.835,12.431],[92.821,12.434],[92.82,12.437],[92.811,12.443],[92.81,12.443],[92.819,12.435],[92.804,12.441],[92.796,12.438],[92.799,12.464],[92.786,12.475],[92.789,12.477],[92.79,12.48],[92.79,12.481],[92.785,12.475],[92.788,12.467],[92.782,12.47],[92.778,12.47],[92.774,12.469],[92.772,12.471],[92.778,12.46],[92.798,12.464],[92.787,12.437],[92.83,12.428],[92.815,12.425],[92.834,12.41],[92.816,12.417],[92.84,12.405],[92.826,12.402],[92.828,12.396],[92.832,12.401],[92.829,12.392],[92.834,12.395],[92.841,12.387],[92.837,12.39],[92.835,12.384],[92.832,12.386],[92.828,12.382],[92.83,12.379],[92.841,12.386],[92.842,12.387],[92.84,12.391],[92.845,12.388],[92.859,12.37],[92.858,12.368],[92.851,12.368],[92.843,12.365],[92.844,12.363],[92.883,12.357],[92.899,12.334],[92.879,12.345],[92.88,12.335],[92.873,12.337],[92.873,12.335],[92.878,12.333],[92.886,12.335],[92.871,12.33],[92.857,12.345],[92.848,12.344],[92.859,12.342],[92.859,12.336],[92.857,12.34],[92.857,12.336],[92.86,12.335],[92.861,12.336],[92.864,12.334],[92.871,12.329]],[[92.772,12.332],[92.77,12.334],[92.769,12.33],[92.772,12.332]],[[92.765,12.632],[92.762,12.625],[92.775,12.631],[92.765,12.632]],[[92.921,12.466],[92.921,12.465],[92.933,12.468],[92.921,12.466]],[[92.92,12.483],[92.914,12.487],[92.919,12.476],[92.915,12.478],[92.921,12.466],[92.92,12.483]],[[92.912,12.479],[92.909,12.478],[92.908,12.476],[92.912,12.478],[92.914,12.476],[92.915,12.478],[92.912,12.479]],[[92.905,12.471],[92.907,12.469],[92.912,12.471],[92.914,12.476],[92.905,12.471]],[[92.898,12.452],[92.888,12.464],[92.896,12.449],[92.898,12.452]],[[92.883,12.467],[92.88,12.472],[92.878,12.458],[92.883,12.467]],[[92.833,12.489],[92.824,12.483],[92.834,12.489],[92.833,12.489]],[[92.822,12.486],[92.816,12.487],[92.824,12.483],[92.822,12.486]],[[92.833,12.482],[92.832,12.481],[92.831,12.48],[92.833,12.476],[92.83,12.475],[92.83,12.472],[92.83,12.471],[92.831,12.469],[92.833,12.47],[92.835,12.48],[92.833,12.482]],[[92.829,12.475],[92.829,12.472],[92.83,12.475],[92.829,12.475]],[[92.79,12.483],[92.789,12.484],[92.786,12.484],[92.79,12.481],[92.79,12.483]],[[92.822,12.396],[92.827,12.394],[92.828,12.396],[92.822,12.396]],[[92.827,12.379],[92.825,12.377],[92.821,12.38],[92.823,12.374],[92.83,12.379],[92.827,12.379]],[[92.854,12.333],[92.855,12.332],[92.856,12.333],[92.857,12.34],[92.854,12.333]],[[92.855,12.331],[92.858,12.33],[92.855,12.332],[92.855,12.331]],[[92.854,12.327],[92.832,12.336],[92.86,12.32],[92.861,12.324],[92.857,12.328],[92.858,12.33],[92.854,12.327]],[[92.825,12.473],[92.825,12.472],[92.828,12.472],[92.825,12.473]],[[92.812,12.448],[92.812,12.446],[92.816,12.445],[92.812,12.448]],[[92.816,12.447],[92.818,12.449],[92.817,12.452],[92.816,12.451],[92.816,12.455],[92.811,12.449],[92.812,12.448],[92.816,12.447]],[[92.804,12.412],[92.799,12.401],[92.815,12.417],[92.804,12.412]]],[[[92.91,12.333],[92.911,12.336],[92.912,12.333],[92.91,12.333]]],[[[92.905,12.339],[92.904,12.34],[92.905,12.341],[92.905,12.339]]],[[[92.86,12.381],[92.845,12.406],[92.887,12.409],[92.881,12.377],[92.86,12.381]]],[[[92.896,12.411],[92.897,12.412],[92.898,12.409],[92.896,12.411]]],[[[92.843,12.416],[92.843,12.418],[92.844,12.418],[92.843,12.416]]],[[[92.858,12.418],[92.868,12.42],[92.868,12.414],[92.858,12.418]]],[[[92.842,12.416],[92.834,12.417],[92.829,12.426],[92.842,12.416]]],[[[92.903,12.423],[92.902,12.421],[92.898,12.422],[92.903,12.423]]],[[[92.779,12.862],[92.783,12.825],[92.773,12.831],[92.775,12.842],[92.779,12.862]]],[[[92.781,12.885],[92.782,12.893],[92.791,12.891],[92.79,12.89],[92.781,12.885]]],[[[92.893,12.898],[92.891,12.898],[92.891,12.899],[92.893,12.898]]],[[[92.773,12.912],[92.79,12.917],[92.8,12.898],[92.773,12.912]]],[[[92.761,12.92],[92.765,12.926],[92.766,12.921],[92.761,12.92]]],[[[92.864,12.918],[92.858,12.93],[92.873,12.932],[92.885,12.924],[92.864,12.918]]],[[[92.772,12.918],[92.771,12.933],[92.775,12.928],[92.772,12.918]]],[[[92.888,12.935],[92.889,12.938],[92.891,12.938],[92.888,12.935]]],[[[92.796,13.171],[92.794,13.168],[92.793,13.169],[92.796,13.171]]],[[[92.818,13.416],[92.813,13.404],[92.811,13.406],[92.818,13.416]]],[[[92.825,13.439],[92.841,13.442],[92.841,13.427],[92.822,13.422],[92.825,13.439]]],[[[92.873,13.506],[92.87,13.502],[92.865,13.505],[92.873,13.506]]],[[[92.906,13.537],[92.911,13.534],[92.906,13.531],[92.906,13.537]]],[[[92.874,13.541],[92.877,13.538],[92.873,13.537],[92.874,13.541]]],[[[92.882,13.582],[92.903,13.6],[92.884,13.575],[92.881,13.582],[92.886,13.592],[92.882,13.582]]],[[[93.047,8.46],[93.048,8.441],[93.026,8.456],[93.033,8.472],[93.047,8.46]]],[[[93.048,11.813],[93.014,11.83],[93.011,11.85],[93.03,11.837],[93.068,11.841],[93.048,11.813]]],[[[93.008,12.02],[93.053,11.904],[93.037,11.882],[92.994,11.952],[92.973,11.949],[92.96,11.981],[92.924,11.998],[92.949,12.014],[92.964,12.051],[93.008,12.02]]],[[[92.956,12.07],[92.958,12.111],[93.005,12.104],[93.001,12.044],[92.956,12.07]]],[[[92.948,12.103],[92.949,12.109],[92.947,12.117],[92.956,12.099],[92.95,12.085],[92.948,12.103]]],[[[93.023,12.099],[93.05,12.08],[93.044,12.046],[93.006,12.08],[93.005,12.104],[93.004,12.14],[93.026,12.167],[93.023,12.099]]],[[[93.056,12.12],[93.054,12.109],[93.049,12.117],[93.056,12.12]]],[[[93.003,12.112],[92.962,12.114],[92.953,12.149],[92.994,12.16],[93.003,12.112]]],[[[92.932,12.215],[92.932,12.196],[92.924,12.215],[92.932,12.215]]],[[[92.929,12.238],[92.915,12.233],[92.92,12.269],[92.9,12.272],[92.901,12.288],[92.927,12.278],[92.933,12.311],[92.941,12.277],[92.929,12.238]]],[[[93.022,12.277],[93.028,12.28],[93.025,12.275],[93.022,12.277]]],[[[92.916,12.349],[92.91,12.338],[92.91,12.352],[92.916,12.349]]],[[[92.942,12.384],[92.93,12.359],[92.918,12.374],[92.925,12.404],[92.954,12.435],[92.942,12.384]]],[[[92.929,12.917],[92.934,12.92],[92.938,12.918],[92.929,12.917]]],[[[92.961,12.95],[92.969,12.945],[92.95,12.941],[92.961,12.95]]],[[[92.987,12.954],[92.978,12.933],[92.951,12.981],[92.96,12.989],[92.972,12.967],[92.984,12.994],[93.005,12.998],[92.976,12.962],[92.987,12.954]]],[[[92.986,13.001],[92.988,13.0],[92.986,12.999],[92.986,13.001]]],[[[92.919,13.004],[92.922,13.029],[92.938,13.025],[92.94,13.004],[92.919,13.004]]],[[[92.916,13.048],[92.918,13.041],[92.913,13.043],[92.916,13.048]]],[[[92.932,13.052],[92.932,13.05],[92.931,13.053],[92.932,13.052]]],[[[92.913,13.061],[92.914,13.063],[92.916,13.063],[92.913,13.061]]],[[[92.912,13.065],[92.913,13.067],[92.914,13.063],[92.912,13.065]]],[[[93.057,13.226],[93.058,13.227],[93.059,13.222],[93.057,13.226]]],[[[93.06,13.225],[93.059,13.228],[93.061,13.228],[93.06,13.225]]],[[[92.984,13.527],[92.987,13.574],[93.013,13.539],[93.027,13.579],[93.039,13.492],[93.031,13.465],[93.005,13.463],[93.031,13.457],[93.033,13.436],[92.991,13.438],[92.989,13.428],[93.038,13.428],[93.044,13.403],[93.06,13.421],[93.057,13.397],[93.068,13.407],[93.039,13.375],[92.999,13.396],[93.014,13.371],[93.04,13.369],[93.024,13.358],[93.039,13.357],[93.031,13.345],[93.003,13.354],[92.985,13.328],[92.973,13.36],[92.945,13.351],[92.952,13.327],[92.961,13.323],[92.958,13.323],[92.953,13.32],[92.949,13.321],[92.949,13.318],[92.961,13.321],[92.964,13.329],[92.997,13.315],[92.986,13.299],[92.998,13.295],[93.002,13.304],[93.02,13.298],[93.011,13.277],[93.028,13.281],[93.036,13.263],[93.032,13.276],[93.045,13.282],[93.043,13.254],[93.064,13.273],[93.031,13.178],[93.033,13.082],[93.002,13.029],[92.964,13.039],[92.975,13.014],[92.959,13.016],[92.933,13.047],[92.957,13.066],[92.937,13.07],[92.945,13.122],[92.922,13.057],[92.898,13.096],[92.887,13.093],[92.892,13.101],[92.889,13.114],[92.883,13.128],[92.875,13.136],[92.889,13.108],[92.881,13.109],[92.873,13.104],[92.889,13.107],[92.885,13.092],[92.912,13.067],[92.895,13.059],[92.886,13.045],[92.858,13.08],[92.843,13.051],[92.86,13.066],[92.863,13.044],[92.869,13.055],[92.872,13.044],[92.886,13.044],[92.897,13.058],[92.912,13.055],[92.895,13.018],[92.906,13.004],[92.901,13.003],[92.901,13.006],[92.898,13.008],[92.9,13.01],[92.896,13.01],[92.896,13.011],[92.894,13.011],[92.913,12.984],[92.93,12.99],[92.924,12.976],[92.937,12.975],[92.91,12.947],[92.895,12.996],[92.87,12.935],[92.842,12.957],[92.859,12.918],[92.847,12.912],[92.875,12.906],[92.868,12.89],[92.872,12.884],[92.841,12.877],[92.843,12.888],[92.841,12.891],[92.841,12.893],[92.829,12.886],[92.809,12.909],[92.801,12.9],[92.79,12.961],[92.799,12.992],[92.811,12.972],[92.815,12.987],[92.822,12.977],[92.817,12.99],[92.807,12.999],[92.829,13.002],[92.837,13.023],[92.82,13.012],[92.818,13.012],[92.817,13.016],[92.815,13.017],[92.813,13.022],[92.814,13.008],[92.788,13.02],[92.793,13.091],[92.813,13.072],[92.807,13.1],[92.82,13.091],[92.829,13.109],[92.809,13.127],[92.847,13.118],[92.848,13.15],[92.809,13.153],[92.814,13.174],[92.819,13.162],[92.827,13.174],[92.837,13.162],[92.834,13.175],[92.818,13.185],[92.831,13.243],[92.853,13.235],[92.851,13.229],[92.855,13.219],[92.856,13.22],[92.851,13.261],[92.822,13.272],[92.841,13.308],[92.822,13.311],[92.838,13.374],[92.851,13.371],[92.849,13.367],[92.851,13.364],[92.848,13.364],[92.849,13.36],[92.852,13.359],[92.869,13.391],[92.841,13.392],[92.846,13.411],[92.865,13.4],[92.871,13.413],[92.873,13.402],[92.878,13.397],[92.882,13.395],[92.879,13.392],[92.88,13.389],[92.886,13.399],[92.889,13.395],[92.892,13.396],[92.889,13.396],[92.899,13.403],[92.897,13.413],[92.883,13.397],[92.874,13.404],[92.883,13.399],[92.87,13.424],[92.886,13.432],[92.889,13.427],[92.889,13.424],[92.889,13.423],[92.891,13.423],[92.893,13.425],[92.898,13.426],[92.898,13.427],[92.897,13.428],[92.899,13.429],[92.873,13.447],[92.871,13.473],[92.894,13.473],[92.918,13.501],[92.924,13.481],[92.932,13.481],[92.933,13.499],[92.915,13.533],[92.952,13.542],[92.984,13.527]],[[92.974,13.282],[92.993,13.292],[93.001,13.265],[93.0,13.288],[92.986,13.299],[92.974,13.282]],[[92.844,13.161],[92.848,13.163],[92.837,13.162],[92.844,13.161]],[[92.848,13.213],[92.848,13.209],[92.849,13.208],[92.854,13.209],[92.858,13.206],[92.861,13.207],[92.854,13.21],[92.849,13.209],[92.855,13.219],[92.848,13.213]],[[92.858,13.201],[92.863,13.197],[92.862,13.207],[92.861,13.207],[92.858,13.201]],[[92.857,13.196],[92.855,13.191],[92.856,13.191],[92.864,13.196],[92.863,13.197],[92.857,13.196]],[[92.858,13.188],[92.86,13.192],[92.856,13.191],[92.858,13.188]],[[92.861,13.186],[92.863,13.185],[92.861,13.192],[92.86,13.192],[92.861,13.186]],[[92.921,13.472],[92.932,13.472],[92.932,13.481],[92.921,13.472]],[[92.895,13.392],[92.898,13.391],[92.898,13.389],[92.899,13.389],[92.899,13.391],[92.893,13.396],[92.895,13.392]],[[92.902,13.391],[92.902,13.388],[92.906,13.383],[92.915,13.382],[92.904,13.395],[92.899,13.389],[92.902,13.391]],[[92.918,13.386],[92.918,13.385],[92.919,13.383],[92.924,13.385],[92.926,13.395],[92.924,13.39],[92.921,13.39],[92.921,13.389],[92.917,13.387],[92.915,13.382],[92.918,13.386]]],[[[92.997,13.308],[93.008,13.321],[93.013,13.303],[93.002,13.304],[93.0,13.303],[92.997,13.308]]],[[[93.024,13.328],[93.021,13.304],[93.014,13.309],[93.024,13.328]]],[[[92.965,13.332],[92.965,13.336],[92.967,13.338],[92.965,13.332]]],[[[93.006,13.336],[93.007,13.337],[93.008,13.337],[93.006,13.336]]],[[[93.013,13.337],[93.013,13.339],[93.014,13.339],[93.013,13.337]]],[[[93.015,13.343],[93.018,13.346],[93.02,13.344],[93.015,13.343]]],[[[93.089,13.336],[93.064,13.304],[93.059,13.33],[93.039,13.323],[93.046,13.348],[93.038,13.362],[93.049,13.366],[93.036,13.372],[93.053,13.382],[93.089,13.336]]],[[[93.06,13.385],[93.062,13.386],[93.061,13.384],[93.06,13.385]]],[[[92.915,13.514],[92.918,13.516],[92.919,13.512],[92.915,13.514]]],[[[93.055,13.563],[93.053,13.56],[93.052,13.566],[93.055,13.563]]],[[[92.998,13.57],[93.0,13.573],[93.002,13.571],[92.998,13.57]]],[[[93.066,13.652],[93.046,13.621],[93.042,13.638],[93.066,13.652]]],[[[93.012,13.649],[92.986,13.643],[92.976,13.657],[93.012,13.657],[93.021,13.672],[93.028,13.629],[93.012,13.649]]],[[[93.887,6.846],[93.904,6.835],[93.892,6.807],[93.877,6.794],[93.846,6.817],[93.83,6.756],[93.802,6.762],[93.814,6.813],[93.78,6.829],[93.798,6.851],[93.765,6.865],[93.764,6.877],[93.786,6.879],[93.77,6.884],[93.777,6.892],[93.775,6.9],[93.76,6.897],[93.756,6.917],[93.74,6.911],[93.739,6.963],[93.717,6.992],[93.697,6.993],[93.693,7.014],[93.656,7.007],[93.667,7.023],[93.647,7.101],[93.665,7.115],[93.645,7.127],[93.666,7.142],[93.675,7.191],[93.722,7.189],[93.749,7.216],[93.778,7.196],[93.765,7.214],[93.792,7.203],[93.796,7.235],[93.837,7.245],[93.835,7.22],[93.869,7.205],[93.88,7.09],[93.898,7.081],[93.911,7.025],[93.943,6.999],[93.91,7.004],[93.94,6.953],[93.91,6.943],[93.908,6.913],[93.888,6.903],[93.887,6.846]]],[[[93.71,7.214],[93.707,7.208],[93.7,7.213],[93.698,7.232],[93.71,7.214]]],[[[93.834,7.288],[93.834,7.29],[93.837,7.292],[93.834,7.288]]],[[[93.62,7.326],[93.617,7.332],[93.622,7.33],[93.62,7.326]]],[[[93.707,7.385],[93.704,7.403],[93.691,7.405],[93.699,7.447],[93.709,7.405],[93.743,7.362],[93.713,7.312],[93.674,7.293],[93.636,7.244],[93.609,7.312],[93.631,7.335],[93.621,7.373],[93.653,7.384],[93.656,7.367],[93.686,7.396],[93.7,7.394],[93.694,7.385],[93.707,7.385]]],[[[93.757,7.397],[93.75,7.4],[93.755,7.406],[93.757,7.397]]],[[[93.675,7.401],[93.671,7.41],[93.679,7.412],[93.675,7.401]]],[[[93.635,7.479],[93.641,7.476],[93.64,7.473],[93.635,7.479]]],[[[93.62,7.481],[93.62,7.483],[93.622,7.482],[93.62,7.481]]],[[[93.534,7.524],[93.529,7.515],[93.522,7.522],[93.534,7.524]]],[[[93.339,8.018],[93.396,8.013],[93.393,7.974],[93.405,7.96],[93.421,7.969],[93.452,7.937],[93.464,7.894],[93.454,7.875],[93.411,7.909],[93.369,7.884],[93.342,7.893],[93.332,7.92],[93.353,7.934],[93.353,7.96],[93.313,7.929],[93.301,7.962],[93.339,8.018]]],[[[93.567,7.931],[93.496,7.995],[93.512,7.993],[93.522,8.027],[93.544,7.99],[93.535,8.03],[93.554,8.026],[93.57,7.998],[93.567,7.931]]],[[[93.494,8.047],[93.493,8.049],[93.495,8.049],[93.494,8.047]]],[[[93.59,8.051],[93.584,8.04],[93.564,8.063],[93.566,8.075],[93.579,8.065],[93.56,8.097],[93.574,8.119],[93.562,8.123],[93.561,8.109],[93.553,8.121],[93.57,8.127],[93.579,8.111],[93.581,8.097],[93.59,8.051]]],[[[93.482,8.002],[93.476,8.046],[93.501,8.039],[93.493,8.058],[93.502,8.07],[93.501,8.049],[93.517,8.054],[93.525,8.082],[93.502,8.087],[93.475,8.053],[93.48,8.093],[93.457,8.108],[93.449,8.136],[93.464,8.141],[93.447,8.145],[93.445,8.168],[93.48,8.197],[93.483,8.222],[93.511,8.235],[93.534,8.229],[93.536,8.203],[93.488,8.145],[93.539,8.083],[93.54,8.038],[93.52,8.052],[93.514,8.034],[93.497,8.036],[93.497,8.008],[93.482,8.002]]],[[[93.227,8.266],[93.238,8.226],[93.229,8.225],[93.211,8.249],[93.227,8.266]]],[[[93.116,8.276],[93.193,8.218],[93.19,8.197],[93.152,8.204],[93.095,8.244],[93.074,8.297],[93.096,8.35],[93.132,8.349],[93.116,8.276]]],[[[93.643,8.39],[93.634,8.395],[93.643,8.395],[93.643,8.39]]],[[[93.632,8.468],[93.617,8.469],[93.612,8.424],[93.609,8.481],[93.62,8.49],[93.601,8.546],[93.603,8.578],[93.632,8.468]]],[[[93.598,8.581],[93.597,8.583],[93.599,8.584],[93.598,8.581]]],[[[93.078,11.787],[93.085,11.789],[93.082,11.78],[93.078,11.787]]],[[[93.097,12.137],[93.098,12.137],[93.097,12.134],[93.097,12.137]]],[[[93.123,12.141],[93.115,12.13],[93.109,12.141],[93.123,12.141]]],[[[93.056,12.109],[93.067,12.132],[93.048,12.119],[93.036,12.132],[93.067,12.212],[93.067,12.197],[93.086,12.193],[93.065,12.173],[93.088,12.181],[93.078,12.149],[93.094,12.143],[93.081,12.122],[93.09,12.099],[93.069,12.091],[93.056,12.109]]],[[[93.091,12.214],[93.093,12.222],[93.094,12.222],[93.093,12.224],[93.092,12.228],[93.089,12.231],[93.099,12.235],[93.102,12.246],[93.099,12.205],[93.091,12.214]]],[[[93.08,12.226],[93.062,12.23],[93.075,12.263],[93.086,12.237],[93.104,12.261],[93.102,12.246],[93.08,12.226]]],[[[93.073,12.325],[93.064,12.326],[93.072,12.328],[93.073,12.325]]],[[[93.077,13.302],[93.077,13.3],[93.069,13.3],[93.077,13.302]]],[[[93.076,13.364],[93.073,13.365],[93.074,13.366],[93.076,13.364]]],[[[93.081,13.369],[93.08,13.368],[93.08,13.369],[93.081,13.369]]],[[[93.086,13.416],[93.092,13.42],[93.09,13.412],[93.09,13.411],[93.086,13.416]]],[[[93.091,13.411],[93.09,13.412],[93.094,13.42],[93.091,13.411]]],[[[93.066,13.423],[93.071,13.431],[93.07,13.414],[93.066,13.423]]],[[[93.097,13.432],[93.095,13.438],[93.101,13.435],[93.097,13.432]]]]}},{"type":"Feature","properties":{"admin_code":"IN-AP","name":"Andhra Pradesh","name_local":"आंध्र प्रदेश"},"geometry":{"type":"MultiPolygon","coordinates":[[[[80.812,15.733],[80.813,15.731],[80.812,15.73],[80.812,15.733]]],[[[81.008,15.792],[81.006,15.791],[81.008,15.796],[81.008,15.792]]],[[[81.012,15.809],[81.005,15.816],[81.016,15.808],[81.019,15.793],[81.012,15.809]]],[[[80.79,15.832],[80.792,15.83],[80.79,15.829],[80.79,15.832]]],[[[80.787,15.843],[80.789,15.839],[80.788,15.837],[80.787,15.843]]],[[[80.788,15.853],[80.787,15.845],[80.784,15.855],[80.788,15.853]]],[[[80.775,15.863],[80.778,15.864],[80.784,15.858],[80.775,15.863]]],[[[80.215,13.49],[80.145,13.491],[80.139,13.504],[80.078,13.489],[80.081,13.55],[80.057,13.537],[80.0,13.542],[80.0,13.526],[80.048,13.512],[80.047,13.494],[80.016,13.498],[80.008,13.478],[79.972,13.469],[79.973,13.43],[79.935,13.416],[79.963,13.391],[79.933,13.352],[79.916,13.36],[79.863,13.317],[79.809,13.317],[79.792,13.294],[79.761,13.319],[79.757,13.295],[79.731,13.283],[79.795,13.242],[79.794,13.226],[79.755,13.206],[79.737,13.237],[79.718,13.217],[79.703,13.222],[79.709,13.251],[79.684,13.244],[79.678,13.262],[79.696,13.267],[79.682,13.296],[79.665,13.279],[79.642,13.29],[79.632,13.27],[79.596,13.285],[79.579,13.258],[79.535,13.275],[79.537,13.339],[79.456,13.339],[79.435,13.352],[79.382,13.308],[79.42,13.29],[79.445,13.301],[79.434,13.275],[79.408,13.265],[79.418,13.243],[79.438,13.243],[79.431,13.23],[79.453,13.238],[79.438,13.188],[79.374,13.189],[79.388,13.178],[79.369,13.173],[79.38,13.163],[79.356,13.165],[79.36,13.124],[79.345,13.121],[79.341,13.137],[79.307,13.106],[79.294,13.11],[79.312,13.126],[79.284,13.123],[79.28,13.153],[79.257,13.161],[79.245,13.138],[79.235,13.171],[79.21,13.148],[79.233,13.139],[79.234,13.105],[79.181,13.084],[79.192,13.067],[79.178,13.059],[79.192,13.056],[79.18,13.049],[79.193,13.047],[79.163,13.02],[79.114,13.039],[79.081,13.026],[79.063,13.053],[78.995,13.087],[78.924,13.081],[78.904,13.048],[78.929,13.046],[78.941,13.036],[78.937,13.03],[78.892,13.033],[78.896,13.095],[78.881,13.098],[78.871,13.082],[78.813,13.089],[78.794,13.067],[78.752,13.055],[78.714,13.069],[78.705,13.015],[78.656,13.031],[78.655,13.015],[78.621,12.991],[78.657,12.932],[78.633,12.932],[78.592,12.783],[78.556,12.756],[78.562,12.71],[78.535,12.691],[78.53,12.71],[78.544,12.711],[78.493,12.747],[78.52,12.712],[78.503,12.717],[78.5,12.676],[78.468,12.676],[78.465,12.624],[78.371,12.627],[78.301,12.666],[78.271,12.705],[78.245,12.706],[78.238,12.686],[78.201,12.692],[78.241,12.73],[78.231,12.761],[78.252,12.861],[78.312,12.859],[78.314,12.877],[78.337,12.882],[78.32,12.887],[78.324,12.902],[78.34,12.903],[78.356,12.941],[78.389,12.907],[78.446,12.912],[78.465,12.867],[78.467,12.905],[78.438,12.929],[78.419,12.922],[78.411,12.945],[78.438,12.964],[78.435,12.981],[78.467,12.975],[78.462,13.043],[78.514,13.062],[78.509,13.092],[78.538,13.106],[78.517,13.132],[78.545,13.142],[78.55,13.164],[78.58,13.167],[78.576,13.187],[78.55,13.2],[78.579,13.213],[78.566,13.221],[78.587,13.281],[78.566,13.312],[78.562,13.289],[78.539,13.288],[78.532,13.267],[78.479,13.301],[78.483,13.321],[78.444,13.308],[78.44,13.328],[78.401,13.316],[78.377,13.332],[78.408,13.346],[78.365,13.362],[78.382,13.397],[78.374,13.509],[78.402,13.587],[78.326,13.595],[78.259,13.583],[78.236,13.599],[78.193,13.565],[78.204,13.628],[78.168,13.633],[78.168,13.656],[78.087,13.643],[78.09,13.659],[78.066,13.676],[78.069,13.698],[78.113,13.693],[78.121,13.716],[78.092,13.742],[78.126,13.786],[78.115,13.863],[78.082,13.861],[78.079,13.881],[78.049,13.896],[78.046,13.862],[78.0,13.873],[77.976,13.83],[77.953,13.827],[77.949,13.886],[77.984,13.898],[77.988,13.956],[77.967,13.96],[77.927,13.905],[77.896,13.92],[77.896,13.941],[77.827,13.945],[77.813,13.915],[77.837,13.87],[77.782,13.844],[77.782,13.818],[77.719,13.8],[77.717,13.741],[77.703,13.77],[77.672,13.761],[77.68,13.787],[77.651,13.784],[77.618,13.762],[77.642,13.747],[77.628,13.735],[77.6,13.751],[77.561,13.722],[77.547,13.753],[77.527,13.754],[77.528,13.693],[77.512,13.697],[77.514,13.713],[77.485,13.715],[77.492,13.69],[77.455,13.682],[77.465,13.806],[77.423,13.799],[77.433,13.843],[77.382,13.839],[77.362,13.854],[77.325,13.833],[77.311,13.867],[77.257,13.847],[77.248,13.901],[77.236,13.904],[77.22,13.868],[77.213,13.886],[77.2,13.863],[77.181,13.87],[77.185,13.925],[77.162,13.907],[77.169,13.865],[77.128,13.856],[77.169,13.83],[77.158,13.806],[77.179,13.783],[77.173,13.762],[77.09,13.767],[77.086,13.742],[77.065,13.744],[77.043,13.778],[77.024,13.779],[77.017,13.739],[76.997,13.748],[76.978,13.827],[77.014,13.86],[77.023,13.903],[77.047,13.907],[77.042,13.933],[76.994,13.963],[77.0,13.99],[76.931,14.03],[76.932,14.054],[76.972,14.058],[76.978,14.071],[76.925,14.137],[76.886,14.138],[76.895,14.168],[76.942,14.173],[76.948,14.198],[76.961,14.182],[77.023,14.177],[77.015,14.1],[77.03,14.088],[77.028,14.062],[77.079,14.043],[77.127,14.047],[77.149,14.001],[77.245,14.012],[77.27,14.035],[77.275,14.011],[77.322,14.03],[77.336,13.995],[77.361,13.991],[77.349,13.958],[77.371,13.953],[77.348,13.916],[77.358,13.903],[77.398,13.907],[77.399,13.888],[77.435,13.915],[77.412,13.946],[77.435,13.948],[77.438,13.976],[77.426,13.986],[77.382,13.976],[77.39,14.017],[77.332,14.031],[77.341,14.06],[77.361,14.063],[77.401,14.119],[77.391,14.127],[77.347,14.104],[77.352,14.131],[77.379,14.136],[77.394,14.174],[77.504,14.157],[77.517,14.183],[77.493,14.231],[77.498,14.279],[77.479,14.292],[77.45,14.281],[77.446,14.318],[77.432,14.313],[77.408,14.338],[77.379,14.323],[77.419,14.212],[77.392,14.199],[77.359,14.234],[77.364,14.276],[77.284,14.283],[77.287,14.34],[77.238,14.317],[77.139,14.34],[77.11,14.268],[77.117,14.226],[77.101,14.217],[77.081,14.214],[77.052,14.246],[76.94,14.245],[76.925,14.274],[76.957,14.294],[76.885,14.348],[76.885,14.396],[76.916,14.421],[76.943,14.4],[76.945,14.451],[76.96,14.451],[76.975,14.485],[76.901,14.489],[76.868,14.474],[76.856,14.51],[76.806,14.531],[76.782,14.597],[76.765,14.602],[76.775,14.681],[76.803,14.742],[76.783,14.786],[76.837,14.791],[76.837,14.811],[76.854,14.809],[76.846,14.889],[76.864,14.896],[76.87,14.938],[76.867,14.97],[76.829,14.956],[76.767,14.976],[76.761,14.99],[76.79,15.021],[76.777,15.078],[76.8,15.096],[76.836,15.079],[76.866,15.06],[76.877,15.03],[76.918,15.036],[76.985,15.015],[77.004,15.034],[77.05,15.033],[77.044,15.01],[77.082,15.006],[77.085,15.031],[77.113,15.034],[77.13,15.101],[77.156,15.123],[77.157,15.14],[77.135,15.15],[77.169,15.171],[77.148,15.224],[77.125,15.227],[77.167,15.269],[77.147,15.273],[77.152,15.292],[77.118,15.295],[77.113,15.334],[77.064,15.328],[77.042,15.362],[77.047,15.39],[77.029,15.404],[77.032,15.436],[76.974,15.498],[76.975,15.511],[77.03,15.503],[77.03,15.635],[77.083,15.659],[77.121,15.631],[77.129,15.666],[77.079,15.695],[77.08,15.728],[77.046,15.74],[77.067,15.788],[77.066,15.827],[77.025,15.838],[77.071,15.909],[77.152,15.949],[77.249,15.965],[77.38,15.94],[77.43,15.949],[77.611,15.918],[77.659,15.886],[77.724,15.896],[77.804,15.874],[77.859,15.884],[77.888,15.906],[78.009,15.862],[78.032,15.907],[78.084,15.841],[78.134,15.836],[78.136,15.855],[78.175,15.858],[78.184,15.91],[78.252,15.935],[78.261,16.026],[78.312,16.012],[78.327,16.037],[78.408,16.075],[78.552,16.043],[78.627,16.088],[78.681,16.035],[78.736,16.008],[78.786,16.021],[78.84,16.078],[78.834,16.145],[78.872,16.144],[78.896,16.086],[78.922,16.104],[78.905,16.184],[78.986,16.211],[79.01,16.24],[79.102,16.223],[79.12,16.232],[79.157,16.209],[79.217,16.227],[79.234,16.334],[79.21,16.358],[79.212,16.447],[79.233,16.459],[79.215,16.488],[79.257,16.566],[79.419,16.58],[79.447,16.62],[79.542,16.632],[79.599,16.673],[79.633,16.66],[79.682,16.694],[79.723,16.69],[79.774,16.731],[79.817,16.692],[79.851,16.706],[79.878,16.697],[79.91,16.634],[79.963,16.644],[79.997,16.702],[80.055,16.745],[80.071,16.802],[80.047,16.853],[79.999,16.865],[80.017,16.915],[80.04,16.918],[80.055,16.971],[80.092,16.968],[80.095,16.991],[80.14,16.991],[80.187,17.02],[80.196,17.044],[80.211,17.01],[80.294,16.996],[80.316,16.948],[80.322,16.88],[80.374,16.852],[80.38,16.817],[80.408,16.848],[80.379,16.852],[80.383,16.865],[80.464,16.82],[80.464,16.795],[80.57,16.768],[80.613,16.794],[80.563,16.833],[80.568,16.869],[80.596,16.885],[80.587,16.904],[80.602,16.919],[80.535,16.961],[80.526,16.948],[80.499,16.956],[80.493,16.927],[80.45,16.955],[80.363,16.976],[80.407,17.016],[80.386,17.068],[80.409,17.092],[80.439,17.038],[80.465,17.03],[80.471,17.05],[80.505,17.069],[80.514,17.122],[80.563,17.133],[80.58,17.153],[80.671,17.101],[80.654,17.069],[80.739,17.08],[80.845,17.04],[80.877,17.07],[80.868,17.123],[80.879,17.161],[80.924,17.158],[80.919,17.22],[81.031,17.19],[81.055,17.225],[81.08,17.215],[81.174,17.23],[81.19,17.325],[81.274,17.317],[81.323,17.375],[81.312,17.409],[81.205,17.45],[81.193,17.436],[81.172,17.449],[81.176,17.464],[81.148,17.464],[81.16,17.484],[81.142,17.489],[81.127,17.526],[81.098,17.504],[81.02,17.52],[80.969,17.598],[80.855,17.602],[80.861,17.634],[80.911,17.638],[80.905,17.677],[80.886,17.681],[80.886,17.736],[80.928,17.762],[80.973,17.78],[80.991,17.75],[81.058,17.733],[81.104,17.772],[81.086,17.798],[81.094,17.809],[81.166,17.858],[81.265,17.811],[81.354,17.813],[81.393,17.795],[81.396,17.82],[81.417,17.814],[81.436,17.833],[81.477,17.838],[81.492,17.813],[81.574,17.839],[81.617,17.823],[81.672,17.888],[81.701,17.903],[81.71,17.874],[81.726,17.879],[81.808,17.956],[81.962,18.001],[82.008,18.031],[82.006,18.057],[82.031,18.07],[82.06,18.056],[82.075,18.076],[82.132,18.061],[82.136,18.045],[82.167,18.053],[82.186,18.016],[82.265,17.996],[82.26,18.043],[82.29,18.07],[82.303,18.069],[82.307,18.046],[82.321,18.061],[82.339,18.056],[82.35,18.077],[82.334,18.107],[82.338,18.151],[82.362,18.136],[82.371,18.149],[82.314,18.185],[82.309,18.205],[82.335,18.225],[82.323,18.232],[82.343,18.281],[82.375,18.281],[82.391,18.299],[82.387,18.329],[82.354,18.317],[82.337,18.327],[82.384,18.368],[82.363,18.422],[82.481,18.549],[82.503,18.514],[82.532,18.511],[82.534,18.478],[82.519,18.466],[82.539,18.444],[82.541,18.458],[82.561,18.449],[82.536,18.406],[82.595,18.389],[82.621,18.36],[82.602,18.352],[82.607,18.328],[82.58,18.316],[82.597,18.305],[82.586,18.277],[82.636,18.237],[82.651,18.251],[82.641,18.303],[82.665,18.299],[82.773,18.341],[82.798,18.407],[82.78,18.432],[82.801,18.45],[82.851,18.421],[82.895,18.424],[82.894,18.382],[82.938,18.362],[82.969,18.361],[83.02,18.392],[83.053,18.381],[83.075,18.404],[83.056,18.42],[83.065,18.431],[83.041,18.425],[83.019,18.457],[83.093,18.548],[83.043,18.545],[83.028,18.575],[83.051,18.6],[83.024,18.59],[82.999,18.609],[83.011,18.647],[83.056,18.666],[83.071,18.707],[83.137,18.786],[83.205,18.752],[83.211,18.732],[83.223,18.776],[83.269,18.765],[83.283,18.799],[83.329,18.807],[83.364,18.844],[83.377,18.832],[83.404,18.843],[83.413,18.874],[83.376,18.898],[83.391,18.909],[83.367,18.909],[83.352,18.931],[83.351,18.944],[83.369,18.944],[83.366,18.963],[83.351,18.967],[83.348,18.926],[83.332,18.926],[83.333,18.969],[83.309,19.0],[83.337,18.998],[83.341,19.019],[83.371,19.003],[83.399,19.01],[83.46,18.956],[83.466,18.992],[83.448,19.011],[83.478,19.009],[83.481,19.034],[83.46,19.065],[83.476,19.08],[83.466,19.094],[83.483,19.092],[83.499,19.063],[83.512,19.07],[83.519,19.039],[83.497,19.035],[83.501,19.02],[83.535,19.012],[83.556,19.057],[83.547,19.081],[83.56,19.087],[83.562,19.061],[83.583,19.059],[83.584,19.087],[83.609,19.097],[83.597,19.131],[83.624,19.164],[83.637,19.133],[83.655,19.129],[83.661,19.081],[83.7,19.025],[83.73,19.022],[83.71,19.002],[83.733,18.988],[83.753,18.926],[83.786,18.917],[83.768,18.956],[83.757,18.952],[83.746,18.997],[83.793,19.019],[83.827,18.916],[83.846,18.913],[83.846,18.869],[83.891,18.815],[83.914,18.829],[83.948,18.806],[84.036,18.817],[84.089,18.758],[84.136,18.762],[84.161,18.79],[84.188,18.779],[84.224,18.8],[84.258,18.784],[84.287,18.805],[84.319,18.788],[84.342,18.803],[84.329,18.819],[84.363,18.84],[84.333,18.86],[84.331,18.883],[84.372,18.863],[84.382,18.875],[84.37,18.879],[84.358,18.896],[84.39,18.878],[84.395,18.892],[84.377,18.905],[84.416,18.898],[84.417,18.919],[84.426,18.91],[84.436,18.922],[84.422,18.948],[84.45,18.979],[84.43,18.996],[84.419,19.023],[84.474,18.99],[84.514,19.049],[84.571,19.075],[84.58,19.031],[84.599,19.026],[84.616,19.067],[84.659,19.064],[84.669,19.077],[84.657,19.095],[84.623,19.086],[84.593,19.133],[84.665,19.131],[84.669,19.167],[84.708,19.161],[84.701,19.119],[84.765,19.077],[84.744,19.045],[84.604,18.89],[84.551,18.791],[84.47,18.714],[84.44,18.66],[84.368,18.593],[84.355,18.555],[84.148,18.374],[84.128,18.313],[83.75,18.129],[83.606,18.037],[83.418,17.854],[83.411,17.81],[83.354,17.756],[83.347,17.726],[83.297,17.694],[83.295,17.675],[83.213,17.591],[83.02,17.507],[82.992,17.473],[82.594,17.281],[82.456,17.185],[82.319,17.057],[82.288,17.013],[82.278,16.951],[82.248,16.93],[82.248,16.876],[82.259,16.889],[82.265,16.87],[82.303,16.874],[82.314,16.846],[82.333,16.864],[82.355,16.851],[82.359,16.941],[82.326,16.991],[82.36,16.959],[82.366,16.879],[82.344,16.748],[82.348,16.716],[82.366,16.707],[82.317,16.662],[82.33,16.613],[82.314,16.559],[82.233,16.542],[81.956,16.396],[81.85,16.373],[81.721,16.307],[81.691,16.328],[81.487,16.355],[81.392,16.343],[81.305,16.304],[81.265,16.279],[81.214,16.208],[81.191,16.103],[81.146,16.013],[81.148,15.974],[81.015,15.851],[81.007,15.821],[81.001,15.832],[81.009,15.755],[80.939,15.717],[80.928,15.722],[80.821,15.71],[80.791,15.754],[80.822,15.711],[80.811,15.765],[80.78,15.836],[80.801,15.806],[80.816,15.811],[80.807,15.841],[80.778,15.864],[80.774,15.868],[80.681,15.886],[80.536,15.853],[80.429,15.805],[80.346,15.752],[80.284,15.688],[80.238,15.602],[80.206,15.473],[80.111,15.346],[80.047,15.081],[80.097,14.781],[80.196,14.587],[80.127,14.15],[80.152,14.026],[80.254,13.79],[80.234,13.657],[80.268,13.564],[80.241,13.473],[80.215,13.49]],[[82.206,16.735],[82.186,16.737],[82.193,16.722],[82.239,16.716],[82.267,16.695],[82.31,16.718],[82.305,16.748],[82.29,16.727],[82.258,16.72],[82.217,16.733],[82.223,16.756],[82.206,16.735]]],[[[80.788,15.758],[80.788,15.765],[80.79,15.769],[80.791,15.754],[80.788,15.758]]],[[[80.79,15.77],[80.8,15.777],[80.79,15.769],[80.79,15.77]]]]}},{"type":"Feature","properties":{"admin_code":"IN-AR","name":"Arunachal Pradesh","name_local":"अरुणाचल प्रदेश"},"geometry":{"type":"Polygon","coordinates":[[[95.21,26.729],[95.242,26.783],[95.208,26.795],[95.203,26.846],[95.181,26.856],[95.209,26.882],[95.228,26.881],[95.232,26.903],[95.191,26.985],[95.197,27.037],[95.211,27.029],[95.232,27.043],[95.246,27.024],[95.355,27.104],[95.369,27.108],[95.375,27.093],[95.421,27.126],[95.453,27.13],[95.467,27.182],[95.457,27.209],[95.509,27.262],[95.545,27.26],[95.587,27.223],[95.72,27.25],[95.801,27.284],[95.805,27.273],[95.859,27.287],[95.856,27.271],[95.892,27.255],[95.897,27.282],[95.96,27.311],[95.989,27.357],[96.018,27.365],[95.969,27.428],[95.955,27.42],[95.941,27.437],[95.908,27.434],[95.886,27.398],[95.883,27.435],[95.86,27.408],[95.844,27.422],[95.887,27.497],[95.877,27.544],[95.814,27.574],[95.816,27.599],[95.791,27.599],[95.778,27.624],[95.796,27.642],[95.77,27.658],[95.79,27.68],[95.768,27.687],[95.752,27.724],[95.779,27.734],[95.776,27.754],[95.838,27.824],[95.87,27.833],[95.925,27.882],[95.915,27.889],[95.938,27.898],[95.971,27.963],[95.824,27.972],[95.605,27.955],[95.52,27.881],[95.379,27.839],[95.309,27.868],[94.922,27.75],[94.852,27.728],[94.841,27.701],[94.794,27.695],[94.754,27.661],[94.688,27.665],[94.683,27.646],[94.499,27.572],[94.478,27.576],[94.462,27.555],[94.432,27.6],[94.364,27.574],[94.298,27.602],[94.277,27.59],[94.254,27.614],[94.262,27.636],[94.237,27.633],[94.209,27.605],[94.227,27.598],[94.225,27.574],[94.259,27.556],[94.268,27.521],[94.157,27.475],[94.159,27.462],[94.09,27.407],[94.06,27.362],[93.991,27.328],[93.795,27.136],[93.825,27.117],[93.838,27.085],[93.829,27.067],[93.803,27.058],[93.794,27.072],[93.8,27.058],[93.784,27.052],[93.781,27.066],[93.778,27.049],[93.771,27.062],[93.767,27.04],[93.66,26.967],[93.489,26.936],[93.323,26.96],[93.022,26.914],[92.917,26.963],[92.918,26.982],[92.887,27.0],[92.672,27.032],[92.645,26.987],[92.583,26.96],[92.447,26.959],[92.398,26.925],[92.363,26.935],[92.303,26.923],[92.303,26.907],[92.195,26.89],[92.108,26.893],[92.118,26.959],[92.104,27.007],[92.028,27.078],[92.023,27.114],[92.037,27.138],[92.026,27.171],[92.057,27.189],[92.071,27.223],[92.041,27.266],[92.103,27.269],[92.122,27.287],[92.06,27.327],[92.056,27.4],[92.021,27.447],[92.02,27.479],[91.941,27.46],[91.865,27.482],[91.83,27.469],[91.722,27.47],[91.692,27.503],[91.649,27.485],[91.569,27.575],[91.578,27.608],[91.56,27.633],[91.599,27.693],[91.626,27.706],[91.642,27.765],[91.631,27.801],[91.601,27.821],[91.568,27.815],[91.546,27.856],[91.664,27.858],[91.712,27.813],[91.76,27.801],[91.826,27.81],[91.863,27.737],[91.921,27.715],[91.986,27.77],[92.057,27.759],[92.158,27.837],[92.212,27.859],[92.266,27.858],[92.286,27.807],[92.318,27.778],[92.381,27.795],[92.385,27.815],[92.408,27.822],[92.456,27.803],[92.503,27.841],[92.562,27.82],[92.607,27.877],[92.671,27.9],[92.741,27.989],[92.697,28.048],[92.665,28.062],[92.689,28.125],[92.802,28.202],[92.818,28.201],[92.83,28.171],[92.966,28.261],[93.002,28.23],[93.036,28.263],[93.026,28.303],[93.097,28.307],[93.127,28.326],[93.195,28.317],[93.221,28.333],[93.233,28.4],[93.185,28.44],[93.278,28.504],[93.307,28.566],[93.302,28.599],[93.33,28.608],[93.339,28.64],[93.414,28.653],[93.448,28.676],[93.476,28.653],[93.493,28.684],[93.536,28.658],[93.622,28.657],[93.734,28.689],[93.777,28.668],[93.846,28.707],[93.928,28.671],[93.959,28.704],[93.97,28.751],[94.003,28.775],[93.987,28.798],[93.997,28.841],[94.032,28.853],[94.069,28.896],[94.157,28.954],[94.217,29.084],[94.29,29.148],[94.359,29.152],[94.375,29.19],[94.434,29.227],[94.497,29.216],[94.56,29.229],[94.58,29.281],[94.622,29.313],[94.631,29.348],[94.714,29.304],[94.78,29.241],[94.8,29.209],[94.8,29.164],[94.874,29.184],[95.024,29.13],[94.989,29.173],[94.999,29.172],[95.1,29.143],[95.123,29.115],[95.252,29.109],[95.251,29.067],[95.268,29.056],[95.448,29.034],[95.487,29.074],[95.498,29.139],[95.548,29.127],[95.539,29.212],[95.587,29.216],[95.6,29.26],[95.639,29.248],[95.703,29.299],[95.728,29.301],[95.779,29.355],[95.798,29.335],[95.882,29.39],[95.958,29.381],[96.057,29.457],[96.089,29.46],[96.176,29.362],[96.184,29.307],[96.244,29.233],[96.294,29.233],[96.364,29.283],[96.393,29.254],[96.347,29.168],[96.261,29.157],[96.218,29.135],[96.186,29.092],[96.115,29.075],[96.151,29.05],[96.185,28.985],[96.145,28.934],[96.166,28.903],[96.248,28.939],[96.294,28.995],[96.347,29.029],[96.436,29.034],[96.525,29.076],[96.477,28.99],[96.487,28.962],[96.518,28.967],[96.537,28.88],[96.615,28.774],[96.585,28.717],[96.472,28.684],[96.493,28.634],[96.427,28.582],[96.4,28.59],[96.405,28.559],[96.353,28.556],[96.324,28.529],[96.372,28.482],[96.262,28.409],[96.303,28.4],[96.318,28.381],[96.369,28.389],[96.398,28.339],[96.421,28.346],[96.43,28.387],[96.457,28.414],[96.509,28.413],[96.578,28.458],[96.663,28.46],[96.749,28.416],[96.772,28.368],[96.85,28.362],[96.896,28.38],[96.924,28.339],[96.994,28.31],[97.09,28.363],[97.149,28.327],[97.171,28.292],[97.221,28.293],[97.238,28.268],[97.279,28.269],[97.397,28.192],[97.36,28.188],[97.328,28.155],[97.336,28.111],[97.304,28.069],[97.37,28.062],[97.373,28.031],[97.411,28.015],[97.374,27.977],[97.385,27.887],[97.317,27.881],[97.305,27.921],[97.253,27.901],[97.157,27.814],[97.099,27.785],[97.088,27.734],[97.032,27.749],[96.983,27.666],[96.935,27.662],[96.89,27.606],[96.89,27.579],[96.908,27.579],[96.907,27.544],[96.935,27.508],[96.91,27.487],[96.903,27.453],[96.96,27.404],[96.962,27.373],[96.998,27.319],[97.028,27.308],[97.088,27.239],[97.09,27.214],[97.166,27.135],[97.138,27.091],[97.1,27.109],[97.071,27.09],[96.984,27.154],[96.874,27.181],[96.855,27.211],[96.886,27.227],[96.884,27.26],[96.847,27.272],[96.848,27.29],[96.797,27.346],[96.704,27.372],[96.698,27.358],[96.606,27.366],[96.596,27.334],[96.551,27.318],[96.524,27.286],[96.441,27.306],[96.386,27.285],[96.307,27.294],[96.271,27.271],[96.229,27.279],[96.023,27.18],[95.946,27.051],[95.87,27.013],[95.802,27.015],[95.755,26.954],[95.745,26.896],[95.723,26.881],[95.667,26.903],[95.632,26.874],[95.608,26.813],[95.543,26.835],[95.525,26.823],[95.482,26.746],[95.459,26.743],[95.431,26.7],[95.303,26.651],[95.26,26.655],[95.257,26.676],[95.234,26.682],[95.21,26.729]]]}},{"type":"Feature","properties":{"admin_code":"IN-AS","name":"Assam","name_local":"असम"},"geometry":{"type":"Polygon","coordinates":[[[95.095,26.958],[95.017,26.921],[94.983,26.913],[94.961,26.937],[94.931,26.933],[94.922,26.946],[94.873,26.918],[94.817,26.848],[94.814,26.82],[94.795,26.815],[94.803,26.801],[94.77,26.789],[94.758,26.766],[94.74,26.776],[94.692,26.732],[94.62,26.712],[94.61,26.737],[94.597,26.735],[94.594,26.697],[94.577,26.701],[94.566,26.684],[94.562,26.705],[94.539,26.706],[94.493,26.666],[94.46,26.662],[94.465,26.633],[94.403,26.611],[94.413,26.577],[94.401,26.534],[94.372,26.506],[94.348,26.505],[94.353,26.49],[94.325,26.482],[94.316,26.458],[94.29,26.48],[94.285,26.561],[94.256,26.541],[94.172,26.43],[94.177,26.382],[94.16,26.354],[94.174,26.341],[94.105,26.32],[94.075,26.264],[94.048,26.249],[94.032,26.198],[94.001,26.172],[93.987,26.067],[93.953,26.003],[93.979,25.917],[93.916,25.884],[93.882,25.843],[93.84,25.857],[93.795,25.809],[93.777,25.85],[93.796,25.907],[93.777,25.968],[93.765,25.97],[93.751,25.933],[93.681,25.904],[93.714,25.845],[93.646,25.822],[93.617,25.776],[93.568,25.759],[93.542,25.731],[93.541,25.699],[93.522,25.698],[93.496,25.655],[93.461,25.632],[93.427,25.633],[93.359,25.555],[93.327,25.547],[93.385,25.49],[93.39,25.46],[93.458,25.431],[93.474,25.38],[93.448,25.341],[93.47,25.305],[93.381,25.24],[93.346,25.17],[93.332,25.093],[93.3,25.046],[93.264,25.049],[93.244,25.018],[93.263,24.961],[93.237,24.937],[93.249,24.915],[93.235,24.912],[93.226,24.873],[93.195,24.854],[93.197,24.811],[93.149,24.787],[93.138,24.81],[93.109,24.812],[93.108,24.742],[93.073,24.708],[93.104,24.674],[93.071,24.601],[93.104,24.582],[93.058,24.574],[93.071,24.558],[93.05,24.544],[93.032,24.495],[93.046,24.474],[93.04,24.412],[93.014,24.417],[92.994,24.399],[92.974,24.408],[92.958,24.392],[92.909,24.413],[92.903,24.391],[92.861,24.399],[92.829,24.374],[92.83,24.4],[92.799,24.419],[92.763,24.521],[92.685,24.347],[92.661,24.348],[92.646,24.328],[92.625,24.334],[92.612,24.254],[92.551,24.247],[92.534,24.18],[92.484,24.163],[92.464,24.136],[92.436,24.153],[92.419,24.193],[92.422,24.255],[92.266,24.251],[92.22,24.234],[92.192,24.243],[92.21,24.248],[92.26,24.359],[92.247,24.442],[92.23,24.452],[92.236,24.489],[92.212,24.504],[92.254,24.678],[92.296,24.737],[92.279,24.746],[92.289,24.785],[92.273,24.828],[92.241,24.842],[92.247,24.885],[92.234,24.901],[92.3,24.915],[92.4,24.849],[92.438,24.856],[92.445,24.872],[92.488,24.871],[92.487,24.947],[92.449,24.939],[92.467,24.964],[92.418,24.966],[92.416,24.99],[92.438,25.044],[92.464,25.038],[92.457,25.054],[92.481,25.109],[92.539,25.099],[92.522,25.139],[92.621,25.115],[92.663,25.177],[92.803,25.217],[92.762,25.247],[92.792,25.283],[92.787,25.314],[92.782,25.333],[92.75,25.344],[92.738,25.379],[92.718,25.373],[92.673,25.414],[92.662,25.406],[92.654,25.434],[92.639,25.418],[92.626,25.435],[92.628,25.422],[92.607,25.413],[92.599,25.468],[92.565,25.466],[92.574,25.491],[92.643,25.535],[92.661,25.572],[92.653,25.591],[92.595,25.552],[92.572,25.557],[92.557,25.571],[92.554,25.615],[92.506,25.616],[92.47,25.675],[92.441,25.692],[92.444,25.72],[92.407,25.745],[92.382,25.742],[92.384,25.755],[92.333,25.724],[92.225,25.716],[92.17,25.667],[92.156,25.672],[92.144,25.717],[92.163,25.741],[92.151,25.817],[92.177,25.873],[92.225,25.909],[92.155,25.911],[92.152,25.944],[92.181,25.985],[92.263,26.033],[92.275,26.066],[92.169,26.078],[92.133,26.044],[91.989,26.039],[91.919,25.998],[91.915,26.021],[91.867,26.042],[91.879,26.098],[91.825,26.12],[91.791,26.085],[91.731,26.059],[91.72,25.954],[91.671,25.904],[91.609,25.937],[91.641,25.964],[91.626,25.987],[91.631,26.022],[91.597,26.018],[91.58,26.033],[91.551,25.977],[91.518,25.96],[91.505,25.911],[91.537,25.931],[91.475,25.874],[91.513,25.866],[91.527,25.891],[91.53,25.871],[91.445,25.84],[91.422,25.855],[91.335,25.841],[91.274,25.751],[91.222,25.723],[91.178,25.777],[91.204,25.843],[91.196,25.861],[91.18,25.844],[91.147,25.851],[91.062,25.821],[91.049,25.829],[91.078,25.853],[91.048,25.849],[91.006,25.82],[91.03,25.886],[90.969,25.885],[90.947,25.948],[90.917,25.945],[90.917,25.914],[90.884,25.95],[90.835,25.937],[90.836,25.949],[90.809,25.953],[90.766,25.908],[90.76,25.922],[90.739,25.916],[90.754,25.93],[90.74,25.939],[90.748,25.957],[90.718,25.955],[90.632,25.92],[90.622,25.898],[90.606,25.917],[90.624,25.939],[90.588,25.958],[90.515,25.896],[90.535,25.95],[90.476,26.01],[90.425,25.989],[90.4,26.013],[90.372,26.011],[90.325,25.973],[90.203,25.961],[90.187,25.944],[90.151,25.967],[90.116,25.957],[90.042,25.888],[90.019,25.892],[90.006,25.879],[90.022,25.86],[90.004,25.839],[89.948,25.826],[89.959,25.78],[89.938,25.746],[89.895,25.745],[89.95,25.656],[90.02,25.608],[90.003,25.586],[89.983,25.591],[89.972,25.574],[89.878,25.55],[89.868,25.524],[89.886,25.508],[89.851,25.466],[89.851,25.539],[89.866,25.546],[89.881,25.629],[89.849,25.715],[89.828,25.73],[89.841,25.765],[89.817,25.815],[89.835,25.84],[89.833,25.871],[89.887,25.945],[89.825,25.946],[89.849,25.949],[89.842,25.97],[89.873,25.977],[89.836,26.013],[89.836,25.982],[89.821,25.987],[89.809,26.044],[89.797,26.023],[89.788,26.019],[89.802,26.04],[89.774,26.039],[89.799,26.06],[89.795,26.089],[89.782,26.083],[89.784,26.105],[89.757,26.108],[89.767,26.129],[89.747,26.158],[89.72,26.158],[89.733,26.177],[89.71,26.172],[89.699,26.191],[89.713,26.187],[89.712,26.202],[89.734,26.21],[89.726,26.218],[89.709,26.211],[89.7,26.218],[89.732,26.237],[89.702,26.259],[89.738,26.27],[89.718,26.296],[89.72,26.307],[89.757,26.289],[89.751,26.321],[89.783,26.333],[89.781,26.353],[89.82,26.373],[89.811,26.36],[89.82,26.353],[89.825,26.382],[89.856,26.384],[89.846,26.405],[89.828,26.395],[89.835,26.414],[89.856,26.413],[89.848,26.423],[89.869,26.454],[89.85,26.491],[89.858,26.576],[89.874,26.584],[89.87,26.614],[89.85,26.623],[89.866,26.646],[89.852,26.697],[89.865,26.705],[89.859,26.735],[89.967,26.723],[90.14,26.754],[90.195,26.774],[90.188,26.807],[90.231,26.859],[90.301,26.849],[90.348,26.875],[90.357,26.901],[90.418,26.904],[90.546,26.817],[90.634,26.794],[90.646,26.777],[90.676,26.784],[90.717,26.768],[90.992,26.791],[91.054,26.781],[91.098,26.822],[91.237,26.812],[91.337,26.781],[91.376,26.795],[91.408,26.84],[91.495,26.791],[91.626,26.821],[91.69,26.807],[91.824,26.864],[91.859,26.913],[91.893,26.919],[91.984,26.858],[92.056,26.847],[92.102,26.867],[92.114,26.894],[92.276,26.902],[92.303,26.907],[92.303,26.923],[92.363,26.935],[92.398,26.925],[92.447,26.959],[92.583,26.96],[92.645,26.987],[92.672,27.032],[92.887,27.0],[92.918,26.982],[92.917,26.963],[93.022,26.914],[93.323,26.96],[93.449,26.951],[93.471,26.937],[93.587,26.951],[93.676,26.975],[93.723,27.021],[93.767,27.04],[93.771,27.062],[93.778,27.049],[93.781,27.066],[93.784,27.052],[93.8,27.058],[93.793,27.068],[93.794,27.072],[93.803,27.058],[93.829,27.067],[93.838,27.085],[93.825,27.117],[93.795,27.136],[93.806,27.149],[93.991,27.328],[94.06,27.362],[94.09,27.407],[94.159,27.462],[94.157,27.475],[94.268,27.521],[94.259,27.556],[94.225,27.574],[94.227,27.598],[94.209,27.605],[94.237,27.633],[94.262,27.636],[94.254,27.614],[94.277,27.59],[94.298,27.602],[94.364,27.574],[94.432,27.6],[94.462,27.555],[94.478,27.576],[94.499,27.572],[94.683,27.646],[94.688,27.665],[94.754,27.661],[94.794,27.695],[94.841,27.701],[94.852,27.728],[94.922,27.75],[95.309,27.868],[95.379,27.839],[95.52,27.881],[95.605,27.955],[95.824,27.972],[95.971,27.963],[95.938,27.898],[95.915,27.889],[95.925,27.882],[95.87,27.833],[95.838,27.824],[95.776,27.754],[95.779,27.734],[95.752,27.724],[95.768,27.687],[95.79,27.68],[95.77,27.658],[95.796,27.642],[95.778,27.624],[95.791,27.599],[95.816,27.599],[95.814,27.574],[95.877,27.544],[95.887,27.497],[95.844,27.422],[95.86,27.408],[95.883,27.435],[95.886,27.398],[95.908,27.434],[95.941,27.437],[95.955,27.42],[95.969,27.428],[96.018,27.365],[95.989,27.357],[95.96,27.311],[95.897,27.282],[95.892,27.255],[95.856,27.271],[95.859,27.287],[95.805,27.273],[95.801,27.284],[95.72,27.25],[95.587,27.223],[95.545,27.26],[95.509,27.262],[95.457,27.209],[95.467,27.182],[95.453,27.13],[95.421,27.126],[95.375,27.093],[95.369,27.108],[95.355,27.104],[95.246,27.024],[95.232,27.043],[95.195,27.031],[95.095,26.958]]]}},{"type":"Feature","properties":{"admin_code":"IN-BR","name":"Bihar","name_local":"बिहार"},"geometry":{"type":"Polygon","coordinates":[[[83.497,24.539],[83.53,24.567],[83.524,24.603],[83.548,24.623],[83.5,24.651],[83.52,24.678],[83.485,24.702],[83.489,24.736],[83.458,24.732],[83.428,24.768],[83.393,24.783],[83.397,24.832],[83.358,24.871],[83.37,24.88],[83.355,24.905],[83.362,24.954],[83.343,24.963],[83.351,25.009],[83.32,25.017],[83.343,25.051],[83.35,25.113],[83.367,25.125],[83.351,25.157],[83.357,25.2],[83.402,25.209],[83.41,25.247],[83.436,25.244],[83.45,25.261],[83.468,25.252],[83.49,25.29],[83.505,25.281],[83.554,25.309],[83.54,25.316],[83.574,25.306],[83.596,25.328],[83.649,25.339],[83.656,25.368],[83.694,25.37],[83.682,25.379],[83.702,25.396],[83.71,25.386],[83.741,25.411],[83.769,25.386],[83.808,25.409],[83.802,25.43],[83.846,25.434],[83.813,25.448],[83.817,25.463],[83.856,25.468],[83.876,25.518],[83.902,25.524],[83.921,25.552],[84.017,25.615],[84.081,25.636],[84.075,25.695],[84.104,25.721],[84.14,25.732],[84.13,25.718],[84.143,25.716],[84.155,25.729],[84.199,25.702],[84.206,25.67],[84.276,25.659],[84.3,25.665],[84.287,25.677],[84.324,25.67],[84.337,25.744],[84.391,25.745],[84.384,25.732],[84.4,25.729],[84.407,25.698],[84.427,25.693],[84.43,25.711],[84.453,25.714],[84.499,25.675],[84.529,25.683],[84.54,25.727],[84.535,25.691],[84.557,25.68],[84.56,25.737],[84.635,25.728],[84.603,25.762],[84.624,25.771],[84.625,25.792],[84.551,25.841],[84.548,25.829],[84.531,25.832],[84.523,25.86],[84.544,25.859],[84.534,25.876],[84.428,25.891],[84.412,25.931],[84.354,25.959],[84.297,25.945],[84.207,26.0],[84.17,25.988],[84.173,26.025],[84.104,26.093],[84.056,26.1],[84.05,26.131],[84.028,26.142],[84.034,26.16],[84.009,26.175],[84.029,26.199],[84.019,26.239],[84.087,26.219],[84.121,26.259],[84.151,26.258],[84.166,26.241],[84.186,26.313],[84.177,26.371],[84.079,26.383],[84.034,26.412],[84.017,26.448],[83.992,26.432],[83.908,26.447],[83.908,26.519],[83.94,26.525],[83.971,26.508],[83.977,26.533],[84.009,26.522],[84.048,26.536],[84.089,26.603],[84.087,26.639],[84.159,26.636],[84.16,26.625],[84.281,26.6],[84.307,26.616],[84.42,26.627],[84.411,26.67],[84.33,26.684],[84.306,26.75],[84.256,26.727],[84.241,26.739],[84.233,26.754],[84.26,26.804],[84.254,26.857],[84.22,26.872],[84.166,26.834],[84.141,26.853],[84.146,26.885],[84.11,26.899],[84.098,26.876],[84.06,26.888],[84.06,26.92],[84.032,26.941],[84.055,26.96],[84.046,26.982],[84.057,26.99],[84.037,27.009],[84.05,27.043],[84.0,27.069],[84.031,27.097],[83.947,27.09],[83.959,27.136],[83.994,27.174],[83.97,27.224],[83.905,27.257],[83.934,27.309],[83.917,27.327],[83.871,27.307],[83.837,27.322],[83.862,27.335],[83.884,27.374],[83.831,27.427],[83.848,27.449],[84.016,27.437],[84.046,27.446],[84.067,27.482],[84.093,27.49],[84.098,27.517],[84.147,27.518],[84.149,27.486],[84.208,27.469],[84.211,27.443],[84.259,27.451],[84.294,27.382],[84.62,27.339],[84.691,27.215],[84.688,27.18],[84.673,27.171],[84.688,27.159],[84.68,27.114],[84.646,27.076],[84.643,27.046],[84.757,27.003],[84.775,27.017],[84.793,26.996],[84.826,27.021],[84.892,26.97],[84.962,26.961],[84.978,26.938],[84.969,26.916],[85.061,26.887],[85.03,26.875],[85.023,26.855],[85.191,26.87],[85.177,26.81],[85.212,26.758],[85.334,26.742],[85.408,26.792],[85.454,26.782],[85.566,26.841],[85.576,26.861],[85.586,26.847],[85.635,26.872],[85.643,26.853],[85.729,26.809],[85.732,26.654],[85.802,26.624],[85.817,26.603],[85.851,26.609],[85.85,26.568],[85.928,26.616],[85.947,26.613],[85.959,26.651],[86.027,26.666],[86.138,26.629],[86.136,26.606],[86.191,26.615],[86.196,26.594],[86.218,26.589],[86.252,26.617],[86.333,26.619],[86.497,26.543],[86.542,26.538],[86.57,26.497],[86.613,26.488],[86.632,26.465],[86.692,26.451],[86.73,26.422],[86.766,26.459],[86.834,26.439],[86.893,26.462],[86.893,26.488],[86.929,26.49],[86.933,26.515],[87.016,26.532],[87.042,26.588],[87.071,26.587],[87.091,26.451],[87.162,26.405],[87.259,26.41],[87.266,26.374],[87.312,26.372],[87.34,26.348],[87.368,26.408],[87.464,26.44],[87.547,26.418],[87.605,26.381],[87.651,26.393],[87.65,26.406],[87.678,26.416],[87.677,26.436],[87.734,26.408],[87.767,26.411],[87.792,26.469],[87.848,26.437],[87.888,26.487],[87.91,26.458],[87.898,26.449],[87.924,26.447],[87.926,26.419],[87.992,26.393],[87.996,26.366],[88.019,26.364],[88.099,26.456],[88.091,26.469],[88.111,26.498],[88.098,26.548],[88.146,26.522],[88.169,26.553],[88.218,26.553],[88.216,26.573],[88.233,26.571],[88.235,26.545],[88.183,26.504],[88.198,26.485],[88.228,26.492],[88.215,26.477],[88.273,26.419],[88.237,26.396],[88.238,26.381],[88.283,26.378],[88.3,26.35],[88.278,26.326],[88.253,26.334],[88.228,26.285],[88.146,26.25],[88.142,26.226],[88.116,26.224],[88.073,26.175],[88.035,26.179],[88.01,26.145],[87.975,26.143],[87.982,26.127],[87.969,26.119],[87.989,26.105],[87.964,26.095],[87.982,26.073],[87.954,26.075],[87.949,26.06],[87.927,26.084],[87.886,26.043],[87.855,26.035],[87.84,25.934],[87.811,25.928],[87.831,25.871],[87.916,25.853],[87.889,25.83],[87.918,25.816],[87.9,25.807],[87.904,25.773],[87.942,25.774],[87.968,25.726],[88.001,25.723],[88.021,25.696],[88.05,25.702],[88.051,25.654],[88.036,25.649],[88.055,25.645],[88.034,25.631],[88.044,25.61],[88.022,25.596],[88.035,25.581],[88.021,25.571],[88.04,25.574],[88.031,25.554],[88.069,25.526],[88.073,25.484],[88.031,25.491],[88.014,25.514],[88.0,25.498],[87.966,25.536],[87.927,25.539],[87.903,25.505],[87.884,25.521],[87.866,25.497],[87.869,25.469],[87.831,25.462],[87.826,25.438],[87.787,25.449],[87.765,25.384],[87.79,25.377],[87.793,25.33],[87.853,25.29],[87.818,25.242],[87.763,25.266],[87.711,25.258],[87.692,25.312],[87.61,25.313],[87.584,25.332],[87.584,25.349],[87.552,25.333],[87.543,25.281],[87.487,25.297],[87.501,25.26],[87.473,25.238],[87.478,25.194],[87.401,25.227],[87.372,25.206],[87.328,25.224],[87.296,25.089],[87.241,25.117],[87.237,25.089],[87.213,25.091],[87.146,25.019],[87.157,24.881],[87.074,24.818],[87.096,24.803],[87.07,24.745],[87.081,24.729],[87.054,24.669],[87.051,24.609],[87.02,24.63],[86.996,24.62],[86.978,24.64],[86.953,24.631],[86.958,24.649],[86.94,24.653],[86.945,24.636],[86.909,24.596],[86.916,24.545],[86.881,24.574],[86.857,24.555],[86.844,24.575],[86.802,24.57],[86.811,24.599],[86.787,24.616],[86.753,24.618],[86.735,24.58],[86.669,24.566],[86.603,24.608],[86.58,24.567],[86.559,24.565],[86.552,24.536],[86.528,24.544],[86.5,24.51],[86.484,24.468],[86.491,24.428],[86.468,24.425],[86.472,24.394],[86.445,24.368],[86.413,24.38],[86.377,24.431],[86.276,24.466],[86.309,24.511],[86.301,24.561],[86.323,24.587],[86.259,24.578],[86.215,24.614],[86.214,24.594],[86.167,24.584],[86.125,24.611],[86.115,24.644],[86.129,24.699],[86.094,24.745],[86.037,24.741],[86.055,24.78],[85.945,24.733],[85.867,24.805],[85.778,24.797],[85.737,24.821],[85.707,24.78],[85.707,24.725],[85.681,24.692],[85.649,24.685],[85.676,24.616],[85.668,24.579],[85.615,24.581],[85.581,24.601],[85.566,24.587],[85.572,24.562],[85.541,24.562],[85.542,24.532],[85.524,24.521],[85.498,24.546],[85.434,24.528],[85.385,24.555],[85.371,24.555],[85.398,24.545],[85.392,24.53],[85.288,24.523],[85.283,24.492],[85.25,24.491],[85.226,24.463],[85.153,24.455],[85.174,24.421],[85.089,24.372],[85.073,24.381],[85.08,24.433],[85.062,24.407],[85.028,24.415],[84.975,24.375],[84.904,24.372],[84.882,24.425],[84.887,24.463],[84.854,24.467],[84.84,24.452],[84.839,24.513],[84.802,24.531],[84.786,24.504],[84.686,24.457],[84.665,24.391],[84.568,24.409],[84.572,24.383],[84.528,24.376],[84.532,24.339],[84.496,24.286],[84.485,24.307],[84.505,24.331],[84.484,24.313],[84.46,24.337],[84.424,24.33],[84.431,24.357],[84.401,24.365],[84.407,24.375],[84.388,24.389],[84.342,24.393],[84.334,24.42],[84.32,24.421],[84.336,24.431],[84.297,24.449],[84.291,24.466],[84.328,24.5],[84.297,24.56],[84.27,24.56],[84.28,24.547],[84.257,24.527],[84.236,24.55],[84.215,24.533],[84.188,24.553],[84.173,24.545],[84.178,24.505],[84.156,24.511],[84.163,24.533],[84.146,24.538],[84.141,24.501],[84.108,24.477],[84.086,24.506],[84.093,24.534],[84.051,24.587],[84.052,24.61],[84.008,24.643],[83.937,24.55],[83.873,24.532],[83.801,24.53],[83.719,24.503],[83.503,24.525],[83.497,24.539]]]}},{"type":"Feature","properties":{"admin_code":"IN-CH","name":"Chandigarh","name_local":"चंडीगढ़"},"geometry":{"type":"Polygon","coordinates":[[[76.848,30.715],[76.803,30.666],[76.739,30.693],[76.731,30.724],[76.705,30.743],[76.712,30.762],[76.771,30.795],[76.783,30.771],[76.813,30.78],[76.815,30.753],[76.838,30.755],[76.848,30.715]]]}},{"type":"Feature","properties":{"admin_code":"IN-CT","name":"Chhattisgarh","name_local":"छत्तीसगढ़"},"geometry":{"type":"Polygon","coordinates":[[[80.245,18.765],[80.276,18.766],[80.354,18.827],[80.327,18.88],[80.271,18.938],[80.273,18.993],[80.303,19.022],[80.297,19.049],[80.33,19.07],[80.333,19.145],[80.394,19.188],[80.394,19.245],[80.446,19.264],[80.483,19.338],[80.52,19.348],[80.573,19.402],[80.613,19.309],[80.68,19.33],[80.69,19.287],[80.757,19.29],[80.853,19.364],[80.812,19.407],[80.813,19.434],[80.875,19.445],[80.898,19.482],[80.895,19.52],[80.857,19.523],[80.836,19.566],[80.775,19.562],[80.77,19.587],[80.741,19.606],[80.665,19.612],[80.676,19.699],[80.553,19.765],[80.546,19.818],[80.481,19.828],[80.469,19.81],[80.485,19.802],[80.489,19.77],[80.464,19.796],[80.402,19.796],[80.402,19.817],[80.441,19.81],[80.506,19.871],[80.491,19.902],[80.414,19.907],[80.411,19.938],[80.452,19.957],[80.489,19.93],[80.53,19.939],[80.55,19.986],[80.557,20.072],[80.544,20.096],[80.552,20.118],[80.506,20.144],[80.46,20.151],[80.434,20.135],[80.402,20.147],[80.389,20.165],[80.422,20.206],[80.395,20.245],[80.481,20.275],[80.519,20.266],[80.55,20.309],[80.611,20.318],[80.626,20.336],[80.591,20.393],[80.614,20.435],[80.602,20.45],[80.627,20.564],[80.617,20.586],[80.632,20.598],[80.581,20.608],[80.521,20.581],[80.481,20.618],[80.52,20.656],[80.587,20.686],[80.552,20.764],[80.562,20.824],[80.546,20.935],[80.464,20.929],[80.444,20.994],[80.424,21.01],[80.453,21.039],[80.439,21.096],[80.458,21.114],[80.445,21.122],[80.464,21.175],[80.615,21.227],[80.68,21.299],[80.66,21.334],[80.737,21.471],[80.728,21.496],[80.741,21.539],[80.72,21.555],[80.729,21.573],[80.715,21.585],[80.731,21.617],[80.714,21.662],[80.734,21.695],[80.726,21.714],[80.756,21.762],[80.785,21.74],[80.82,21.748],[80.839,21.848],[80.852,21.854],[80.832,21.89],[80.846,21.942],[80.826,21.958],[80.857,21.965],[80.908,22.11],[80.948,22.118],[80.972,22.085],[80.97,22.057],[80.994,22.049],[81.005,22.062],[81.011,22.096],[80.978,22.123],[81.022,22.133],[81.017,22.186],[81.032,22.2],[81.019,22.221],[81.05,22.245],[81.08,22.239],[81.119,22.291],[81.121,22.343],[81.104,22.383],[81.111,22.438],[81.155,22.455],[81.173,22.488],[81.196,22.491],[81.2,22.463],[81.232,22.452],[81.281,22.503],[81.314,22.483],[81.327,22.526],[81.382,22.51],[81.39,22.452],[81.407,22.441],[81.429,22.457],[81.428,22.48],[81.447,22.466],[81.459,22.469],[81.447,22.47],[81.443,22.494],[81.485,22.488],[81.522,22.539],[81.57,22.532],[81.57,22.551],[81.622,22.538],[81.629,22.563],[81.66,22.569],[81.647,22.613],[81.683,22.647],[81.713,22.648],[81.729,22.676],[81.747,22.648],[81.769,22.664],[81.752,22.727],[81.794,22.766],[81.761,22.83],[81.776,22.874],[81.862,22.889],[81.866,22.916],[81.878,22.91],[81.946,22.957],[81.95,22.983],[81.921,23.041],[81.942,23.079],[82.035,23.08],[82.07,23.118],[82.126,23.104],[82.161,23.143],[82.16,23.162],[82.144,23.165],[82.145,23.227],[82.193,23.278],[82.194,23.324],[82.146,23.361],[82.117,23.355],[82.103,23.398],[82.064,23.393],[82.056,23.377],[82.022,23.387],[82.025,23.425],[81.985,23.415],[81.98,23.447],[81.955,23.467],[81.958,23.5],[81.923,23.533],[81.836,23.511],[81.821,23.515],[81.809,23.549],[81.758,23.55],[81.747,23.57],[81.7,23.522],[81.659,23.529],[81.644,23.482],[81.627,23.482],[81.61,23.555],[81.584,23.554],[81.577,23.585],[81.612,23.595],[81.615,23.663],[81.655,23.663],[81.656,23.682],[81.684,23.691],[81.696,23.721],[81.682,23.753],[81.645,23.77],[81.651,23.799],[81.636,23.835],[81.613,23.835],[81.603,23.854],[81.622,23.87],[81.604,23.882],[81.609,23.903],[81.669,23.925],[81.69,23.885],[81.707,23.882],[81.707,23.861],[81.732,23.857],[81.725,23.84],[81.791,23.809],[81.888,23.836],[81.929,23.871],[81.958,23.852],[82.008,23.862],[82.044,23.842],[82.038,23.827],[82.053,23.819],[82.171,23.818],[82.21,23.853],[82.206,23.827],[82.232,23.805],[82.261,23.821],[82.393,23.8],[82.466,23.812],[82.497,23.785],[82.523,23.784],[82.551,23.791],[82.533,23.822],[82.589,23.821],[82.66,23.855],[82.668,23.872],[82.651,23.89],[82.662,23.908],[82.699,23.925],[82.752,23.92],[82.802,23.962],[82.837,23.957],[82.948,23.871],[83.082,23.87],[83.141,23.885],[83.159,23.907],[83.208,23.921],[83.224,23.987],[83.243,24.012],[83.279,24.018],[83.282,24.05],[83.321,24.106],[83.432,24.086],[83.451,24.043],[83.516,24.027],[83.515,23.981],[83.547,23.938],[83.553,23.898],[83.586,23.886],[83.571,23.862],[83.659,23.849],[83.664,23.828],[83.705,23.821],[83.746,23.72],[83.723,23.686],[83.761,23.652],[83.752,23.639],[83.772,23.611],[83.807,23.588],[83.938,23.569],[83.932,23.62],[84.017,23.634],[84.008,23.622],[84.03,23.6],[84.028,23.546],[84.015,23.504],[83.971,23.467],[83.982,23.422],[83.963,23.377],[84.006,23.354],[84.023,23.378],[84.051,23.375],[84.075,23.333],[84.054,23.247],[84.063,23.206],[84.032,23.154],[84.067,23.11],[84.093,23.112],[84.133,23.083],[84.125,23.037],[84.149,22.965],[84.178,22.98],[84.186,23.027],[84.219,22.979],[84.254,22.972],[84.277,22.993],[84.284,22.963],[84.328,22.982],[84.374,22.979],[84.396,22.927],[84.375,22.905],[84.372,22.865],[84.324,22.851],[84.315,22.801],[84.289,22.766],[84.26,22.768],[84.232,22.742],[84.238,22.692],[84.22,22.667],[84.152,22.637],[84.084,22.638],[84.053,22.596],[84.009,22.573],[84.012,22.527],[83.975,22.512],[84.047,22.469],[84.047,22.438],[84.01,22.372],[83.923,22.358],[83.89,22.336],[83.864,22.343],[83.822,22.313],[83.826,22.293],[83.795,22.286],[83.758,22.24],[83.704,22.247],[83.65,22.223],[83.564,22.105],[83.607,22.067],[83.587,22.049],[83.544,22.057],[83.536,22.028],[83.556,22.007],[83.538,21.969],[83.562,21.948],[83.557,21.935],[83.606,21.914],[83.576,21.883],[83.591,21.851],[83.577,21.831],[83.532,21.832],[83.542,21.798],[83.493,21.818],[83.469,21.787],[83.491,21.744],[83.461,21.698],[83.432,21.7],[83.418,21.68],[83.49,21.631],[83.456,21.61],[83.443,21.655],[83.383,21.62],[83.365,21.576],[83.373,21.558],[83.338,21.502],[83.354,21.448],[83.399,21.405],[83.407,21.352],[83.379,21.344],[83.284,21.38],[83.269,21.379],[83.258,21.319],[83.279,21.295],[83.271,21.272],[83.251,21.282],[83.222,21.266],[83.198,21.145],[83.167,21.139],[83.131,21.106],[83.078,21.112],[83.016,21.146],[82.99,21.14],[83.003,21.168],[82.981,21.17],[82.988,21.183],[82.966,21.175],[82.965,21.193],[82.944,21.178],[82.948,21.162],[82.902,21.167],[82.882,21.148],[82.851,21.169],[82.794,21.143],[82.756,21.167],[82.64,21.155],[82.65,21.106],[82.612,21.074],[82.629,21.038],[82.56,20.947],[82.488,20.909],[82.488,20.86],[82.465,20.828],[82.421,20.83],[82.406,20.869],[82.366,20.869],[82.351,20.89],[82.346,20.732],[82.377,20.632],[82.332,20.562],[82.358,20.528],[82.39,20.517],[82.397,20.458],[82.419,20.48],[82.438,20.434],[82.4,20.341],[82.438,20.293],[82.411,20.264],[82.422,20.204],[82.387,20.145],[82.399,20.057],[82.51,20.017],[82.551,20.016],[82.597,19.99],[82.643,20.005],[82.715,19.995],[82.707,19.902],[82.725,19.876],[82.707,19.835],[82.652,19.832],[82.627,19.794],[82.592,19.776],[82.576,19.833],[82.603,19.867],[82.446,19.91],[82.395,19.888],[82.345,19.836],[82.304,19.889],[82.269,19.975],[82.237,20.004],[82.184,19.984],[82.171,20.006],[82.127,20.015],[82.07,20.057],[82.033,20.016],[82.018,20.049],[81.995,20.054],[81.946,20.105],[81.895,20.048],[81.871,20.044],[81.845,19.96],[81.853,19.918],[81.968,19.86],[81.986,19.801],[82.066,19.791],[82.045,19.709],[82.059,19.628],[82.04,19.598],[82.051,19.549],[82.029,19.508],[82.1,19.517],[82.103,19.466],[82.126,19.429],[82.189,19.428],[82.179,19.379],[82.147,19.365],[82.194,19.326],[82.158,19.265],[82.162,19.202],[82.186,19.166],[82.17,19.161],[82.181,19.151],[82.166,19.133],[82.174,19.118],[82.183,19.131],[82.206,19.124],[82.205,19.097],[82.218,19.097],[82.202,19.067],[82.233,19.018],[82.246,18.919],[82.176,18.903],[82.16,18.879],[82.165,18.799],[82.133,18.78],[82.133,18.765],[82.092,18.766],[82.085,18.719],[82.031,18.724],[81.971,18.699],[81.949,18.644],[81.894,18.657],[81.895,18.629],[81.964,18.59],[81.951,18.57],[81.911,18.571],[81.909,18.538],[81.868,18.525],[81.855,18.49],[81.77,18.419],[81.75,18.354],[81.659,18.347],[81.65,18.337],[81.662,18.321],[81.598,18.309],[81.525,18.258],[81.507,18.186],[81.526,18.153],[81.513,18.1],[81.481,18.051],[81.483,17.977],[81.449,17.932],[81.445,17.886],[81.399,17.892],[81.393,17.795],[81.354,17.813],[81.265,17.811],[81.166,17.858],[81.073,17.787],[81.008,17.798],[80.998,17.917],[80.949,18.086],[80.979,18.179],[80.914,18.145],[80.867,18.14],[80.853,18.205],[80.873,18.214],[80.866,18.234],[80.837,18.242],[80.824,18.239],[80.824,18.194],[80.799,18.172],[80.745,18.17],[80.737,18.222],[80.794,18.259],[80.749,18.308],[80.72,18.391],[80.735,18.413],[80.699,18.421],[80.705,18.44],[80.655,18.476],[80.638,18.523],[80.535,18.588],[80.515,18.619],[80.455,18.63],[80.39,18.598],[80.374,18.612],[80.346,18.595],[80.245,18.765]]]}},{"type":"Feature","properties":{"admin_code":"IN-DH","name":"Dadra and Nagar Haveli and Daman and Diu","name_local":"दादरा और नगर हवेली और दमन और दीव"},"geometry":{"type":"MultiPolygon","coordinates":[[[[73.211,20.086],[73.189,20.077],[73.192,20.049],[73.166,20.055],[73.137,20.086],[73.112,20.074],[73.064,20.099],[73.053,20.064],[73.04,20.067],[73.001,20.112],[73.011,20.135],[72.998,20.143],[72.977,20.113],[72.964,20.126],[72.978,20.179],[72.963,20.182],[72.966,20.222],[72.931,20.243],[72.912,20.275],[72.937,20.295],[72.973,20.27],[72.981,20.29],[73.01,20.291],[73.008,20.312],[73.035,20.291],[73.043,20.325],[73.078,20.323],[73.097,20.36],[73.112,20.337],[73.101,20.303],[73.151,20.317],[73.167,20.288],[73.146,20.286],[73.098,20.228],[73.064,20.228],[73.049,20.201],[73.06,20.162],[73.074,20.156],[73.08,20.173],[73.115,20.152],[73.142,20.177],[73.133,20.206],[73.169,20.208],[73.178,20.193],[73.218,20.186],[73.185,20.145],[73.187,20.129],[73.215,20.119],[73.211,20.086]]],[[[72.895,20.444],[72.875,20.445],[72.857,20.419],[72.904,20.415],[72.883,20.398],[72.897,20.38],[72.821,20.368],[72.832,20.446],[72.856,20.467],[72.895,20.444]]],[[[70.981,20.723],[70.999,20.742],[71.007,20.737],[70.977,20.702],[70.876,20.709],[70.883,20.724],[70.927,20.737],[70.981,20.723]]]]}},{"type":"Feature","properties":{"admin_code":"IN-DL","name":"Delhi","name_local":"दिल्ली"},"geometry":{"type":"Polygon","coordinates":[[[77.224,28.825],[77.219,28.808],[77.201,28.812],[77.203,28.793],[77.234,28.784],[77.222,28.777],[77.291,28.722],[77.292,28.706],[77.331,28.713],[77.316,28.641],[77.342,28.609],[77.313,28.597],[77.297,28.566],[77.347,28.521],[77.327,28.49],[77.29,28.497],[77.243,28.479],[77.233,28.458],[77.247,28.453],[77.249,28.424],[77.174,28.405],[77.162,28.429],[77.124,28.445],[77.111,28.471],[77.121,28.496],[77.095,28.514],[77.06,28.512],[77.007,28.541],[77.01,28.515],[76.978,28.521],[76.949,28.504],[76.908,28.514],[76.884,28.501],[76.887,28.521],[76.847,28.55],[76.84,28.582],[76.864,28.586],[76.888,28.632],[76.935,28.618],[76.944,28.628],[76.925,28.65],[76.953,28.667],[76.968,28.7],[76.948,28.713],[76.96,28.733],[76.945,28.754],[76.951,28.818],[76.995,28.84],[77.04,28.832],[77.082,28.884],[77.121,28.858],[77.14,28.862],[77.144,28.838],[77.175,28.858],[77.21,28.858],[77.224,28.825]]]}},{"type":"Feature","properties":{"admin_code":"IN-GA","name":"Goa","name_local":"गोवा"},"geometry":{"type":"Polygon","coordinates":[[[73.728,15.72],[73.743,15.736],[73.785,15.725],[73.823,15.74],[73.856,15.801],[73.88,15.774],[73.875,15.751],[73.939,15.743],[73.952,15.716],[73.944,15.698],[73.964,15.691],[73.961,15.641],[73.991,15.611],[74.021,15.606],[74.031,15.623],[74.118,15.652],[74.164,15.654],[74.182,15.682],[74.205,15.651],[74.224,15.669],[74.251,15.657],[74.244,15.626],[74.264,15.616],[74.245,15.567],[74.263,15.564],[74.283,15.531],[74.251,15.492],[74.276,15.449],[74.276,15.392],[74.323,15.368],[74.317,15.329],[74.336,15.295],[74.276,15.283],[74.251,15.259],[74.302,15.224],[74.317,15.184],[74.284,15.145],[74.273,15.098],[74.297,15.041],[74.254,14.998],[74.264,14.979],[74.252,14.959],[74.237,14.967],[74.201,14.925],[74.163,14.958],[74.162,14.912],[74.124,14.925],[74.086,14.901],[74.067,14.907],[74.044,14.918],[74.05,14.959],[74.035,14.997],[73.989,15.02],[73.967,15.066],[73.912,15.085],[73.95,15.145],[73.895,15.332],[73.874,15.37],[73.842,15.36],[73.783,15.412],[73.875,15.396],[73.94,15.409],[73.926,15.416],[73.935,15.437],[73.897,15.419],[73.881,15.435],[73.863,15.429],[73.849,15.452],[73.803,15.45],[73.788,15.462],[73.803,15.462],[73.815,15.492],[73.766,15.495],[73.732,15.591],[73.738,15.617],[73.69,15.722],[73.675,15.727],[73.728,15.72]]]}},{"type":"Feature","properties":{"admin_code":"IN-GJ","name":"Gujarat","name_local":"गुजरात"},"geometry":{"type":"MultiPolygon","coordinates":[[[[69.323,22.381],[69.339,22.386],[69.34,22.38],[69.323,22.381]]],[[[69.637,22.406],[69.59,22.435],[69.629,22.459],[69.657,22.427],[69.637,22.406]]],[[[69.115,22.467],[69.108,22.437],[69.085,22.422],[69.094,22.461],[69.142,22.477],[69.145,22.45],[69.115,22.467]]],[[[69.801,22.477],[69.785,22.489],[69.822,22.504],[69.801,22.477]]],[[[70.007,22.55],[69.996,22.549],[70.002,22.552],[70.007,22.55]]],[[[69.989,22.558],[70.001,22.554],[69.975,22.546],[69.979,22.549],[69.981,22.556],[69.976,22.563],[69.978,22.549],[69.965,22.546],[69.973,22.552],[69.966,22.564],[69.961,22.549],[69.945,22.568],[69.959,22.584],[69.989,22.558]]],[[[68.52,23.289],[68.524,23.311],[68.497,23.33],[68.525,23.352],[68.552,23.349],[68.52,23.289]]],[[[71.151,20.763],[71.154,20.76],[71.151,20.76],[71.151,20.763]]],[[[71.526,20.904],[71.53,20.904],[71.533,20.903],[71.526,20.904]]],[[[71.51,20.904],[71.51,20.906],[71.517,20.913],[71.51,20.904]]],[[[72.441,21.981],[72.439,21.93],[72.399,21.882],[72.389,21.819],[72.355,21.797],[72.311,21.841],[72.294,21.975],[72.343,22.023],[72.402,22.022],[72.441,21.981]]],[[[72.859,20.225],[72.861,20.207],[72.839,20.209],[72.837,20.188],[72.816,20.184],[72.824,20.142],[72.789,20.149],[72.794,20.123],[72.737,20.135],[72.75,20.206],[72.74,20.243],[72.776,20.334],[72.821,20.368],[72.897,20.38],[72.883,20.398],[72.904,20.415],[72.857,20.419],[72.875,20.445],[72.895,20.444],[72.888,20.461],[72.856,20.467],[72.884,20.502],[72.904,20.576],[72.854,20.715],[72.84,20.804],[72.786,20.916],[72.757,20.932],[72.728,21.007],[72.721,21.048],[72.755,21.052],[72.696,21.063],[72.702,21.096],[72.665,21.1],[72.648,21.075],[72.624,21.091],[72.638,21.211],[72.657,21.225],[72.622,21.242],[72.598,21.305],[72.601,21.323],[72.654,21.346],[72.652,21.384],[72.698,21.465],[72.661,21.45],[72.653,21.46],[72.706,21.527],[72.737,21.539],[72.698,21.534],[72.659,21.549],[72.635,21.535],[72.612,21.585],[72.635,21.618],[72.7,21.645],[72.786,21.643],[72.807,21.658],[72.728,21.686],[72.624,21.682],[72.553,21.662],[72.528,21.678],[72.543,21.734],[72.597,21.75],[72.578,21.774],[72.61,21.789],[72.596,21.804],[72.622,21.809],[72.632,21.916],[72.667,21.956],[72.638,21.961],[72.614,21.945],[72.582,21.918],[72.583,21.89],[72.558,21.879],[72.515,21.885],[72.508,21.934],[72.544,22.129],[72.58,22.197],[72.648,22.216],[72.702,22.184],[72.758,22.174],[72.809,22.224],[72.844,22.234],[72.875,22.221],[72.913,22.24],[72.932,22.289],[72.949,22.293],[72.94,22.309],[72.909,22.298],[72.911,22.267],[72.842,22.282],[72.756,22.232],[72.737,22.275],[72.557,22.295],[72.516,22.321],[72.5,22.278],[72.461,22.256],[72.427,22.21],[72.403,22.257],[72.419,22.302],[72.373,22.316],[72.324,22.144],[72.308,22.146],[72.269,22.06],[72.225,22.057],[72.248,22.008],[72.242,21.976],[72.207,21.951],[72.204,21.891],[72.242,21.824],[72.236,21.812],[72.192,21.827],[72.162,21.807],[72.177,21.804],[72.194,21.75],[72.223,21.738],[72.226,21.695],[72.28,21.695],[72.305,21.667],[72.309,21.625],[72.235,21.456],[72.108,21.302],[72.083,21.245],[72.112,21.199],[72.017,21.154],[72.01,21.135],[71.989,21.14],[71.974,21.123],[71.892,21.112],[71.849,21.077],[71.839,21.08],[71.857,21.097],[71.823,21.097],[71.837,21.075],[71.786,21.055],[71.805,21.04],[71.776,21.038],[71.772,21.055],[71.752,21.059],[71.744,21.032],[71.782,21.032],[71.712,21.019],[71.647,20.995],[71.629,20.969],[71.611,20.976],[71.53,20.943],[71.552,20.959],[71.557,20.97],[71.437,20.869],[71.381,20.875],[71.384,20.857],[71.321,20.847],[71.158,20.78],[71.151,20.763],[71.149,20.758],[71.083,20.753],[71.071,20.735],[70.999,20.742],[70.981,20.723],[70.92,20.743],[70.878,20.728],[70.874,20.704],[70.833,20.698],[70.813,20.718],[70.809,20.701],[70.839,20.69],[70.822,20.692],[70.648,20.763],[70.655,20.769],[70.658,20.785],[70.614,20.771],[70.548,20.805],[70.586,20.796],[70.586,20.813],[70.546,20.816],[70.542,20.802],[70.447,20.848],[70.159,21.055],[69.924,21.29],[69.708,21.535],[69.722,21.539],[69.706,21.537],[69.603,21.637],[69.566,21.651],[69.217,21.958],[68.966,22.234],[68.999,22.209],[69.003,22.225],[68.992,22.217],[68.992,22.235],[68.958,22.238],[68.937,22.305],[68.959,22.354],[68.967,22.345],[68.972,22.346],[68.957,22.365],[68.984,22.412],[69.068,22.481],[69.084,22.474],[69.05,22.438],[69.04,22.446],[69.036,22.39],[69.082,22.388],[69.111,22.41],[69.128,22.395],[69.121,22.375],[69.138,22.401],[69.195,22.422],[69.188,22.402],[69.2,22.39],[69.168,22.373],[69.181,22.37],[69.163,22.348],[69.154,22.249],[69.134,22.222],[69.136,22.195],[69.157,22.195],[69.19,22.243],[69.213,22.21],[69.238,22.223],[69.241,22.258],[69.322,22.292],[69.34,22.312],[69.333,22.328],[69.423,22.316],[69.491,22.337],[69.5,22.366],[69.54,22.377],[69.561,22.356],[69.58,22.367],[69.598,22.346],[69.617,22.345],[69.621,22.372],[69.655,22.359],[69.661,22.396],[69.702,22.399],[69.696,22.452],[69.731,22.484],[69.744,22.459],[69.733,22.443],[69.754,22.416],[69.751,22.46],[69.765,22.475],[69.785,22.459],[69.765,22.447],[69.789,22.434],[69.779,22.416],[69.821,22.432],[69.804,22.463],[69.824,22.473],[69.864,22.463],[69.864,22.464],[69.871,22.471],[69.911,22.453],[69.883,22.476],[69.897,22.479],[69.914,22.452],[69.926,22.464],[69.89,22.495],[69.933,22.487],[69.905,22.498],[69.932,22.515],[69.935,22.501],[69.942,22.512],[69.944,22.5],[69.971,22.5],[69.956,22.507],[69.976,22.503],[69.96,22.51],[69.973,22.515],[69.971,22.521],[69.954,22.509],[69.947,22.528],[69.985,22.541],[69.977,22.527],[69.982,22.513],[69.992,22.524],[69.979,22.525],[69.986,22.541],[69.984,22.543],[70.019,22.546],[70.039,22.566],[70.125,22.553],[70.134,22.574],[70.164,22.583],[70.157,22.594],[70.181,22.594],[70.208,22.639],[70.194,22.643],[70.223,22.661],[70.219,22.718],[70.292,22.766],[70.376,22.908],[70.397,22.918],[70.399,22.904],[70.409,22.926],[70.408,22.909],[70.411,22.927],[70.419,22.919],[70.412,22.892],[70.417,22.902],[70.42,22.918],[70.427,22.904],[70.388,22.85],[70.412,22.872],[70.414,22.846],[70.407,22.847],[70.397,22.846],[70.427,22.842],[70.391,22.839],[70.414,22.834],[70.396,22.833],[70.41,22.83],[70.404,22.816],[70.377,22.818],[70.404,22.815],[70.393,22.809],[70.388,22.803],[70.39,22.801],[70.407,22.813],[70.415,22.828],[70.456,22.836],[70.465,22.861],[70.462,22.84],[70.472,22.882],[70.483,22.879],[70.477,22.906],[70.48,22.897],[70.483,22.897],[70.483,22.9],[70.485,22.901],[70.48,22.908],[70.494,22.897],[70.5,22.904],[70.483,22.935],[70.498,22.914],[70.488,22.934],[70.499,22.923],[70.497,22.934],[70.519,22.935],[70.48,22.937],[70.432,22.967],[70.479,22.975],[70.541,22.96],[70.561,23.029],[70.602,23.035],[70.597,23.061],[70.629,23.063],[70.689,23.117],[70.684,23.141],[70.713,23.155],[70.712,23.214],[70.667,23.229],[70.636,23.185],[70.505,23.177],[70.425,23.217],[70.298,23.21],[70.309,23.181],[70.265,23.162],[70.242,23.174],[70.228,23.16],[70.245,23.163],[70.238,23.138],[70.216,23.142],[70.228,23.128],[70.216,23.129],[70.183,23.067],[70.165,23.067],[70.159,23.035],[70.108,22.978],[70.036,22.953],[70.073,22.943],[70.061,22.933],[70.085,22.933],[70.08,22.92],[69.927,22.896],[69.899,22.871],[69.801,22.851],[69.713,22.806],[69.647,22.796],[69.646,22.81],[69.606,22.803],[69.576,22.818],[69.477,22.795],[69.457,22.814],[69.418,22.812],[69.47,22.776],[69.495,22.78],[69.472,22.774],[69.305,22.838],[69.268,22.825],[69.231,22.835],[69.247,22.838],[69.228,22.849],[69.222,22.836],[69.196,22.838],[69.194,22.852],[69.131,22.874],[69.125,22.893],[69.108,22.89],[69.079,22.921],[68.759,23.08],[68.632,23.17],[68.581,23.234],[68.629,23.255],[68.618,23.285],[68.634,23.3],[68.612,23.288],[68.601,23.256],[68.552,23.263],[68.566,23.246],[68.54,23.248],[68.532,23.281],[68.544,23.301],[68.62,23.33],[68.559,23.338],[68.576,23.373],[68.55,23.356],[68.501,23.369],[68.489,23.35],[68.487,23.362],[68.459,23.367],[68.459,23.391],[68.443,23.402],[68.45,23.437],[68.419,23.406],[68.4,23.42],[68.413,23.46],[68.443,23.473],[68.418,23.473],[68.48,23.518],[68.456,23.511],[68.452,23.538],[68.436,23.539],[68.442,23.506],[68.416,23.487],[68.326,23.496],[68.299,23.593],[68.187,23.592],[68.119,23.616],[68.094,23.667],[68.172,23.696],[68.202,23.766],[68.208,23.875],[68.28,23.931],[68.332,23.924],[68.339,23.966],[68.368,23.984],[68.39,23.966],[68.753,23.971],[68.765,24.296],[68.826,24.317],[68.865,24.213],[68.88,24.217],[68.907,24.28],[68.946,24.303],[68.985,24.228],[69.003,24.223],[69.095,24.274],[69.194,24.236],[69.313,24.281],[69.491,24.267],[69.594,24.293],[69.732,24.171],[70.025,24.171],[70.067,24.199],[70.11,24.295],[70.316,24.35],[70.369,24.351],[70.573,24.422],[70.603,24.408],[70.562,24.354],[70.584,24.29],[70.571,24.251],[70.668,24.219],[70.827,24.226],[70.907,24.259],[70.874,24.295],[70.947,24.348],[70.986,24.365],[71.02,24.348],[71.049,24.356],[71.084,24.395],[71.122,24.406],[71.126,24.42],[71.103,24.436],[70.998,24.444],[71.005,24.523],[70.987,24.543],[70.986,24.595],[71.008,24.636],[71.074,24.662],[71.097,24.689],[71.288,24.616],[71.314,24.648],[71.348,24.661],[71.359,24.631],[71.377,24.626],[71.503,24.683],[71.573,24.684],[71.59,24.667],[71.608,24.677],[71.655,24.639],[71.792,24.677],[71.81,24.656],[71.806,24.627],[71.852,24.609],[71.872,24.682],[71.919,24.672],[71.915,24.649],[71.94,24.634],[71.988,24.657],[71.994,24.695],[72.061,24.712],[72.085,24.706],[72.09,24.659],[72.125,24.638],[72.15,24.644],[72.165,24.621],[72.197,24.615],[72.23,24.641],[72.305,24.617],[72.347,24.628],[72.336,24.599],[72.276,24.607],[72.246,24.585],[72.295,24.547],[72.329,24.552],[72.331,24.569],[72.354,24.564],[72.389,24.508],[72.441,24.515],[72.43,24.48],[72.457,24.415],[72.5,24.417],[72.493,24.459],[72.539,24.52],[72.576,24.479],[72.683,24.464],[72.689,24.412],[72.731,24.364],[72.85,24.372],[72.911,24.337],[72.975,24.369],[72.949,24.398],[72.981,24.434],[72.968,24.451],[72.991,24.478],[73.035,24.464],[73.087,24.498],[73.103,24.433],[73.077,24.397],[73.152,24.354],[73.199,24.377],[73.219,24.364],[73.199,24.332],[73.176,24.338],[73.169,24.3],[73.135,24.308],[73.067,24.195],[73.125,24.125],[73.214,24.078],[73.193,24.041],[73.243,24.002],[73.317,24.054],[73.326,24.11],[73.362,24.105],[73.361,24.081],[73.405,24.041],[73.399,23.99],[73.415,23.986],[73.421,23.931],[73.387,23.916],[73.361,23.873],[73.368,23.814],[73.352,23.791],[73.371,23.765],[73.4,23.785],[73.418,23.777],[73.474,23.705],[73.507,23.703],[73.497,23.649],[73.509,23.644],[73.494,23.632],[73.523,23.607],[73.573,23.654],[73.615,23.652],[73.656,23.621],[73.633,23.529],[73.656,23.507],[73.627,23.448],[73.647,23.436],[73.697,23.457],[73.721,23.41],[73.756,23.454],[73.786,23.43],[73.829,23.448],[73.892,23.334],[73.936,23.34],[73.938,23.368],[73.962,23.381],[73.982,23.338],[74.029,23.332],[74.033,23.306],[74.045,23.309],[74.038,23.293],[74.107,23.294],[74.139,23.266],[74.128,23.176],[74.181,23.152],[74.203,23.19],[74.247,23.184],[74.293,23.117],[74.284,23.093],[74.32,23.071],[74.322,23.041],[74.345,23.029],[74.364,22.981],[74.34,22.953],[74.393,22.897],[74.447,22.921],[74.477,22.855],[74.465,22.816],[74.434,22.808],[74.379,22.635],[74.264,22.644],[74.21,22.565],[74.183,22.567],[74.189,22.554],[74.151,22.521],[74.075,22.551],[74.041,22.542],[74.033,22.492],[74.053,22.509],[74.083,22.507],[74.076,22.464],[74.104,22.465],[74.099,22.442],[74.119,22.419],[74.149,22.456],[74.16,22.431],[74.184,22.442],[74.191,22.476],[74.202,22.434],[74.244,22.434],[74.248,22.415],[74.256,22.429],[74.291,22.394],[74.257,22.399],[74.243,22.376],[74.224,22.38],[74.224,22.356],[74.204,22.366],[74.19,22.32],[74.128,22.333],[74.105,22.372],[74.065,22.354],[74.072,22.337],[74.052,22.294],[74.087,22.243],[74.072,22.219],[74.122,22.212],[74.121,22.168],[74.134,22.161],[74.125,22.098],[74.153,22.106],[74.179,22.085],[74.131,22.048],[74.14,22.041],[74.092,22.015],[74.098,21.998],[74.151,21.987],[74.147,21.948],[74.05,21.926],[73.93,21.864],[73.796,21.824],[73.826,21.811],[73.838,21.79],[73.824,21.761],[73.883,21.712],[73.894,21.676],[73.874,21.647],[73.781,21.629],[73.814,21.601],[73.853,21.497],[73.905,21.525],[73.952,21.513],[73.957,21.541],[73.982,21.522],[73.974,21.543],[73.998,21.539],[74.005,21.553],[74.137,21.546],[74.165,21.569],[74.195,21.532],[74.229,21.554],[74.236,21.539],[74.263,21.54],[74.299,21.569],[74.303,21.552],[74.33,21.553],[74.321,21.498],[74.253,21.468],[74.214,21.482],[74.209,21.462],[74.125,21.467],[74.101,21.448],[74.063,21.475],[74.045,21.419],[74.003,21.421],[73.959,21.395],[73.939,21.405],[73.942,21.299],[73.879,21.266],[73.823,21.271],[73.816,21.174],[73.785,21.184],[73.772,21.165],[73.74,21.171],[73.733,21.142],[73.719,21.14],[73.668,21.155],[73.634,21.141],[73.608,21.159],[73.607,21.179],[73.577,21.171],[73.578,21.15],[73.617,21.143],[73.618,21.118],[73.689,21.101],[73.703,21.118],[73.729,21.1],[73.744,21.115],[73.73,21.082],[73.78,21.064],[73.808,21.085],[73.8,21.039],[73.869,20.985],[73.901,20.982],[73.908,20.96],[73.892,20.956],[73.888,20.933],[73.917,20.908],[73.924,20.851],[73.941,20.84],[73.932,20.761],[73.942,20.742],[73.917,20.725],[73.874,20.73],[73.855,20.692],[73.812,20.692],[73.839,20.659],[73.838,20.621],[73.776,20.601],[73.745,20.565],[73.695,20.578],[73.652,20.564],[73.6,20.637],[73.551,20.648],[73.521,20.679],[73.489,20.656],[73.475,20.72],[73.45,20.718],[73.434,20.668],[73.392,20.646],[73.42,20.627],[73.431,20.594],[73.473,20.585],[73.475,20.544],[73.494,20.538],[73.47,20.52],[73.42,20.413],[73.38,20.393],[73.385,20.371],[73.407,20.383],[73.419,20.33],[73.417,20.198],[73.389,20.193],[73.384,20.211],[73.365,20.195],[73.357,20.213],[73.343,20.199],[73.299,20.209],[73.283,20.198],[73.278,20.149],[73.25,20.123],[73.225,20.124],[73.225,20.14],[73.211,20.12],[73.187,20.129],[73.19,20.164],[73.206,20.163],[73.218,20.186],[73.178,20.193],[73.169,20.208],[73.133,20.206],[73.142,20.177],[73.115,20.152],[73.08,20.173],[73.071,20.155],[73.049,20.201],[73.06,20.223],[73.098,20.228],[73.146,20.286],[73.167,20.288],[73.151,20.317],[73.101,20.303],[73.112,20.337],[73.097,20.36],[73.078,20.323],[73.043,20.325],[73.035,20.291],[73.008,20.312],[73.01,20.291],[72.981,20.29],[72.973,20.27],[72.931,20.295],[72.912,20.269],[72.966,20.222],[72.963,20.209],[72.859,20.225]],[[69.868,22.434],[69.871,22.437],[69.871,22.428],[69.872,22.436],[69.864,22.463],[69.868,22.434]],[[70.383,22.872],[70.407,22.883],[70.412,22.892],[70.383,22.872]],[[70.384,22.797],[70.383,22.795],[70.39,22.801],[70.384,22.797]],[[70.486,22.895],[70.49,22.895],[70.485,22.901],[70.486,22.895]],[[70.489,22.893],[70.489,22.887],[70.491,22.88],[70.49,22.895],[70.489,22.893]],[[72.026,21.179],[72.009,21.186],[71.979,21.157],[71.991,21.142],[72.026,21.179]],[[70.396,22.898],[70.39,22.892],[70.392,22.892],[70.405,22.904],[70.396,22.898]],[[72.979,20.332],[72.953,20.315],[72.972,20.297],[72.979,20.332]]],[[[70.039,22.574],[70.002,22.554],[69.986,22.589],[69.988,22.59],[69.994,22.574],[69.997,22.572],[70.0,22.572],[69.99,22.597],[70.037,22.588],[70.039,22.574]]]]}},{"type":"Feature","properties":{"admin_code":"IN-HP","name":"Himachal Pradesh","name_local":"हिमाचल प्रदेश"},"geometry":{"type":"Polygon","coordinates":[[[77.581,30.378],[77.551,30.395],[77.523,30.444],[77.502,30.405],[77.443,30.395],[77.422,30.41],[77.459,30.433],[77.456,30.456],[77.405,30.409],[77.407,30.427],[77.387,30.44],[77.364,30.433],[77.354,30.458],[77.321,30.446],[77.269,30.481],[77.226,30.48],[77.211,30.465],[77.196,30.523],[77.145,30.539],[77.123,30.563],[77.172,30.601],[77.161,30.691],[77.096,30.739],[77.021,30.74],[77.019,30.765],[77.001,30.77],[77.019,30.78],[77.012,30.81],[76.968,30.825],[76.943,30.817],[76.951,30.851],[76.917,30.901],[76.87,30.873],[76.822,30.929],[76.777,30.904],[76.71,30.97],[76.673,30.969],[76.625,30.999],[76.629,31.024],[76.611,31.046],[76.639,31.108],[76.602,31.124],[76.612,31.148],[76.6,31.179],[76.645,31.209],[76.642,31.223],[76.593,31.212],[76.612,31.248],[76.588,31.274],[76.549,31.253],[76.543,31.282],[76.539,31.261],[76.524,31.258],[76.527,31.277],[76.497,31.271],[76.48,31.308],[76.44,31.279],[76.464,31.301],[76.432,31.327],[76.375,31.437],[76.368,31.404],[76.331,31.401],[76.33,31.379],[76.354,31.345],[76.308,31.343],[76.323,31.322],[76.276,31.301],[76.269,31.313],[76.18,31.307],[76.179,31.341],[76.147,31.359],[76.169,31.41],[76.055,31.606],[76.018,31.632],[75.937,31.815],[75.986,31.818],[75.91,31.95],[75.8,31.994],[75.751,32.038],[75.723,32.033],[75.658,32.078],[75.595,32.07],[75.601,32.093],[75.673,32.159],[75.662,32.193],[75.624,32.19],[75.639,32.222],[75.618,32.237],[75.771,32.289],[75.815,32.33],[75.811,32.349],[75.844,32.356],[75.873,32.396],[75.936,32.397],[75.902,32.453],[75.834,32.512],[75.876,32.55],[75.881,32.586],[75.902,32.593],[75.937,32.648],[75.889,32.653],[75.925,32.748],[75.891,32.783],[75.884,32.812],[75.801,32.886],[75.842,32.929],[75.925,32.906],[75.954,32.873],[76.088,32.956],[76.112,33.006],[76.247,33.022],[76.278,33.038],[76.296,33.061],[76.292,33.103],[76.41,33.186],[76.487,33.179],[76.567,33.21],[76.603,33.206],[76.618,33.174],[76.646,33.162],[76.747,33.179],[76.776,33.221],[76.771,33.25],[76.792,33.257],[76.821,33.236],[76.843,33.247],[76.817,33.16],[76.855,33.114],[76.885,33.122],[76.933,33.028],[77.01,32.989],[77.049,32.999],[77.086,32.972],[77.15,32.978],[77.157,32.912],[77.188,32.929],[77.199,32.909],[77.243,32.893],[77.237,32.881],[77.254,32.864],[77.274,32.874],[77.301,32.85],[77.323,32.851],[77.339,32.817],[77.373,32.824],[77.374,32.855],[77.405,32.883],[77.445,32.88],[77.469,32.858],[77.501,32.886],[77.539,32.887],[77.602,32.943],[77.674,32.961],[77.682,32.989],[77.741,32.969],[77.811,32.907],[77.781,32.866],[77.869,32.827],[77.884,32.788],[77.926,32.772],[77.934,32.726],[77.919,32.691],[78.016,32.62],[78.047,32.645],[78.061,32.626],[78.087,32.624],[78.111,32.663],[78.148,32.654],[78.143,32.682],[78.246,32.672],[78.253,32.691],[78.312,32.709],[78.304,32.734],[78.388,32.757],[78.394,32.716],[78.38,32.668],[78.405,32.619],[78.313,32.574],[78.315,32.525],[78.295,32.504],[78.326,32.472],[78.399,32.526],[78.455,32.501],[78.465,32.485],[78.454,32.452],[78.494,32.422],[78.535,32.414],[78.48,32.348],[78.482,32.28],[78.455,32.242],[78.555,32.246],[78.609,32.214],[78.609,32.178],[78.59,32.154],[78.613,32.118],[78.685,32.086],[78.738,32.001],[78.781,31.993],[78.771,31.929],[78.742,31.901],[78.745,31.84],[78.703,31.807],[78.705,31.776],[78.726,31.758],[78.75,31.681],[78.799,31.682],[78.802,31.648],[78.847,31.608],[78.775,31.544],[78.735,31.536],[78.722,31.513],[78.726,31.483],[78.759,31.483],[78.798,31.443],[78.75,31.366],[78.792,31.305],[78.852,31.295],[78.862,31.316],[78.876,31.303],[78.926,31.22],[78.948,31.217],[78.958,31.187],[78.986,31.174],[79.009,31.11],[78.885,31.099],[78.831,31.141],[78.81,31.198],[78.765,31.186],[78.672,31.197],[78.658,31.185],[78.647,31.215],[78.609,31.229],[78.578,31.225],[78.552,31.2],[78.484,31.199],[78.456,31.241],[78.434,31.255],[78.407,31.242],[78.396,31.275],[78.37,31.286],[78.311,31.283],[78.306,31.26],[78.283,31.266],[78.247,31.23],[78.22,31.234],[78.212,31.22],[78.16,31.226],[78.104,31.185],[78.043,31.179],[78.03,31.151],[77.967,31.173],[77.899,31.15],[77.851,31.073],[77.811,31.059],[77.83,31.029],[77.811,31.032],[77.807,31.016],[77.832,30.994],[77.814,30.962],[77.838,30.953],[77.772,30.974],[77.749,30.954],[77.763,30.918],[77.813,30.922],[77.806,30.853],[77.758,30.877],[77.744,30.847],[77.761,30.826],[77.704,30.765],[77.705,30.743],[77.733,30.735],[77.756,30.707],[77.747,30.68],[77.792,30.66],[77.781,30.647],[77.796,30.614],[77.771,30.616],[77.772,30.597],[77.743,30.594],[77.774,30.558],[77.818,30.561],[77.819,30.508],[77.69,30.448],[77.595,30.427],[77.573,30.412],[77.581,30.378]]]}},{"type":"Feature","properties":{"admin_code":"IN-HR","name":"Haryana","name_local":"हरियाणा"},"geometry":{"type":"Polygon","coordinates":[[[77.372,28.498],[77.38,28.47],[77.408,28.467],[77.4,28.456],[77.433,28.455],[77.436,28.431],[77.478,28.419],[77.473,28.397],[77.505,28.37],[77.471,28.335],[77.507,28.306],[77.493,28.252],[77.55,28.242],[77.521,28.224],[77.53,28.199],[77.497,28.206],[77.503,28.181],[77.516,28.193],[77.55,28.18],[77.502,28.161],[77.491,28.137],[77.512,28.125],[77.499,28.095],[77.483,28.107],[77.474,28.087],[77.501,28.059],[77.484,28.04],[77.513,28.032],[77.542,27.989],[77.519,27.962],[77.545,27.954],[77.529,27.926],[77.492,27.939],[77.475,27.929],[77.479,27.894],[77.461,27.876],[77.42,27.89],[77.409,27.874],[77.422,27.854],[77.348,27.856],[77.335,27.834],[77.296,27.825],[77.284,27.801],[77.269,27.815],[77.243,27.785],[77.211,27.802],[77.202,27.825],[77.199,27.8],[77.177,27.786],[77.19,27.81],[77.16,27.818],[77.158,27.786],[77.135,27.776],[77.123,27.793],[77.108,27.786],[77.045,27.822],[77.027,27.779],[77.076,27.766],[77.086,27.738],[77.06,27.727],[77.036,27.749],[77.0,27.737],[76.979,27.654],[76.943,27.674],[76.911,27.655],[76.89,27.701],[76.924,27.7],[76.892,27.733],[76.919,27.804],[76.914,27.833],[76.936,27.829],[76.942,27.843],[76.938,27.897],[76.951,27.896],[76.952,27.918],[76.932,27.923],[76.931,27.994],[76.971,28.138],[76.893,28.184],[76.907,28.2],[76.848,28.222],[76.808,28.211],[76.795,28.148],[76.762,28.143],[76.744,28.121],[76.716,28.128],[76.687,28.088],[76.657,28.089],[76.654,28.035],[76.668,28.014],[76.589,27.998],[76.548,27.964],[76.536,27.98],[76.544,28.034],[76.455,28.042],[76.462,28.059],[76.502,28.06],[76.448,28.089],[76.464,28.109],[76.499,28.1],[76.502,28.119],[76.472,28.135],[76.476,28.149],[76.381,28.133],[76.345,28.169],[76.292,28.179],[76.281,28.166],[76.305,28.159],[76.298,28.149],[76.36,28.125],[76.337,28.103],[76.301,28.098],[76.356,28.071],[76.342,28.031],[76.319,28.016],[76.299,28.023],[76.294,28.049],[76.261,28.068],[76.238,28.05],[76.18,28.055],[76.215,28.027],[76.177,28.022],[76.158,27.989],[76.187,27.965],[76.168,27.903],[76.201,27.893],[76.194,27.86],[76.225,27.833],[76.217,27.817],[76.2,27.822],[76.175,27.798],[76.132,27.824],[76.123,27.851],[76.089,27.861],[76.086,27.845],[76.048,27.835],[75.987,27.842],[75.971,27.852],[75.987,27.904],[75.938,27.914],[75.932,27.93],[75.952,27.948],[75.973,27.933],[76.0,27.978],[75.966,27.984],[75.967,28.0],[75.99,27.995],[75.996,28.007],[75.973,28.024],[75.995,28.039],[76.016,28.03],[76.008,28.058],[76.025,28.054],[76.041,28.074],[76.023,28.086],[75.984,28.047],[75.983,28.081],[75.939,28.088],[75.946,28.107],[75.999,28.123],[76.007,28.153],[76.032,28.168],[76.071,28.165],[76.075,28.137],[76.095,28.151],[76.072,28.194],[76.047,28.198],[76.056,28.22],[76.016,28.237],[76.026,28.275],[75.986,28.293],[75.972,28.319],[75.958,28.314],[75.918,28.372],[75.819,28.41],[75.777,28.4],[75.767,28.414],[75.788,28.454],[75.736,28.469],[75.739,28.485],[75.702,28.492],[75.666,28.536],[75.633,28.544],[75.622,28.602],[75.561,28.613],[75.53,28.738],[75.543,28.75],[75.53,28.747],[75.503,28.782],[75.52,28.834],[75.498,28.849],[75.497,28.896],[75.473,28.923],[75.512,28.942],[75.527,28.971],[75.522,29.004],[75.446,29.008],[75.442,29.058],[75.391,29.063],[75.402,29.128],[75.371,29.138],[75.381,29.169],[75.414,29.184],[75.397,29.218],[75.41,29.256],[75.379,29.257],[75.35,29.224],[75.328,29.235],[75.341,29.281],[75.323,29.289],[75.288,29.273],[75.284,29.249],[75.245,29.25],[75.238,29.23],[75.21,29.235],[75.188,29.268],[75.163,29.244],[75.124,29.24],[75.12,29.223],[75.076,29.23],[75.05,29.286],[74.999,29.271],[74.961,29.281],[74.948,29.301],[74.961,29.32],[74.938,29.362],[74.851,29.404],[74.762,29.354],[74.658,29.372],[74.654,29.333],[74.599,29.327],[74.603,29.365],[74.566,29.42],[74.537,29.425],[74.535,29.448],[74.543,29.468],[74.585,29.459],[74.622,29.522],[74.575,29.564],[74.616,29.752],[74.587,29.767],[74.576,29.748],[74.477,29.745],[74.485,29.815],[74.539,29.841],[74.561,29.87],[74.544,29.901],[74.51,29.908],[74.519,29.93],[74.532,29.949],[74.597,29.912],[74.654,29.906],[74.652,29.926],[74.707,29.977],[74.731,29.961],[74.812,29.992],[74.821,29.971],[74.855,29.956],[74.888,29.967],[74.897,29.939],[74.927,29.95],[74.991,29.868],[75.022,29.866],[75.047,29.885],[75.07,29.877],[75.087,29.915],[75.099,29.913],[75.115,29.879],[75.09,29.854],[75.119,29.832],[75.101,29.807],[75.135,29.807],[75.155,29.777],[75.164,29.824],[75.191,29.841],[75.211,29.832],[75.209,29.793],[75.226,29.789],[75.242,29.755],[75.226,29.729],[75.21,29.739],[75.201,29.726],[75.207,29.688],[75.168,29.67],[75.188,29.652],[75.183,29.628],[75.235,29.603],[75.222,29.58],[75.235,29.542],[75.309,29.561],[75.32,29.587],[75.29,29.608],[75.296,29.625],[75.317,29.631],[75.334,29.673],[75.36,29.663],[75.346,29.696],[75.392,29.713],[75.406,29.761],[75.454,29.782],[75.46,29.808],[75.519,29.776],[75.523,29.758],[75.562,29.77],[75.58,29.739],[75.63,29.75],[75.642,29.775],[75.677,29.777],[75.706,29.753],[75.721,29.814],[75.756,29.805],[75.779,29.822],[75.806,29.805],[75.838,29.813],[75.87,29.749],[75.906,29.754],[75.939,29.731],[75.984,29.727],[76.026,29.756],[76.043,29.743],[76.098,29.811],[76.124,29.791],[76.145,29.819],[76.174,29.818],[76.198,29.845],[76.221,29.838],[76.244,29.852],[76.247,29.876],[76.193,29.886],[76.188,29.921],[76.172,29.926],[76.21,30.005],[76.233,30.016],[76.214,30.032],[76.253,30.089],[76.217,30.11],[76.225,30.127],[76.208,30.157],[76.322,30.095],[76.36,30.12],[76.333,30.138],[76.35,30.147],[76.362,30.12],[76.4,30.117],[76.391,30.135],[76.41,30.145],[76.387,30.171],[76.423,30.192],[76.441,30.166],[76.429,30.151],[76.46,30.129],[76.463,30.101],[76.504,30.094],[76.512,30.072],[76.546,30.076],[76.575,30.101],[76.539,30.108],[76.546,30.125],[76.599,30.113],[76.642,30.15],[76.6,30.184],[76.614,30.204],[76.645,30.189],[76.629,30.179],[76.636,30.169],[76.656,30.185],[76.653,30.201],[76.616,30.209],[76.627,30.224],[76.596,30.237],[76.596,30.256],[76.563,30.226],[76.548,30.222],[76.557,30.262],[76.623,30.265],[76.689,30.327],[76.746,30.35],[76.745,30.368],[76.72,30.363],[76.731,30.38],[76.713,30.39],[76.741,30.426],[76.777,30.441],[76.79,30.415],[76.823,30.412],[76.847,30.438],[76.856,30.418],[76.883,30.409],[76.897,30.36],[76.936,30.385],[76.932,30.401],[76.911,30.4],[76.907,30.436],[76.886,30.43],[76.912,30.466],[76.899,30.489],[76.931,30.501],[76.932,30.522],[76.886,30.55],[76.916,30.554],[76.91,30.592],[76.926,30.61],[76.871,30.642],[76.876,30.681],[76.853,30.657],[76.833,30.663],[76.825,30.688],[76.849,30.723],[76.831,30.74],[76.857,30.795],[76.847,30.834],[76.814,30.843],[76.776,30.906],[76.822,30.929],[76.87,30.873],[76.917,30.901],[76.951,30.851],[76.943,30.817],[76.968,30.825],[77.012,30.81],[77.019,30.78],[77.001,30.77],[77.019,30.765],[77.021,30.74],[77.096,30.739],[77.167,30.684],[77.172,30.601],[77.123,30.563],[77.145,30.539],[77.196,30.523],[77.211,30.465],[77.226,30.48],[77.269,30.481],[77.321,30.446],[77.354,30.458],[77.364,30.433],[77.387,30.44],[77.407,30.427],[77.405,30.409],[77.456,30.456],[77.459,30.433],[77.422,30.41],[77.443,30.395],[77.502,30.405],[77.523,30.444],[77.551,30.395],[77.604,30.369],[77.578,30.33],[77.584,30.307],[77.538,30.279],[77.477,30.182],[77.424,30.157],[77.423,30.131],[77.403,30.112],[77.423,30.103],[77.379,30.091],[77.334,30.054],[77.276,30.04],[77.276,29.996],[77.247,29.977],[77.217,29.923],[77.186,29.908],[77.202,29.869],[77.178,29.846],[77.179,29.813],[77.12,29.76],[77.157,29.693],[77.132,29.642],[77.106,29.632],[77.11,29.597],[77.084,29.587],[77.127,29.559],[77.096,29.52],[77.133,29.483],[77.123,29.455],[77.148,29.434],[77.133,29.401],[77.157,29.387],[77.123,29.37],[77.13,29.343],[77.161,29.332],[77.139,29.268],[77.15,29.233],[77.131,29.218],[77.149,29.118],[77.134,29.096],[77.164,29.079],[77.167,29.034],[77.189,29.028],[77.197,28.938],[77.233,28.919],[77.228,28.881],[77.198,28.888],[77.189,28.868],[77.21,28.858],[77.175,28.858],[77.158,28.837],[77.142,28.839],[77.14,28.862],[77.121,28.858],[77.082,28.884],[77.04,28.832],[76.995,28.84],[76.951,28.818],[76.945,28.754],[76.96,28.733],[76.948,28.713],[76.968,28.7],[76.953,28.667],[76.925,28.65],[76.944,28.628],[76.935,28.618],[76.888,28.632],[76.864,28.586],[76.84,28.582],[76.847,28.55],[76.887,28.521],[76.884,28.501],[76.908,28.514],[76.949,28.504],[76.978,28.521],[77.01,28.515],[77.007,28.541],[77.06,28.512],[77.095,28.514],[77.121,28.496],[77.111,28.471],[77.124,28.445],[77.162,28.429],[77.174,28.405],[77.249,28.424],[77.247,28.453],[77.233,28.458],[77.243,28.479],[77.29,28.497],[77.314,28.484],[77.345,28.513],[77.372,28.498]]]}},{"type":"Feature","properties":{"admin_code":"IN-JH","name":"Jharkhand","name_local":"झारखंड"},"geometry":{"type":"Polygon","coordinates":[[[83.383,24.198],[83.379,24.23],[83.409,24.266],[83.407,24.289],[83.38,24.313],[83.457,24.365],[83.434,24.401],[83.405,24.405],[83.405,24.436],[83.386,24.451],[83.402,24.503],[83.503,24.525],[83.719,24.503],[83.801,24.53],[83.873,24.532],[83.937,24.55],[84.008,24.643],[84.052,24.61],[84.051,24.587],[84.093,24.534],[84.086,24.506],[84.108,24.477],[84.141,24.501],[84.146,24.538],[84.163,24.533],[84.156,24.511],[84.178,24.505],[84.173,24.545],[84.188,24.553],[84.215,24.533],[84.236,24.55],[84.257,24.527],[84.28,24.547],[84.27,24.56],[84.297,24.56],[84.328,24.5],[84.291,24.466],[84.297,24.449],[84.336,24.431],[84.32,24.421],[84.334,24.42],[84.342,24.393],[84.388,24.389],[84.407,24.375],[84.401,24.365],[84.431,24.357],[84.424,24.33],[84.46,24.337],[84.484,24.313],[84.505,24.331],[84.485,24.307],[84.496,24.286],[84.532,24.339],[84.528,24.376],[84.572,24.383],[84.568,24.409],[84.665,24.391],[84.686,24.457],[84.786,24.504],[84.802,24.531],[84.839,24.513],[84.84,24.452],[84.854,24.467],[84.887,24.463],[84.882,24.425],[84.904,24.372],[84.975,24.375],[85.028,24.415],[85.062,24.407],[85.08,24.433],[85.073,24.381],[85.089,24.372],[85.174,24.421],[85.153,24.455],[85.226,24.463],[85.25,24.491],[85.283,24.492],[85.288,24.523],[85.392,24.53],[85.398,24.545],[85.371,24.555],[85.385,24.555],[85.434,24.528],[85.498,24.546],[85.524,24.521],[85.542,24.532],[85.541,24.562],[85.572,24.562],[85.566,24.587],[85.581,24.601],[85.615,24.581],[85.668,24.579],[85.676,24.616],[85.649,24.685],[85.681,24.692],[85.707,24.725],[85.707,24.78],[85.737,24.821],[85.778,24.797],[85.867,24.805],[85.945,24.733],[86.055,24.78],[86.037,24.741],[86.094,24.745],[86.129,24.699],[86.115,24.644],[86.125,24.611],[86.167,24.584],[86.214,24.594],[86.215,24.614],[86.259,24.578],[86.323,24.587],[86.301,24.561],[86.309,24.511],[86.276,24.466],[86.377,24.431],[86.413,24.38],[86.445,24.368],[86.472,24.394],[86.468,24.425],[86.491,24.428],[86.484,24.468],[86.5,24.51],[86.528,24.544],[86.552,24.536],[86.559,24.565],[86.58,24.567],[86.603,24.608],[86.669,24.566],[86.735,24.58],[86.753,24.618],[86.787,24.616],[86.811,24.599],[86.802,24.57],[86.844,24.575],[86.857,24.555],[86.881,24.574],[86.916,24.545],[86.909,24.596],[86.945,24.636],[86.94,24.653],[86.958,24.649],[86.953,24.631],[86.978,24.64],[86.996,24.62],[87.02,24.63],[87.051,24.609],[87.054,24.669],[87.081,24.729],[87.07,24.745],[87.096,24.803],[87.074,24.818],[87.157,24.881],[87.145,24.919],[87.15,25.026],[87.213,25.091],[87.237,25.089],[87.241,25.117],[87.296,25.089],[87.328,25.224],[87.372,25.206],[87.401,25.227],[87.478,25.194],[87.473,25.238],[87.501,25.26],[87.487,25.297],[87.543,25.281],[87.552,25.333],[87.584,25.349],[87.584,25.332],[87.61,25.313],[87.692,25.312],[87.711,25.258],[87.779,25.251],[87.779,25.144],[87.801,25.118],[87.796,25.087],[87.958,24.971],[87.961,24.922],[87.891,24.855],[87.9,24.823],[87.87,24.826],[87.882,24.799],[87.869,24.774],[87.837,24.766],[87.836,24.79],[87.818,24.761],[87.908,24.721],[87.889,24.679],[87.917,24.666],[87.914,24.637],[87.906,24.615],[87.875,24.614],[87.911,24.61],[87.909,24.586],[87.852,24.554],[87.772,24.584],[87.771,24.571],[87.791,24.572],[87.809,24.547],[87.794,24.501],[87.801,24.494],[87.81,24.514],[87.811,24.492],[87.828,24.499],[87.811,24.477],[87.824,24.458],[87.803,24.454],[87.79,24.42],[87.812,24.414],[87.794,24.4],[87.801,24.383],[87.765,24.34],[87.761,24.308],[87.73,24.289],[87.713,24.294],[87.706,24.26],[87.658,24.236],[87.639,24.255],[87.638,24.215],[87.698,24.187],[87.695,24.149],[87.576,24.161],[87.61,24.132],[87.585,24.124],[87.581,24.088],[87.559,24.081],[87.498,24.118],[87.49,24.09],[87.511,24.083],[87.493,24.077],[87.493,24.054],[87.512,24.036],[87.476,24.012],[87.438,24.013],[87.46,23.984],[87.361,24.013],[87.329,23.999],[87.319,24.008],[87.337,24.034],[87.288,24.029],[87.245,24.045],[87.234,24.024],[87.248,23.999],[87.263,24.004],[87.262,23.967],[87.293,23.959],[87.295,23.902],[87.269,23.874],[87.246,23.909],[87.241,23.87],[87.256,23.844],[87.241,23.826],[87.217,23.83],[87.234,23.857],[87.189,23.842],[87.197,23.858],[87.129,23.869],[87.167,23.825],[87.15,23.797],[87.123,23.796],[86.974,23.869],[86.947,23.846],[86.916,23.883],[86.881,23.863],[86.89,23.82],[86.875,23.848],[86.827,23.814],[86.805,23.838],[86.804,23.801],[86.828,23.753],[86.812,23.745],[86.799,23.689],[86.748,23.679],[86.713,23.699],[86.598,23.674],[86.529,23.63],[86.462,23.63],[86.447,23.598],[86.388,23.574],[86.365,23.531],[86.375,23.509],[86.362,23.485],[86.379,23.474],[86.364,23.472],[86.349,23.44],[86.306,23.435],[86.318,23.427],[86.31,23.412],[86.264,23.431],[86.247,23.412],[86.23,23.431],[86.246,23.46],[86.233,23.462],[86.229,23.443],[86.177,23.47],[86.148,23.465],[86.159,23.559],[86.081,23.566],[86.052,23.586],[86.017,23.548],[86.054,23.487],[85.871,23.476],[85.864,23.432],[85.885,23.43],[85.886,23.405],[85.903,23.399],[85.87,23.389],[85.884,23.35],[85.82,23.268],[85.838,23.247],[85.837,23.22],[85.864,23.222],[85.883,23.198],[85.894,23.155],[85.922,23.145],[85.958,23.161],[86.044,23.145],[86.049,23.106],[86.133,23.084],[86.157,23.031],[86.223,22.995],[86.305,23.017],[86.326,22.995],[86.377,22.998],[86.394,22.981],[86.419,23.001],[86.447,22.988],[86.501,22.995],[86.519,22.971],[86.548,22.989],[86.525,22.947],[86.489,22.938],[86.477,22.952],[86.436,22.926],[86.467,22.901],[86.451,22.862],[86.435,22.861],[86.439,22.831],[86.419,22.791],[86.511,22.705],[86.514,22.719],[86.548,22.721],[86.635,22.666],[86.633,22.611],[86.659,22.576],[86.766,22.576],[86.767,22.556],[86.789,22.548],[86.801,22.488],[86.751,22.482],[86.751,22.456],[86.765,22.427],[86.846,22.4],[86.833,22.324],[86.888,22.297],[86.89,22.277],[86.887,22.257],[86.824,22.267],[86.817,22.254],[86.813,22.268],[86.803,22.244],[86.792,22.266],[86.794,22.243],[86.812,22.241],[86.802,22.218],[86.778,22.218],[86.795,22.228],[86.778,22.237],[86.776,22.218],[86.753,22.211],[86.656,22.236],[86.647,22.268],[86.596,22.278],[86.585,22.301],[86.534,22.301],[86.497,22.347],[86.447,22.328],[86.442,22.303],[86.36,22.349],[86.283,22.448],[86.118,22.487],[86.045,22.568],[86.024,22.545],[86.029,22.524],[85.984,22.515],[85.957,22.465],[86.018,22.426],[86.027,22.395],[86.024,22.364],[85.998,22.342],[86.029,22.334],[86.016,22.312],[86.049,22.308],[86.017,22.297],[85.974,22.247],[86.031,22.19],[85.997,22.132],[86.009,22.116],[85.944,22.02],[85.918,22.009],[85.907,21.97],[85.897,21.984],[85.826,21.975],[85.766,21.995],[85.796,22.081],[85.838,22.08],[85.807,22.116],[85.749,22.074],[85.685,22.055],[85.654,22.095],[85.599,22.078],[85.545,22.09],[85.423,22.158],[85.371,22.161],[85.366,22.123],[85.323,22.128],[85.281,22.09],[85.239,22.009],[85.181,22.073],[85.168,22.069],[85.174,22.052],[85.155,22.078],[85.122,22.071],[85.098,22.106],[85.04,22.116],[84.987,22.083],[84.985,22.096],[85.028,22.122],[85.03,22.162],[85.054,22.184],[85.078,22.257],[85.071,22.275],[85.117,22.294],[85.118,22.318],[85.092,22.316],[85.096,22.345],[85.077,22.356],[85.088,22.388],[85.06,22.449],[85.077,22.464],[85.067,22.484],[84.959,22.445],[84.954,22.459],[84.886,22.42],[84.88,22.449],[84.837,22.431],[84.81,22.453],[84.759,22.447],[84.75,22.419],[84.667,22.42],[84.629,22.435],[84.535,22.427],[84.48,22.413],[84.485,22.389],[84.431,22.373],[84.429,22.352],[84.291,22.343],[84.25,22.379],[84.197,22.378],[84.156,22.408],[84.141,22.426],[84.141,22.474],[84.009,22.526],[84.009,22.573],[84.053,22.596],[84.084,22.638],[84.152,22.637],[84.233,22.681],[84.232,22.742],[84.26,22.768],[84.289,22.766],[84.334,22.861],[84.372,22.865],[84.396,22.939],[84.374,22.979],[84.328,22.982],[84.284,22.963],[84.277,22.993],[84.254,22.972],[84.219,22.979],[84.186,23.027],[84.178,22.98],[84.149,22.965],[84.125,23.037],[84.133,23.083],[84.093,23.112],[84.067,23.11],[84.037,23.14],[84.032,23.161],[84.063,23.206],[84.054,23.247],[84.075,23.333],[84.051,23.375],[84.023,23.378],[84.006,23.354],[83.975,23.363],[83.962,23.385],[83.982,23.422],[83.971,23.467],[84.015,23.504],[84.028,23.546],[84.03,23.6],[84.008,23.622],[84.017,23.634],[83.932,23.62],[83.938,23.569],[83.807,23.588],[83.775,23.609],[83.752,23.639],[83.761,23.652],[83.723,23.686],[83.746,23.72],[83.705,23.821],[83.664,23.828],[83.659,23.849],[83.571,23.862],[83.586,23.886],[83.553,23.898],[83.547,23.938],[83.515,23.981],[83.516,24.027],[83.451,24.043],[83.432,24.086],[83.33,24.102],[83.383,24.198]]]}},{"type":"Feature","properties":{"admin_code":"IN-JK","name":"Jammu and Kashmir","name_local":"जम्मू और कश्मीर"},"geometry":{"type":"Polygon","coordinates":[[[74.163,35.086],[74.222,35.086],[74.269,35.035],[74.308,35.06],[74.38,35.058],[74.44,35.118],[74.498,35.107],[74.542,35.067],[74.535,35.031],[74.587,35.01],[74.572,34.966],[74.576,34.899],[74.605,34.915],[74.665,34.902],[74.705,34.855],[74.728,34.857],[74.741,34.83],[74.796,34.844],[74.901,34.807],[74.91,34.777],[74.958,34.79],[75.014,34.838],[75.071,34.828],[75.076,34.904],[75.145,34.865],[75.146,34.834],[75.22,34.811],[75.245,34.79],[75.262,34.718],[75.257,34.687],[75.208,34.639],[75.245,34.635],[75.254,34.603],[75.346,34.561],[75.363,34.538],[75.342,34.487],[75.353,34.467],[75.329,34.437],[75.372,34.413],[75.395,34.293],[75.474,34.281],[75.497,34.233],[75.58,34.214],[75.599,34.195],[75.646,34.211],[75.687,34.197],[75.669,34.145],[75.74,34.074],[75.738,34.057],[75.766,34.055],[75.817,34.007],[75.844,34.004],[75.82,33.97],[75.833,33.957],[75.89,33.969],[75.966,33.954],[75.98,33.972],[76.025,33.981],[76.049,33.935],[76.033,33.92],[76.137,33.876],[76.162,33.8],[76.184,33.799],[76.216,33.758],[76.265,33.746],[76.266,33.68],[76.284,33.661],[76.229,33.63],[76.24,33.605],[76.205,33.568],[76.246,33.546],[76.26,33.565],[76.31,33.572],[76.306,33.61],[76.359,33.604],[76.381,33.577],[76.38,33.553],[76.426,33.537],[76.449,33.564],[76.459,33.534],[76.502,33.516],[76.549,33.464],[76.569,33.466],[76.582,33.426],[76.628,33.435],[76.659,33.357],[76.696,33.328],[76.717,33.329],[76.737,33.261],[76.779,33.24],[76.747,33.179],[76.646,33.162],[76.618,33.174],[76.603,33.206],[76.567,33.21],[76.487,33.179],[76.41,33.186],[76.292,33.103],[76.296,33.061],[76.278,33.038],[76.247,33.022],[76.112,33.006],[76.088,32.956],[75.954,32.873],[75.925,32.906],[75.842,32.929],[75.801,32.886],[75.884,32.812],[75.891,32.783],[75.925,32.748],[75.889,32.653],[75.937,32.648],[75.93,32.631],[75.881,32.586],[75.876,32.55],[75.821,32.492],[75.729,32.453],[75.744,32.432],[75.728,32.433],[75.722,32.405],[75.56,32.357],[75.539,32.336],[75.526,32.276],[75.503,32.292],[75.512,32.308],[75.482,32.32],[75.489,32.346],[75.431,32.316],[75.341,32.346],[75.332,32.327],[75.288,32.356],[75.289,32.37],[75.258,32.372],[75.257,32.389],[75.193,32.401],[75.191,32.426],[75.132,32.409],[75.108,32.474],[75.085,32.469],[75.027,32.496],[75.015,32.464],[74.952,32.446],[74.939,32.471],[74.899,32.467],[74.877,32.478],[74.877,32.493],[74.82,32.499],[74.797,32.477],[74.688,32.486],[74.69,32.535],[74.662,32.546],[74.673,32.568],[74.652,32.563],[74.659,32.597],[74.638,32.613],[74.695,32.661],[74.653,32.697],[74.705,32.842],[74.641,32.819],[74.634,32.808],[74.659,32.787],[74.632,32.775],[74.635,32.75],[74.563,32.76],[74.513,32.744],[74.511,32.764],[74.485,32.765],[74.46,32.789],[74.406,32.782],[74.37,32.759],[74.308,32.792],[74.301,32.823],[74.217,32.845],[74.177,32.883],[74.059,32.909],[74.048,32.932],[73.987,32.935],[73.996,32.96],[73.957,32.987],[73.829,33.007],[73.808,32.972],[73.786,32.965],[73.788,32.998],[73.743,33.039],[73.734,33.066],[73.688,33.088],[73.627,33.09],[73.625,33.14],[73.656,33.169],[73.657,33.208],[73.64,33.226],[73.628,33.215],[73.605,33.251],[73.603,33.295],[73.581,33.326],[73.59,33.337],[73.565,33.342],[73.558,33.368],[73.591,33.422],[73.587,33.443],[73.624,33.457],[73.596,33.5],[73.632,33.533],[73.603,33.607],[73.561,33.621],[73.562,33.675],[73.597,33.716],[73.591,33.754],[73.558,33.783],[73.589,33.884],[73.516,34.0],[73.488,34.144],[73.492,34.22],[73.469,34.251],[73.478,34.29],[73.453,34.278],[73.424,34.353],[73.39,34.374],[73.419,34.417],[73.447,34.574],[73.522,34.574],[73.557,34.593],[73.65,34.568],[73.659,34.61],[73.695,34.654],[73.666,34.666],[73.667,34.684],[73.749,34.787],[73.82,34.795],[73.849,34.817],[73.917,34.814],[73.964,34.841],[73.974,34.865],[74.029,34.877],[74.043,34.921],[74.073,34.939],[74.06,34.993],[74.107,35.019],[74.066,35.048],[74.092,35.096],[74.133,35.107],[74.163,35.086]]]}},{"type":"Feature","properties":{"admin_code":"IN-KA","name":"Karnataka","name_local":"कर्नाटक"},"geometry":{"type":"Polygon","coordinates":[[[74.088,15.673],[74.126,15.681],[74.122,15.721],[74.162,15.751],[74.202,15.759],[74.209,15.781],[74.234,15.787],[74.238,15.744],[74.268,15.755],[74.286,15.742],[74.368,15.786],[74.36,15.817],[74.383,15.849],[74.338,15.855],[74.363,15.875],[74.365,15.894],[74.369,15.894],[74.388,15.854],[74.406,15.855],[74.387,15.905],[74.431,15.957],[74.463,16.043],[74.43,16.059],[74.381,16.036],[74.369,16.039],[74.377,16.055],[74.361,16.054],[74.372,16.078],[74.428,16.112],[74.483,16.09],[74.48,16.147],[74.507,16.192],[74.503,16.225],[74.481,16.25],[74.469,16.24],[74.418,16.258],[74.414,16.283],[74.373,16.262],[74.346,16.294],[74.351,16.275],[74.325,16.272],[74.321,16.284],[74.343,16.298],[74.317,16.327],[74.327,16.343],[74.317,16.381],[74.336,16.394],[74.353,16.366],[74.364,16.405],[74.335,16.401],[74.333,16.455],[74.289,16.463],[74.291,16.505],[74.261,16.48],[74.247,16.497],[74.278,16.504],[74.271,16.548],[74.283,16.525],[74.302,16.529],[74.306,16.504],[74.316,16.554],[74.356,16.56],[74.358,16.538],[74.38,16.529],[74.397,16.583],[74.467,16.607],[74.455,16.647],[74.469,16.664],[74.489,16.63],[74.545,16.635],[74.544,16.595],[74.567,16.585],[74.555,16.565],[74.569,16.554],[74.629,16.578],[74.64,16.61],[74.687,16.607],[74.654,16.639],[74.69,16.677],[74.691,16.716],[74.732,16.718],[74.772,16.751],[74.85,16.773],[74.92,16.772],[74.902,16.863],[74.96,16.881],[74.964,16.91],[74.922,16.93],[74.932,16.945],[74.965,16.927],[74.964,16.948],[74.993,16.952],[75.027,16.944],[75.025,16.928],[75.089,16.952],[75.096,16.914],[75.118,16.913],[75.137,16.874],[75.189,16.875],[75.182,16.843],[75.214,16.842],[75.238,16.868],[75.265,16.863],[75.282,16.88],[75.28,16.957],[75.35,16.958],[75.392,16.98],[75.428,16.967],[75.466,16.988],[75.489,16.944],[75.529,16.969],[75.568,16.966],[75.573,17.01],[75.607,17.005],[75.608,16.971],[75.634,16.97],[75.645,16.954],[75.67,16.962],[75.67,17.038],[75.641,17.038],[75.677,17.065],[75.672,17.116],[75.65,17.116],[75.625,17.174],[75.662,17.215],[75.658,17.263],[75.604,17.306],[75.61,17.345],[75.581,17.351],[75.574,17.383],[75.614,17.392],[75.607,17.42],[75.633,17.477],[75.676,17.456],[75.691,17.409],[75.734,17.42],[75.793,17.37],[75.814,17.373],[75.822,17.421],[75.851,17.411],[75.861,17.386],[75.884,17.418],[75.891,17.357],[75.931,17.323],[76.014,17.354],[76.061,17.355],[76.079,17.332],[76.119,17.371],[76.163,17.345],[76.176,17.301],[76.17,17.353],[76.243,17.379],[76.251,17.36],[76.272,17.361],[76.276,17.335],[76.318,17.332],[76.314,17.348],[76.345,17.354],[76.354,17.314],[76.383,17.315],[76.412,17.351],[76.409,17.371],[76.363,17.378],[76.372,17.436],[76.333,17.434],[76.331,17.47],[76.376,17.49],[76.346,17.493],[76.347,17.513],[76.367,17.519],[76.363,17.537],[76.341,17.542],[76.331,17.597],[76.42,17.604],[76.429,17.645],[76.49,17.66],[76.487,17.715],[76.524,17.715],[76.523,17.76],[76.573,17.761],[76.57,17.705],[76.582,17.706],[76.615,17.77],[76.664,17.688],[76.691,17.681],[76.7,17.727],[76.728,17.738],[76.714,17.781],[76.762,17.787],[76.79,17.826],[76.768,17.852],[76.739,17.857],[76.74,17.9],[76.768,17.901],[76.775,17.878],[76.807,17.871],[76.81,17.887],[76.84,17.899],[76.884,17.894],[76.901,17.917],[76.919,17.916],[76.906,18.01],[76.914,18.035],[76.952,18.04],[76.945,18.083],[76.966,18.098],[76.921,18.118],[76.952,18.188],[76.991,18.19],[77.001,18.161],[77.023,18.159],[77.033,18.182],[77.064,18.151],[77.112,18.156],[77.098,18.197],[77.152,18.217],[77.175,18.285],[77.213,18.28],[77.199,18.315],[77.219,18.326],[77.226,18.365],[77.246,18.371],[77.234,18.388],[77.242,18.413],[77.317,18.442],[77.32,18.458],[77.345,18.434],[77.366,18.452],[77.373,18.401],[77.414,18.393],[77.395,18.368],[77.4,18.347],[77.357,18.32],[77.366,18.307],[77.438,18.31],[77.448,18.27],[77.465,18.263],[77.512,18.282],[77.513,18.31],[77.605,18.281],[77.572,18.244],[77.585,18.22],[77.564,18.196],[77.597,18.156],[77.597,18.087],[77.548,18.056],[77.59,18.012],[77.606,18.02],[77.628,17.997],[77.649,17.999],[77.656,17.968],[77.65,17.95],[77.633,17.967],[77.625,17.96],[77.619,17.904],[77.586,17.908],[77.599,17.873],[77.576,17.875],[77.554,17.82],[77.528,17.828],[77.507,17.786],[77.569,17.766],[77.569,17.749],[77.546,17.727],[77.452,17.695],[77.443,17.584],[77.494,17.568],[77.507,17.542],[77.528,17.575],[77.551,17.552],[77.594,17.565],[77.597,17.534],[77.662,17.523],[77.693,17.499],[77.688,17.475],[77.671,17.478],[77.652,17.483],[77.657,17.507],[77.645,17.478],[77.615,17.473],[77.614,17.446],[77.576,17.456],[77.576,17.431],[77.537,17.444],[77.513,17.431],[77.514,17.414],[77.538,17.406],[77.53,17.371],[77.484,17.355],[77.479,17.371],[77.454,17.374],[77.456,17.331],[77.438,17.292],[77.459,17.279],[77.42,17.238],[77.38,17.223],[77.404,17.21],[77.394,17.194],[77.372,17.196],[77.364,17.159],[77.407,17.125],[77.464,17.11],[77.503,17.014],[77.48,16.996],[77.469,16.919],[77.454,16.914],[77.457,16.83],[77.477,16.788],[77.44,16.789],[77.426,16.723],[77.474,16.717],[77.47,16.687],[77.419,16.669],[77.434,16.641],[77.476,16.65],[77.454,16.617],[77.467,16.599],[77.424,16.569],[77.393,16.57],[77.419,16.549],[77.419,16.522],[77.378,16.514],[77.369,16.489],[77.299,16.496],[77.294,16.477],[77.236,16.473],[77.288,16.409],[77.349,16.384],[77.421,16.366],[77.49,16.385],[77.573,16.341],[77.593,16.344],[77.598,16.293],[77.563,16.302],[77.537,16.267],[77.505,16.276],[77.49,16.255],[77.492,16.229],[77.516,16.228],[77.501,16.222],[77.486,16.163],[77.49,16.12],[77.513,16.108],[77.494,16.086],[77.507,16.08],[77.494,16.037],[77.514,16.008],[77.513,15.927],[77.43,15.949],[77.38,15.94],[77.249,15.965],[77.185,15.957],[77.085,15.919],[77.034,15.859],[77.025,15.838],[77.066,15.827],[77.049,15.73],[77.08,15.728],[77.079,15.695],[77.129,15.666],[77.121,15.631],[77.083,15.659],[77.03,15.635],[77.03,15.503],[76.975,15.511],[76.974,15.498],[77.032,15.436],[77.029,15.404],[77.047,15.39],[77.042,15.362],[77.064,15.328],[77.113,15.334],[77.118,15.295],[77.152,15.292],[77.147,15.273],[77.167,15.269],[77.125,15.227],[77.148,15.224],[77.169,15.171],[77.135,15.15],[77.157,15.14],[77.156,15.123],[77.13,15.101],[77.113,15.034],[77.085,15.031],[77.082,15.006],[77.044,15.01],[77.05,15.033],[77.004,15.034],[76.985,15.015],[76.918,15.036],[76.877,15.03],[76.866,15.06],[76.836,15.079],[76.8,15.096],[76.777,15.078],[76.79,15.021],[76.761,14.99],[76.767,14.976],[76.829,14.956],[76.867,14.97],[76.87,14.938],[76.864,14.896],[76.846,14.889],[76.854,14.809],[76.837,14.811],[76.837,14.791],[76.783,14.786],[76.803,14.742],[76.775,14.681],[76.765,14.602],[76.782,14.597],[76.806,14.531],[76.856,14.51],[76.868,14.474],[76.901,14.489],[76.975,14.485],[76.96,14.451],[76.945,14.451],[76.943,14.4],[76.916,14.421],[76.885,14.396],[76.885,14.348],[76.957,14.294],[76.925,14.274],[76.94,14.245],[77.052,14.246],[77.081,14.214],[77.108,14.22],[77.116,14.293],[77.136,14.337],[77.157,14.342],[77.238,14.317],[77.287,14.34],[77.284,14.283],[77.364,14.276],[77.359,14.234],[77.392,14.199],[77.419,14.212],[77.409,14.26],[77.387,14.271],[77.377,14.305],[77.393,14.336],[77.446,14.318],[77.45,14.281],[77.482,14.292],[77.504,14.264],[77.493,14.231],[77.517,14.184],[77.504,14.157],[77.394,14.174],[77.379,14.136],[77.351,14.13],[77.347,14.104],[77.391,14.127],[77.401,14.119],[77.361,14.063],[77.341,14.06],[77.332,14.031],[77.39,14.017],[77.382,13.976],[77.426,13.986],[77.438,13.976],[77.435,13.948],[77.412,13.946],[77.435,13.915],[77.4,13.888],[77.398,13.907],[77.358,13.903],[77.348,13.916],[77.371,13.953],[77.349,13.958],[77.361,13.991],[77.336,13.995],[77.322,14.03],[77.275,14.011],[77.27,14.035],[77.245,14.012],[77.149,14.001],[77.127,14.047],[77.079,14.043],[77.028,14.062],[77.03,14.088],[77.015,14.1],[77.023,14.177],[76.961,14.182],[76.948,14.198],[76.942,14.173],[76.895,14.168],[76.886,14.138],[76.925,14.137],[76.978,14.071],[76.972,14.058],[76.932,14.054],[76.931,14.03],[77.0,13.99],[76.994,13.963],[77.042,13.933],[77.047,13.907],[77.023,13.903],[77.014,13.86],[76.978,13.827],[76.999,13.746],[77.017,13.739],[77.024,13.779],[77.043,13.778],[77.065,13.744],[77.086,13.742],[77.09,13.767],[77.173,13.762],[77.179,13.783],[77.158,13.806],[77.169,13.83],[77.128,13.856],[77.169,13.865],[77.162,13.907],[77.185,13.925],[77.181,13.87],[77.2,13.863],[77.213,13.886],[77.22,13.868],[77.236,13.904],[77.248,13.901],[77.257,13.847],[77.311,13.867],[77.325,13.833],[77.362,13.854],[77.382,13.839],[77.433,13.843],[77.423,13.799],[77.465,13.806],[77.455,13.682],[77.492,13.69],[77.485,13.715],[77.514,13.713],[77.525,13.691],[77.537,13.731],[77.527,13.754],[77.547,13.753],[77.561,13.722],[77.6,13.751],[77.628,13.735],[77.642,13.747],[77.619,13.755],[77.621,13.768],[77.68,13.787],[77.672,13.761],[77.703,13.77],[77.717,13.741],[77.719,13.8],[77.782,13.818],[77.782,13.844],[77.837,13.87],[77.813,13.915],[77.827,13.945],[77.896,13.941],[77.896,13.92],[77.927,13.905],[77.972,13.96],[77.988,13.956],[77.987,13.903],[77.949,13.886],[77.953,13.827],[77.976,13.83],[78.0,13.873],[78.046,13.862],[78.049,13.896],[78.079,13.881],[78.082,13.861],[78.115,13.863],[78.124,13.845],[78.114,13.808],[78.126,13.786],[78.092,13.742],[78.121,13.716],[78.113,13.693],[78.069,13.698],[78.087,13.643],[78.168,13.656],[78.168,13.633],[78.204,13.628],[78.193,13.565],[78.236,13.599],[78.259,13.583],[78.326,13.595],[78.402,13.587],[78.374,13.509],[78.382,13.397],[78.365,13.362],[78.408,13.346],[78.377,13.332],[78.401,13.316],[78.44,13.328],[78.444,13.308],[78.483,13.321],[78.479,13.301],[78.532,13.267],[78.539,13.288],[78.562,13.289],[78.566,13.312],[78.587,13.281],[78.566,13.221],[78.579,13.213],[78.55,13.2],[78.576,13.187],[78.58,13.167],[78.55,13.164],[78.545,13.142],[78.517,13.132],[78.538,13.106],[78.509,13.092],[78.514,13.062],[78.462,13.043],[78.467,12.975],[78.435,12.981],[78.438,12.964],[78.411,12.945],[78.419,12.922],[78.438,12.929],[78.467,12.905],[78.465,12.867],[78.446,12.912],[78.389,12.907],[78.356,12.941],[78.34,12.903],[78.324,12.902],[78.32,12.887],[78.337,12.882],[78.314,12.877],[78.312,12.859],[78.252,12.861],[78.231,12.761],[78.134,12.782],[78.053,12.854],[78.024,12.857],[78.029,12.845],[78.004,12.826],[78.01,12.806],[77.989,12.808],[77.952,12.857],[77.94,12.853],[77.941,12.823],[77.921,12.828],[77.942,12.872],[77.928,12.875],[77.929,12.891],[77.89,12.87],[77.836,12.87],[77.792,12.842],[77.81,12.832],[77.809,12.797],[77.779,12.768],[77.792,12.747],[77.763,12.737],[77.774,12.724],[77.765,12.701],[77.737,12.698],[77.74,12.673],[77.712,12.683],[77.704,12.661],[77.679,12.66],[77.676,12.68],[77.66,12.684],[77.599,12.667],[77.606,12.629],[77.591,12.615],[77.58,12.552],[77.587,12.515],[77.616,12.509],[77.584,12.479],[77.607,12.475],[77.626,12.496],[77.635,12.488],[77.617,12.368],[77.551,12.291],[77.479,12.271],[77.472,12.208],[77.519,12.195],[77.611,12.206],[77.728,12.182],[77.777,12.114],[77.709,12.036],[77.676,11.952],[77.538,11.932],[77.494,11.943],[77.486,11.888],[77.462,11.9],[77.467,11.847],[77.427,11.761],[77.394,11.788],[77.365,11.791],[77.335,11.771],[77.294,11.809],[77.25,11.813],[77.239,11.795],[77.111,11.774],[77.118,11.721],[77.08,11.736],[77.056,11.77],[77.067,11.788],[77.035,11.77],[77.03,11.805],[76.982,11.812],[76.97,11.777],[76.954,11.792],[76.908,11.795],[76.897,11.777],[76.888,11.734],[76.835,11.656],[76.856,11.599],[76.757,11.619],[76.614,11.608],[76.56,11.623],[76.551,11.674],[76.512,11.705],[76.458,11.664],[76.416,11.673],[76.404,11.712],[76.427,11.726],[76.414,11.759],[76.34,11.739],[76.28,11.812],[76.224,11.808],[76.207,11.862],[76.19,11.871],[76.12,11.85],[76.112,11.979],[76.003,11.931],[75.859,11.959],[75.801,12.037],[75.803,12.08],[75.754,12.085],[75.715,12.071],[75.703,12.108],[75.662,12.099],[75.636,12.148],[75.592,12.147],[75.533,12.2],[75.54,12.216],[75.485,12.29],[75.415,12.288],[75.432,12.309],[75.41,12.347],[75.422,12.373],[75.372,12.4],[75.366,12.457],[75.413,12.459],[75.425,12.47],[75.417,12.499],[75.382,12.502],[75.36,12.465],[75.336,12.464],[75.332,12.5],[75.304,12.503],[75.303,12.523],[75.273,12.537],[75.272,12.57],[75.29,12.584],[75.315,12.574],[75.326,12.594],[75.276,12.62],[75.238,12.568],[75.22,12.568],[75.2,12.589],[75.202,12.629],[75.161,12.621],[75.138,12.645],[75.16,12.672],[75.152,12.682],[75.112,12.681],[75.085,12.705],[75.085,12.674],[75.047,12.667],[75.05,12.719],[75.001,12.715],[75.011,12.728],[74.982,12.738],[75.009,12.768],[75.003,12.792],[74.933,12.781],[74.882,12.754],[74.847,12.795],[74.698,13.347],[74.67,13.635],[74.646,13.683],[74.61,13.867],[74.569,13.949],[74.549,13.948],[74.515,13.987],[74.47,14.188],[74.442,14.224],[74.395,14.419],[74.382,14.421],[74.355,14.509],[74.31,14.521],[74.315,14.546],[74.27,14.627],[74.286,14.646],[74.263,14.719],[74.234,14.748],[74.205,14.737],[74.205,14.719],[74.093,14.804],[74.125,14.806],[74.125,14.841],[74.086,14.901],[74.124,14.925],[74.162,14.912],[74.163,14.958],[74.201,14.925],[74.237,14.967],[74.252,14.959],[74.264,14.979],[74.254,14.998],[74.297,15.041],[74.273,15.098],[74.285,15.149],[74.317,15.184],[74.302,15.224],[74.251,15.259],[74.276,15.283],[74.336,15.295],[74.317,15.329],[74.323,15.368],[74.276,15.392],[74.276,15.449],[74.251,15.492],[74.283,15.531],[74.263,15.564],[74.245,15.567],[74.264,15.616],[74.244,15.626],[74.251,15.657],[74.224,15.669],[74.205,15.651],[74.182,15.682],[74.164,15.654],[74.118,15.652],[74.088,15.673]]]}},{"type":"Feature","properties":{"admin_code":"IN-KL","name":"Kerala","name_local":"केरल"},"geometry":{"type":"Polygon","coordinates":[[[75.544,11.705],[75.525,11.708],[75.476,11.767],[75.454,11.772],[75.462,11.78],[75.386,11.856],[75.356,11.86],[75.25,12.01],[75.228,12.023],[75.201,12.006],[75.127,12.202],[74.964,12.53],[74.955,12.559],[74.954,12.558],[74.956,12.55],[74.954,12.551],[74.939,12.591],[74.954,12.605],[74.94,12.596],[74.932,12.615],[74.95,12.636],[74.928,12.612],[74.888,12.708],[74.897,12.697],[74.906,12.695],[74.898,12.714],[74.885,12.71],[74.87,12.761],[75.003,12.792],[75.009,12.768],[74.982,12.738],[75.011,12.728],[75.001,12.715],[75.05,12.719],[75.047,12.667],[75.085,12.674],[75.085,12.705],[75.112,12.681],[75.152,12.682],[75.16,12.672],[75.138,12.645],[75.161,12.621],[75.202,12.629],[75.2,12.589],[75.22,12.568],[75.238,12.568],[75.276,12.62],[75.326,12.594],[75.315,12.574],[75.29,12.584],[75.272,12.57],[75.273,12.537],[75.303,12.523],[75.304,12.503],[75.332,12.5],[75.336,12.464],[75.36,12.465],[75.382,12.502],[75.417,12.499],[75.425,12.47],[75.413,12.459],[75.366,12.457],[75.372,12.4],[75.422,12.373],[75.41,12.347],[75.432,12.309],[75.415,12.288],[75.485,12.29],[75.54,12.216],[75.533,12.2],[75.592,12.147],[75.636,12.148],[75.662,12.099],[75.703,12.108],[75.715,12.071],[75.754,12.085],[75.803,12.08],[75.801,12.037],[75.859,11.959],[76.003,11.931],[76.112,11.979],[76.12,11.85],[76.19,11.871],[76.207,11.862],[76.224,11.808],[76.28,11.812],[76.34,11.739],[76.414,11.759],[76.427,11.726],[76.403,11.708],[76.443,11.644],[76.388,11.63],[76.355,11.589],[76.336,11.596],[76.302,11.571],[76.279,11.601],[76.234,11.571],[76.251,11.537],[76.24,11.527],[76.247,11.468],[76.284,11.483],[76.326,11.454],[76.342,11.468],[76.398,11.436],[76.419,11.442],[76.416,11.423],[76.46,11.389],[76.518,11.372],[76.508,11.354],[76.548,11.359],[76.546,11.3],[76.522,11.271],[76.453,11.239],[76.439,11.199],[76.458,11.188],[76.472,11.209],[76.496,11.211],[76.534,11.186],[76.629,11.194],[76.706,11.24],[76.735,11.218],[76.729,11.191],[76.698,11.174],[76.7,11.154],[76.748,11.135],[76.746,11.057],[76.778,11.042],[76.801,11.054],[76.767,11.029],[76.718,11.041],[76.7,11.027],[76.659,10.931],[76.741,10.891],[76.828,10.873],[76.854,10.84],[76.848,10.82],[76.901,10.808],[76.907,10.783],[76.892,10.718],[76.868,10.694],[76.882,10.639],[76.814,10.635],[76.81,10.624],[76.817,10.603],[76.839,10.596],[76.843,10.537],[76.816,10.423],[76.849,10.367],[76.83,10.303],[76.849,10.285],[76.873,10.298],[76.873,10.276],[76.912,10.234],[76.984,10.22],[77.048,10.259],[77.044,10.284],[77.091,10.315],[77.12,10.318],[77.176,10.359],[77.235,10.353],[77.227,10.317],[77.264,10.264],[77.259,10.23],[77.281,10.237],[77.295,10.219],[77.275,10.185],[77.268,10.122],[77.239,10.131],[77.201,10.107],[77.264,10.029],[77.255,10.012],[77.273,9.964],[77.247,9.952],[77.218,9.905],[77.213,9.877],[77.237,9.852],[77.222,9.823],[77.247,9.798],[77.223,9.788],[77.224,9.73],[77.204,9.722],[77.207,9.695],[77.166,9.613],[77.209,9.614],[77.234,9.582],[77.27,9.573],[77.318,9.603],[77.339,9.573],[77.361,9.602],[77.35,9.567],[77.365,9.535],[77.385,9.519],[77.4,9.527],[77.412,9.509],[77.393,9.459],[77.366,9.46],[77.349,9.441],[77.325,9.337],[77.3,9.337],[77.299,9.311],[77.283,9.301],[77.282,9.217],[77.252,9.19],[77.268,9.153],[77.212,9.1],[77.197,9.047],[77.167,9.045],[77.147,9.021],[77.196,8.955],[77.193,8.926],[77.221,8.928],[77.221,8.904],[77.258,8.875],[77.264,8.842],[77.23,8.785],[77.197,8.768],[77.191,8.742],[77.17,8.742],[77.207,8.685],[77.201,8.669],[77.251,8.62],[77.246,8.604],[77.284,8.547],[77.262,8.506],[77.201,8.501],[77.227,8.447],[77.206,8.444],[77.168,8.384],[77.151,8.384],[77.152,8.355],[77.174,8.359],[77.173,8.319],[77.168,8.333],[77.148,8.332],[77.098,8.292],[76.98,8.382],[76.633,8.835],[76.542,8.913],[76.517,9.018],[76.34,9.41],[76.241,9.982],[76.221,9.999],[76.1,10.382],[75.91,10.793],[75.841,11.084],[75.748,11.318],[75.683,11.448],[75.618,11.477],[75.537,11.694],[75.544,11.705]],[[74.976,12.571],[74.96,12.566],[74.955,12.559],[74.976,12.571]],[[75.54,11.735],[75.527,11.726],[75.531,11.708],[75.556,11.722],[75.538,11.761],[75.54,11.735]]]}},{"type":"Feature","properties":{"admin_code":"IN-LA","name":"Ladakh","name_local":"लद्दाख"},"geometry":{"type":"Polygon","coordinates":[[[74.11,35.13],[74.113,35.151],[74.038,35.147],[73.999,35.184],[73.958,35.174],[73.916,35.212],[73.864,35.21],[73.811,35.242],[73.777,35.243],[73.731,35.217],[73.716,35.225],[73.726,35.278],[73.699,35.323],[73.7,35.358],[73.738,35.427],[73.794,35.46],[73.784,35.525],[73.635,35.571],[73.57,35.554],[73.481,35.577],[73.406,35.563],[73.367,35.605],[73.272,35.629],[73.136,35.719],[73.135,35.793],[73.153,35.841],[73.1,35.878],[73.077,35.886],[73.037,35.854],[72.999,35.863],[72.929,35.845],[72.904,35.853],[72.901,35.881],[72.83,35.887],[72.777,35.843],[72.737,35.858],[72.69,35.832],[72.645,35.866],[72.601,35.87],[72.529,35.926],[72.555,35.996],[72.573,35.996],[72.595,36.027],[72.586,36.05],[72.53,36.074],[72.536,36.114],[72.573,36.15],[72.551,36.181],[72.596,36.264],[72.636,36.276],[72.693,36.249],[72.692,36.275],[72.778,36.309],[72.829,36.361],[72.866,36.373],[72.889,36.397],[72.879,36.443],[72.922,36.462],[72.991,36.457],[73.003,36.475],[72.99,36.48],[72.995,36.514],[73.061,36.537],[73.112,36.609],[73.091,36.634],[73.085,36.699],[73.126,36.686],[73.189,36.721],[73.214,36.699],[73.314,36.706],[73.36,36.715],[73.371,36.734],[73.441,36.744],[73.543,36.709],[73.599,36.72],[73.607,36.698],[73.632,36.689],[73.7,36.684],[73.724,36.709],[73.782,36.702],[73.808,36.716],[73.894,36.701],[73.904,36.735],[73.869,36.782],[73.724,36.833],[73.718,36.857],[73.681,36.885],[73.689,36.911],[73.817,36.885],[73.878,36.894],[74.055,36.806],[74.092,36.838],[74.142,36.839],[74.168,36.902],[74.26,36.886],[74.429,36.989],[74.531,36.986],[74.554,36.953],[74.578,36.948],[74.581,37.043],[74.695,37.077],[74.712,37.074],[74.727,37.025],[74.749,37.011],[74.778,37.029],[74.839,37.022],[74.845,36.989],[74.921,36.905],[74.94,36.934],[75.018,36.976],[75.095,36.942],[75.15,36.966],[75.208,37.036],[75.343,37.052],[75.351,36.98],[75.375,36.96],[75.422,36.96],[75.413,36.891],[75.443,36.887],[75.473,36.81],[75.615,36.761],[75.768,36.573],[75.922,36.502],[76.076,36.474],[76.172,36.39],[76.254,36.347],[76.351,36.359],[76.431,36.308],[76.449,36.269],[76.432,36.251],[76.562,36.173],[76.6,36.165],[76.643,36.183],[76.703,36.128],[76.718,36.083],[76.801,36.047],[76.807,36.018],[76.768,36.009],[76.722,35.953],[76.811,35.844],[76.934,35.784],[77.019,35.774],[77.114,35.797],[77.163,35.766],[77.166,35.734],[77.22,35.728],[77.227,35.712],[77.276,35.72],[77.314,35.699],[77.326,35.719],[77.357,35.717],[77.4,35.662],[77.43,35.654],[77.426,35.61],[77.456,35.593],[77.459,35.547],[77.485,35.532],[77.434,35.517],[77.377,35.55],[77.321,35.536],[77.347,35.493],[77.378,35.477],[77.438,35.461],[77.511,35.488],[77.613,35.469],[77.644,35.489],[77.671,35.47],[77.722,35.475],[77.732,35.524],[77.771,35.495],[77.817,35.512],[77.9,35.468],[77.921,35.494],[77.981,35.455],[77.964,35.496],[77.93,35.515],[77.965,35.571],[77.951,35.606],[77.99,35.581],[78.041,35.587],[78.076,35.549],[78.136,35.538],[78.155,35.552],[78.161,35.629],[78.185,35.624],[78.198,35.669],[78.254,35.645],[78.271,35.668],[78.272,35.721],[78.385,35.735],[78.422,35.785],[78.52,35.763],[78.663,35.857],[78.767,35.869],[78.822,35.855],[78.959,35.892],[79.02,35.848],[79.131,35.836],[79.193,35.886],[79.188,35.947],[79.214,35.978],[79.377,35.995],[79.421,35.896],[79.517,35.883],[79.736,35.802],[79.869,35.783],[79.917,35.822],[79.998,35.837],[80.037,35.799],[80.106,35.68],[80.236,35.641],[80.29,35.607],[80.327,35.472],[80.279,35.44],[80.269,35.344],[80.234,35.276],[80.224,35.22],[80.182,35.166],[80.173,35.002],[80.122,34.893],[80.072,34.828],[80.067,34.714],[79.943,34.681],[79.859,34.688],[79.815,34.643],[79.774,34.627],[79.791,34.589],[79.769,34.582],[79.757,34.554],[79.809,34.531],[79.813,34.5],[79.792,34.485],[79.66,34.479],[79.592,34.5],[79.507,34.474],[79.527,34.418],[79.56,34.41],[79.558,34.332],[79.59,34.282],[79.584,34.244],[79.543,34.207],[79.506,34.205],[79.493,34.136],[79.419,34.078],[79.413,34.055],[79.432,34.023],[79.413,34.015],[79.354,34.037],[79.197,34.051],[79.17,34.073],[79.15,34.068],[79.13,34.024],[79.083,34.022],[79.013,34.05],[78.939,34.024],[78.907,33.98],[78.999,33.803],[79.018,33.798],[79.015,33.778],[79.033,33.783],[79.046,33.766],[79.059,33.78],[79.067,33.756],[79.041,33.749],[79.019,33.705],[79.052,33.678],[79.09,33.687],[79.106,33.617],[79.046,33.627],[78.988,33.611],[78.915,33.632],[78.914,33.574],[78.941,33.509],[78.932,33.433],[78.952,33.381],[78.988,33.333],[79.016,33.335],[79.096,33.294],[79.239,33.298],[79.314,33.273],[79.369,33.282],[79.452,33.26],[79.445,33.206],[79.376,33.084],[79.392,33.036],[79.33,33.012],[79.383,32.989],[79.384,32.968],[79.421,32.961],[79.566,32.787],[79.602,32.777],[79.625,32.737],[79.514,32.608],[79.468,32.576],[79.447,32.532],[79.405,32.529],[79.393,32.572],[79.319,32.593],[79.294,32.55],[79.249,32.534],[79.236,32.506],[79.194,32.483],[79.136,32.477],[79.143,32.423],[79.114,32.384],[79.032,32.386],[78.984,32.338],[78.857,32.44],[78.826,32.438],[78.775,32.558],[78.796,32.598],[78.761,32.655],[78.768,32.697],[78.722,32.661],[78.661,32.654],[78.619,32.596],[78.572,32.617],[78.498,32.581],[78.458,32.58],[78.426,32.531],[78.326,32.472],[78.295,32.504],[78.315,32.525],[78.313,32.574],[78.405,32.619],[78.38,32.668],[78.394,32.716],[78.388,32.757],[78.304,32.734],[78.312,32.709],[78.253,32.691],[78.246,32.672],[78.143,32.682],[78.148,32.654],[78.111,32.663],[78.087,32.624],[78.061,32.626],[78.047,32.645],[78.016,32.62],[77.919,32.691],[77.934,32.726],[77.926,32.772],[77.884,32.788],[77.869,32.827],[77.781,32.866],[77.811,32.907],[77.713,32.983],[77.682,32.989],[77.674,32.961],[77.602,32.943],[77.539,32.887],[77.501,32.886],[77.469,32.858],[77.445,32.88],[77.405,32.883],[77.374,32.855],[77.373,32.824],[77.352,32.816],[77.323,32.851],[77.301,32.85],[77.274,32.874],[77.254,32.864],[77.237,32.881],[77.243,32.893],[77.199,32.909],[77.188,32.929],[77.17,32.911],[77.157,32.912],[77.15,32.978],[77.116,32.985],[77.095,32.971],[77.049,32.999],[77.01,32.989],[76.972,33.0],[76.929,33.032],[76.885,33.122],[76.855,33.114],[76.817,33.16],[76.843,33.247],[76.821,33.236],[76.799,33.256],[76.754,33.249],[76.737,33.261],[76.717,33.329],[76.671,33.342],[76.628,33.435],[76.582,33.426],[76.569,33.466],[76.549,33.464],[76.502,33.516],[76.459,33.534],[76.449,33.564],[76.426,33.537],[76.38,33.553],[76.381,33.577],[76.359,33.604],[76.306,33.61],[76.31,33.572],[76.26,33.565],[76.246,33.546],[76.205,33.568],[76.24,33.605],[76.229,33.63],[76.284,33.661],[76.266,33.68],[76.265,33.746],[76.216,33.758],[76.184,33.799],[76.162,33.8],[76.137,33.876],[76.033,33.92],[76.049,33.935],[76.025,33.981],[75.98,33.972],[75.966,33.954],[75.89,33.969],[75.833,33.957],[75.82,33.97],[75.844,34.004],[75.817,34.007],[75.766,34.055],[75.738,34.057],[75.74,34.074],[75.669,34.145],[75.687,34.197],[75.646,34.211],[75.599,34.195],[75.58,34.214],[75.497,34.233],[75.474,34.281],[75.395,34.293],[75.372,34.413],[75.329,34.437],[75.353,34.467],[75.342,34.487],[75.363,34.538],[75.346,34.561],[75.254,34.603],[75.245,34.635],[75.208,34.639],[75.257,34.687],[75.262,34.718],[75.245,34.79],[75.22,34.811],[75.146,34.834],[75.145,34.865],[75.076,34.904],[75.071,34.828],[75.014,34.838],[74.958,34.79],[74.91,34.777],[74.901,34.807],[74.796,34.844],[74.741,34.83],[74.728,34.857],[74.705,34.855],[74.665,34.902],[74.605,34.915],[74.576,34.899],[74.572,34.966],[74.587,35.01],[74.535,35.031],[74.542,35.067],[74.498,35.107],[74.44,35.118],[74.38,35.058],[74.308,35.06],[74.269,35.035],[74.222,35.086],[74.163,35.086],[74.11,35.13]]]}},{"type":"Feature","properties":{"admin_code":"IN-LD","name":"Lakshadweep","name_local":"लक्षद्वीप"},"geometry":{"type":"MultiPolygon","coordinates":[[[[72.291,10.053],[72.289,10.046],[72.283,10.042],[72.291,10.053]]],[[[72.338,10.106],[72.335,10.101],[72.337,10.108],[72.338,10.106]]],[[[72.328,10.139],[72.333,10.129],[72.327,10.13],[72.328,10.139]]],[[[72.169,10.814],[72.165,10.813],[72.169,10.815],[72.169,10.814]]],[[[72.195,10.871],[72.206,10.879],[72.18,10.829],[72.17,10.818],[72.195,10.871]]],[[[72.285,10.936],[72.287,10.947],[72.294,10.946],[72.285,10.936]]],[[[72.332,10.951],[72.33,10.952],[72.333,10.953],[72.332,10.951]]],[[[72.335,10.955],[72.334,10.953],[72.333,10.955],[72.335,10.955]]],[[[72.334,10.957],[72.334,10.959],[72.335,10.957],[72.334,10.957]]],[[[72.186,11.599],[72.185,11.602],[72.189,11.601],[72.186,11.599]]],[[[73.048,8.275],[73.078,8.324],[73.049,8.266],[73.018,8.276],[73.048,8.275]]],[[[73.628,10.074],[73.628,10.073],[73.626,10.073],[73.628,10.074]]],[[[73.651,10.102],[73.641,10.057],[73.644,10.076],[73.651,10.102]]],[[[73.664,10.14],[73.66,10.129],[73.662,10.141],[73.659,10.154],[73.664,10.14]]],[[[72.636,10.557],[72.617,10.542],[72.641,10.579],[72.65,10.564],[72.636,10.557]]],[[[73.661,10.816],[73.702,10.814],[73.677,10.804],[73.661,10.816]]],[[[72.73,11.124],[72.72,11.114],[72.719,11.129],[72.73,11.124]]],[[[72.79,11.26],[72.762,11.183],[72.78,11.243],[72.79,11.26]]],[[[73.012,11.473],[73.007,11.47],[72.998,11.497],[73.012,11.473]]],[[[72.71,11.683],[72.706,11.683],[72.717,11.704],[72.71,11.683]]]]}},{"type":"Feature","properties":{"admin_code":"IN-MH","name":"Maharashtra","name_local":"महाराष्ट्र"},"geometry":{"type":"MultiPolygon","coordinates":[[[[80.248,18.706],[80.213,18.706],[80.197,18.681],[80.158,18.701],[80.118,18.681],[80.053,18.725],[80.019,18.77],[79.964,18.774],[79.921,18.811],[79.916,18.83],[79.962,18.867],[79.94,19.033],[79.928,19.049],[79.871,19.041],[79.858,19.102],[79.946,19.17],[79.925,19.226],[79.966,19.303],[79.959,19.336],[79.978,19.4],[79.945,19.47],[79.865,19.511],[79.779,19.6],[79.743,19.609],[79.709,19.584],[79.629,19.574],[79.596,19.507],[79.553,19.524],[79.54,19.555],[79.519,19.543],[79.519,19.52],[79.471,19.5],[79.366,19.576],[79.314,19.566],[79.307,19.597],[79.244,19.617],[79.253,19.593],[79.24,19.535],[79.204,19.494],[79.224,19.469],[79.19,19.459],[79.098,19.532],[79.046,19.548],[78.998,19.54],[78.981,19.561],[78.94,19.552],[78.973,19.582],[78.956,19.6],[78.956,19.656],[78.904,19.67],[78.887,19.655],[78.852,19.658],[78.86,19.689],[78.841,19.762],[78.802,19.757],[78.782,19.778],[78.74,19.783],[78.719,19.767],[78.693,19.791],[78.552,19.824],[78.515,19.819],[78.49,19.793],[78.472,19.817],[78.423,19.818],[78.386,19.846],[78.381,19.88],[78.332,19.885],[78.333,19.912],[78.307,19.914],[78.286,19.848],[78.336,19.838],[78.334,19.815],[78.357,19.805],[78.365,19.781],[78.343,19.713],[78.312,19.691],[78.276,19.692],[78.263,19.665],[78.29,19.646],[78.306,19.607],[78.304,19.569],[78.274,19.554],[78.293,19.542],[78.304,19.456],[78.27,19.456],[78.195,19.407],[78.176,19.412],[78.188,19.395],[78.172,19.349],[78.194,19.315],[78.175,19.238],[78.145,19.229],[78.117,19.249],[78.089,19.239],[78.079,19.255],[78.056,19.237],[78.042,19.243],[78.043,19.271],[77.945,19.342],[77.863,19.304],[77.866,19.284],[77.908,19.268],[77.871,19.255],[77.848,19.19],[77.861,19.18],[77.834,19.134],[77.85,19.089],[77.81,19.105],[77.8,19.051],[77.765,19.063],[77.762,19.032],[77.772,18.979],[77.822,18.979],[77.819,18.946],[77.859,18.949],[77.843,18.909],[77.885,18.904],[77.903,18.867],[77.93,18.859],[77.949,18.83],[77.84,18.805],[77.787,18.683],[77.768,18.706],[77.754,18.701],[77.73,18.667],[77.75,18.589],[77.739,18.557],[77.656,18.531],[77.648,18.555],[77.596,18.549],[77.586,18.504],[77.605,18.496],[77.603,18.477],[77.576,18.487],[77.573,18.47],[77.549,18.469],[77.585,18.447],[77.528,18.442],[77.557,18.419],[77.522,18.346],[77.571,18.309],[77.551,18.292],[77.513,18.31],[77.512,18.282],[77.465,18.263],[77.448,18.27],[77.438,18.31],[77.366,18.307],[77.357,18.32],[77.4,18.347],[77.395,18.368],[77.414,18.393],[77.373,18.401],[77.366,18.452],[77.345,18.434],[77.32,18.458],[77.317,18.442],[77.242,18.413],[77.234,18.388],[77.246,18.371],[77.226,18.365],[77.219,18.326],[77.199,18.315],[77.213,18.28],[77.175,18.285],[77.152,18.217],[77.098,18.197],[77.112,18.156],[77.064,18.151],[77.033,18.182],[77.023,18.159],[77.001,18.161],[76.991,18.19],[76.952,18.188],[76.921,18.118],[76.966,18.098],[76.945,18.083],[76.952,18.04],[76.914,18.035],[76.906,18.01],[76.919,17.916],[76.901,17.917],[76.884,17.894],[76.84,17.899],[76.81,17.887],[76.807,17.871],[76.775,17.878],[76.768,17.901],[76.74,17.9],[76.739,17.857],[76.768,17.852],[76.79,17.826],[76.762,17.787],[76.714,17.781],[76.728,17.738],[76.7,17.727],[76.691,17.681],[76.664,17.688],[76.615,17.77],[76.582,17.706],[76.57,17.705],[76.573,17.761],[76.523,17.76],[76.524,17.715],[76.487,17.715],[76.49,17.66],[76.429,17.645],[76.42,17.604],[76.331,17.597],[76.341,17.542],[76.363,17.537],[76.367,17.519],[76.347,17.513],[76.346,17.493],[76.376,17.49],[76.331,17.47],[76.333,17.434],[76.372,17.436],[76.363,17.378],[76.409,17.371],[76.412,17.351],[76.383,17.315],[76.354,17.314],[76.345,17.354],[76.314,17.348],[76.318,17.332],[76.276,17.335],[76.272,17.361],[76.251,17.36],[76.243,17.379],[76.17,17.353],[76.176,17.301],[76.163,17.345],[76.119,17.371],[76.079,17.332],[76.061,17.355],[76.014,17.354],[75.931,17.323],[75.891,17.357],[75.884,17.418],[75.861,17.386],[75.851,17.411],[75.822,17.421],[75.814,17.373],[75.793,17.37],[75.734,17.42],[75.691,17.409],[75.676,17.456],[75.633,17.477],[75.607,17.42],[75.614,17.392],[75.574,17.383],[75.581,17.351],[75.61,17.345],[75.604,17.306],[75.658,17.263],[75.662,17.215],[75.625,17.174],[75.65,17.116],[75.672,17.116],[75.677,17.065],[75.641,17.038],[75.67,17.038],[75.67,16.962],[75.645,16.954],[75.634,16.97],[75.608,16.971],[75.607,17.005],[75.573,17.01],[75.568,16.966],[75.529,16.969],[75.489,16.944],[75.466,16.988],[75.428,16.967],[75.392,16.98],[75.35,16.958],[75.28,16.957],[75.282,16.88],[75.265,16.863],[75.238,16.868],[75.214,16.842],[75.182,16.843],[75.189,16.875],[75.137,16.874],[75.118,16.913],[75.096,16.914],[75.089,16.952],[75.025,16.928],[75.027,16.944],[74.993,16.952],[74.964,16.948],[74.965,16.927],[74.932,16.945],[74.922,16.93],[74.964,16.91],[74.96,16.881],[74.902,16.863],[74.92,16.772],[74.85,16.773],[74.772,16.751],[74.732,16.718],[74.691,16.716],[74.69,16.677],[74.654,16.639],[74.687,16.607],[74.64,16.61],[74.629,16.578],[74.569,16.554],[74.555,16.565],[74.567,16.585],[74.544,16.595],[74.545,16.635],[74.489,16.63],[74.469,16.664],[74.455,16.647],[74.467,16.607],[74.397,16.583],[74.38,16.529],[74.358,16.538],[74.356,16.56],[74.316,16.554],[74.306,16.504],[74.302,16.529],[74.283,16.525],[74.271,16.548],[74.278,16.504],[74.247,16.497],[74.261,16.48],[74.291,16.505],[74.289,16.463],[74.333,16.455],[74.335,16.401],[74.364,16.405],[74.353,16.366],[74.336,16.394],[74.317,16.381],[74.327,16.343],[74.317,16.327],[74.343,16.298],[74.321,16.284],[74.325,16.272],[74.351,16.275],[74.343,16.29],[74.355,16.293],[74.373,16.262],[74.414,16.283],[74.418,16.258],[74.469,16.24],[74.481,16.25],[74.508,16.203],[74.48,16.147],[74.491,16.104],[74.482,16.089],[74.428,16.112],[74.372,16.078],[74.361,16.054],[74.377,16.055],[74.369,16.039],[74.381,16.036],[74.43,16.059],[74.463,16.043],[74.431,15.957],[74.387,15.905],[74.406,15.855],[74.388,15.854],[74.369,15.894],[74.338,15.855],[74.383,15.849],[74.36,15.817],[74.372,15.797],[74.358,15.775],[74.323,15.773],[74.296,15.744],[74.268,15.755],[74.245,15.743],[74.228,15.756],[74.234,15.787],[74.209,15.781],[74.202,15.759],[74.162,15.751],[74.122,15.721],[74.126,15.681],[74.088,15.673],[74.113,15.646],[74.031,15.623],[74.021,15.606],[73.968,15.63],[73.964,15.691],[73.944,15.698],[73.952,15.716],[73.939,15.743],[73.875,15.751],[73.88,15.774],[73.856,15.801],[73.825,15.742],[73.785,15.725],[73.743,15.736],[73.728,15.72],[73.694,15.723],[73.653,15.744],[73.666,15.755],[73.629,15.848],[73.589,15.91],[73.51,15.937],[73.483,16.036],[73.457,16.054],[73.457,16.129],[73.412,16.273],[73.434,16.284],[73.443,16.293],[73.448,16.304],[73.449,16.309],[73.41,16.274],[73.385,16.337],[73.389,16.361],[73.398,16.354],[73.439,16.372],[73.373,16.36],[73.367,16.379],[73.401,16.389],[73.408,16.407],[73.482,16.409],[73.49,16.412],[73.492,16.418],[73.465,16.416],[73.474,16.428],[73.474,16.439],[73.463,16.416],[73.416,16.42],[73.366,16.397],[73.356,16.442],[73.367,16.436],[73.386,16.449],[73.352,16.444],[73.316,16.513],[73.311,16.541],[73.334,16.559],[73.317,16.602],[73.352,16.623],[73.33,16.62],[73.341,16.638],[73.323,16.636],[73.329,16.685],[73.341,16.68],[73.345,16.691],[73.319,16.696],[73.305,16.73],[73.319,16.806],[73.296,16.816],[73.288,16.857],[73.3,16.86],[73.286,16.88],[73.303,16.891],[73.277,16.892],[73.296,16.984],[73.272,16.987],[73.283,17.013],[73.256,17.027],[73.258,17.048],[73.277,17.036],[73.288,17.053],[73.29,17.115],[73.285,17.101],[73.267,17.112],[73.264,17.155],[73.268,17.151],[73.272,17.152],[73.275,17.153],[73.277,17.157],[73.231,17.198],[73.248,17.195],[73.255,17.202],[73.244,17.198],[73.224,17.266],[73.207,17.282],[73.205,17.27],[73.19,17.299],[73.223,17.302],[73.227,17.282],[73.249,17.281],[73.244,17.322],[73.219,17.329],[73.231,17.335],[73.207,17.386],[73.184,17.385],[73.168,17.404],[73.212,17.438],[73.187,17.442],[73.185,17.51],[73.138,17.556],[73.177,17.583],[73.138,17.611],[73.127,17.638],[73.145,17.639],[73.115,17.684],[73.145,17.722],[73.134,17.718],[73.113,17.789],[73.089,17.808],[73.094,17.841],[73.053,17.905],[73.056,17.932],[73.03,17.944],[73.04,17.978],[73.003,18.021],[73.019,18.03],[72.99,18.056],[72.999,18.075],[72.971,18.132],[72.99,18.157],[72.984,18.195],[72.932,18.219],[72.936,18.281],[72.964,18.28],[72.969,18.243],[73.017,18.245],[73.068,18.212],[73.051,18.182],[73.072,18.15],[73.106,18.141],[73.077,18.189],[73.092,18.219],[73.062,18.252],[73.073,18.263],[73.05,18.297],[73.082,18.293],[73.095,18.272],[73.103,18.265],[73.083,18.312],[73.113,18.33],[73.088,18.336],[73.071,18.308],[73.045,18.313],[73.037,18.293],[73.053,18.27],[73.029,18.264],[73.016,18.285],[72.993,18.274],[72.953,18.335],[72.912,18.362],[72.926,18.387],[72.906,18.403],[72.896,18.472],[72.911,18.508],[72.906,18.54],[72.934,18.54],[72.866,18.652],[72.856,18.699],[72.868,18.8],[72.804,18.903],[72.826,18.92],[72.823,18.941],[72.808,18.955],[72.793,18.94],[72.815,18.983],[72.815,19.026],[72.832,19.023],[72.838,19.049],[72.817,19.043],[72.823,19.111],[72.801,19.142],[72.787,19.13],[72.782,19.158],[72.797,19.195],[72.782,19.193],[72.78,19.277],[72.8,19.33],[72.758,19.376],[72.77,19.395],[72.77,19.406],[72.774,19.41],[72.775,19.413],[72.771,19.418],[72.762,19.397],[72.744,19.462],[72.773,19.488],[72.768,19.508],[72.719,19.54],[72.716,19.592],[72.789,19.597],[72.772,19.608],[72.773,19.636],[72.759,19.608],[72.729,19.602],[72.726,19.629],[72.754,19.627],[72.742,19.651],[72.735,19.63],[72.716,19.646],[72.707,19.68],[72.714,19.695],[72.695,19.727],[72.704,19.736],[72.685,19.758],[72.691,19.796],[72.68,19.824],[72.655,19.836],[72.684,19.868],[72.699,19.856],[72.703,19.877],[72.695,19.865],[72.688,19.875],[72.681,19.866],[72.686,19.91],[72.678,19.901],[72.664,19.934],[72.69,19.959],[72.704,19.958],[72.705,19.967],[72.721,19.968],[72.711,19.96],[72.726,19.954],[72.734,19.91],[72.743,19.902],[72.751,19.916],[72.757,19.882],[72.775,19.901],[72.762,19.936],[72.771,19.954],[72.747,19.952],[72.777,19.961],[72.766,19.982],[72.742,19.969],[72.74,19.989],[72.732,19.972],[72.727,19.989],[72.716,19.973],[72.708,20.071],[72.735,20.092],[72.737,20.135],[72.794,20.123],[72.789,20.149],[72.824,20.142],[72.816,20.184],[72.837,20.188],[72.839,20.209],[72.861,20.207],[72.859,20.225],[72.963,20.21],[72.963,20.182],[72.978,20.179],[72.961,20.131],[72.977,20.113],[72.998,20.143],[73.011,20.135],[73.001,20.112],[73.04,20.067],[73.053,20.064],[73.064,20.099],[73.112,20.074],[73.137,20.086],[73.179,20.047],[73.192,20.049],[73.189,20.077],[73.213,20.091],[73.218,20.136],[73.229,20.122],[73.255,20.127],[73.278,20.149],[73.283,20.198],[73.299,20.209],[73.343,20.199],[73.357,20.213],[73.365,20.195],[73.384,20.211],[73.389,20.193],[73.417,20.198],[73.419,20.33],[73.407,20.383],[73.385,20.371],[73.38,20.393],[73.42,20.413],[73.47,20.52],[73.494,20.538],[73.475,20.544],[73.473,20.585],[73.431,20.594],[73.42,20.627],[73.392,20.646],[73.434,20.668],[73.45,20.718],[73.475,20.72],[73.489,20.656],[73.521,20.679],[73.551,20.648],[73.6,20.637],[73.652,20.564],[73.695,20.578],[73.745,20.565],[73.776,20.601],[73.838,20.621],[73.839,20.659],[73.812,20.692],[73.855,20.692],[73.874,20.73],[73.917,20.725],[73.942,20.742],[73.932,20.761],[73.941,20.84],[73.924,20.851],[73.917,20.908],[73.888,20.933],[73.892,20.956],[73.908,20.96],[73.901,20.982],[73.869,20.985],[73.8,21.039],[73.808,21.085],[73.78,21.064],[73.73,21.082],[73.744,21.115],[73.729,21.1],[73.703,21.118],[73.689,21.101],[73.618,21.118],[73.617,21.143],[73.578,21.15],[73.577,21.171],[73.607,21.179],[73.608,21.159],[73.634,21.141],[73.668,21.155],[73.719,21.14],[73.733,21.142],[73.74,21.171],[73.772,21.165],[73.785,21.184],[73.816,21.174],[73.823,21.271],[73.879,21.266],[73.942,21.299],[73.939,21.405],[73.959,21.395],[74.003,21.421],[74.045,21.419],[74.063,21.475],[74.101,21.448],[74.125,21.467],[74.209,21.462],[74.214,21.482],[74.253,21.468],[74.321,21.498],[74.332,21.544],[74.295,21.569],[74.263,21.54],[74.236,21.539],[74.229,21.554],[74.195,21.532],[74.176,21.569],[74.158,21.569],[74.137,21.546],[74.005,21.553],[73.998,21.539],[73.974,21.543],[73.982,21.522],[73.957,21.541],[73.952,21.513],[73.905,21.525],[73.853,21.497],[73.814,21.601],[73.781,21.629],[73.874,21.647],[73.894,21.676],[73.883,21.712],[73.824,21.761],[73.838,21.79],[73.826,21.811],[73.796,21.824],[73.826,21.843],[73.871,21.841],[74.128,21.95],[74.155,21.951],[74.193,21.926],[74.281,21.933],[74.301,21.967],[74.344,21.975],[74.376,22.0],[74.398,22.023],[74.387,22.034],[74.444,22.023],[74.452,22.005],[74.432,21.999],[74.439,21.977],[74.489,21.956],[74.524,21.911],[74.498,21.79],[74.514,21.766],[74.505,21.726],[74.547,21.719],[74.554,21.681],[74.581,21.683],[74.582,21.665],[74.783,21.611],[74.829,21.61],[74.863,21.634],[74.902,21.629],[75.02,21.569],[75.052,21.566],[75.108,21.462],[75.13,21.447],[75.217,21.409],[75.295,21.414],[75.3,21.385],[75.357,21.401],[75.382,21.379],[75.52,21.387],[75.544,21.368],[75.607,21.392],[75.623,21.375],[75.67,21.375],[75.729,21.389],[75.833,21.377],[75.89,21.395],[75.911,21.382],[75.963,21.39],[76.048,21.349],[76.096,21.371],[76.128,21.287],[76.159,21.255],[76.141,21.228],[76.165,21.221],[76.176,21.184],[76.172,21.166],[76.129,21.176],[76.112,21.155],[76.135,21.121],[76.17,21.104],[76.167,21.079],[76.259,21.09],[76.279,21.07],[76.376,21.073],[76.412,21.088],[76.41,21.102],[76.456,21.108],[76.492,21.194],[76.53,21.182],[76.567,21.199],[76.623,21.185],[76.642,21.237],[76.661,21.241],[76.663,21.276],[76.621,21.332],[76.74,21.411],[76.744,21.44],[76.786,21.465],[76.796,21.489],[76.763,21.521],[76.789,21.536],[76.781,21.565],[76.795,21.594],[76.833,21.589],[76.854,21.613],[76.902,21.597],[77.073,21.719],[77.165,21.711],[77.176,21.726],[77.21,21.69],[77.227,21.717],[77.287,21.722],[77.29,21.76],[77.404,21.752],[77.479,21.77],[77.479,21.754],[77.544,21.704],[77.576,21.621],[77.577,21.555],[77.595,21.559],[77.612,21.539],[77.575,21.526],[77.455,21.554],[77.426,21.538],[77.442,21.471],[77.473,21.455],[77.489,21.374],[77.514,21.376],[77.532,21.419],[77.562,21.396],[77.563,21.369],[77.605,21.362],[77.613,21.392],[77.654,21.391],[77.67,21.369],[77.692,21.398],[77.71,21.357],[77.737,21.362],[77.75,21.383],[77.797,21.389],[77.801,21.41],[77.883,21.376],[77.941,21.386],[78.176,21.499],[78.182,21.557],[78.274,21.569],[78.266,21.592],[78.303,21.584],[78.306,21.569],[78.343,21.589],[78.363,21.575],[78.382,21.592],[78.373,21.613],[78.427,21.599],[78.424,21.544],[78.436,21.501],[78.451,21.497],[78.512,21.529],[78.57,21.514],[78.585,21.487],[78.688,21.482],[78.728,21.462],[78.751,21.493],[78.776,21.464],[78.8,21.49],[78.891,21.485],[78.899,21.5],[78.937,21.486],[78.944,21.516],[78.907,21.553],[78.932,21.562],[78.914,21.571],[78.914,21.589],[78.998,21.619],[79.012,21.599],[79.094,21.598],[79.112,21.624],[79.168,21.637],[79.155,21.66],[79.224,21.649],[79.231,21.722],[79.352,21.678],[79.392,21.674],[79.422,21.692],[79.496,21.674],[79.517,21.625],[79.504,21.615],[79.512,21.584],[79.543,21.568],[79.541,21.543],[79.652,21.556],[79.661,21.577],[79.738,21.604],[79.792,21.587],[79.831,21.547],[79.891,21.518],[79.918,21.524],[79.936,21.556],[79.971,21.558],[79.998,21.533],[80.033,21.556],[80.067,21.554],[80.12,21.61],[80.155,21.606],[80.204,21.636],[80.27,21.616],[80.298,21.575],[80.328,21.571],[80.331,21.548],[80.376,21.523],[80.422,21.44],[80.396,21.408],[80.412,21.377],[80.449,21.372],[80.458,21.403],[80.528,21.395],[80.6,21.327],[80.663,21.334],[80.682,21.313],[80.615,21.227],[80.464,21.175],[80.445,21.122],[80.458,21.114],[80.439,21.096],[80.453,21.039],[80.424,21.01],[80.444,20.994],[80.464,20.929],[80.546,20.935],[80.562,20.824],[80.552,20.764],[80.587,20.686],[80.52,20.656],[80.481,20.618],[80.521,20.581],[80.581,20.608],[80.632,20.598],[80.617,20.586],[80.627,20.564],[80.602,20.45],[80.614,20.435],[80.591,20.393],[80.626,20.336],[80.611,20.318],[80.55,20.309],[80.519,20.266],[80.481,20.275],[80.395,20.245],[80.422,20.206],[80.389,20.165],[80.402,20.147],[80.434,20.135],[80.46,20.151],[80.506,20.144],[80.552,20.118],[80.544,20.096],[80.557,20.072],[80.55,19.986],[80.53,19.939],[80.489,19.93],[80.452,19.957],[80.411,19.938],[80.414,19.907],[80.491,19.902],[80.506,19.871],[80.441,19.81],[80.402,19.817],[80.402,19.796],[80.464,19.796],[80.489,19.77],[80.485,19.802],[80.469,19.81],[80.481,19.828],[80.546,19.818],[80.553,19.765],[80.676,19.699],[80.665,19.612],[80.741,19.606],[80.77,19.587],[80.775,19.562],[80.836,19.566],[80.857,19.523],[80.895,19.52],[80.898,19.482],[80.875,19.445],[80.813,19.434],[80.812,19.407],[80.853,19.364],[80.757,19.29],[80.69,19.287],[80.68,19.33],[80.613,19.309],[80.573,19.402],[80.52,19.348],[80.483,19.338],[80.446,19.264],[80.394,19.245],[80.394,19.188],[80.333,19.145],[80.33,19.07],[80.297,19.049],[80.303,19.022],[80.273,18.993],[80.271,18.938],[80.327,18.88],[80.354,18.827],[80.276,18.766],[80.245,18.765],[80.271,18.724],[80.248,18.706]]],[[[72.731,19.46],[72.73,19.469],[72.737,19.466],[72.731,19.46]]],[[[72.962,20.332],[72.979,20.332],[72.972,20.297],[72.955,20.311],[72.962,20.332]]]]}},{"type":"Feature","properties":{"admin_code":"IN-ML","name":"Meghalaya","name_local":"मेघालय"},"geometry":{"type":"Polygon","coordinates":[[[92.345,25.051],[92.333,25.083],[92.297,25.072],[92.229,25.097],[92.209,25.112],[92.219,25.122],[92.188,25.136],[92.19,25.122],[92.176,25.123],[92.122,25.166],[92.062,25.188],[92.002,25.188],[91.983,25.172],[91.947,25.183],[91.747,25.172],[91.744,25.149],[91.705,25.157],[91.642,25.124],[91.601,25.147],[91.603,25.174],[91.477,25.135],[91.414,25.172],[91.338,25.174],[91.265,25.207],[91.135,25.193],[91.082,25.202],[90.869,25.16],[90.78,25.184],[90.737,25.154],[90.675,25.168],[90.655,25.193],[90.636,25.173],[90.51,25.168],[90.445,25.144],[90.332,25.192],[90.112,25.224],[89.972,25.301],[89.908,25.308],[89.875,25.287],[89.835,25.296],[89.816,25.389],[89.842,25.45],[89.872,25.477],[89.873,25.508],[89.886,25.508],[89.868,25.524],[89.878,25.55],[89.972,25.574],[89.983,25.591],[90.003,25.586],[90.02,25.608],[89.95,25.656],[89.895,25.745],[89.938,25.746],[89.959,25.78],[89.948,25.826],[90.004,25.839],[90.022,25.86],[90.006,25.879],[90.019,25.892],[90.042,25.888],[90.116,25.957],[90.151,25.967],[90.187,25.944],[90.203,25.961],[90.325,25.973],[90.372,26.011],[90.4,26.013],[90.425,25.989],[90.476,26.01],[90.535,25.95],[90.515,25.896],[90.588,25.958],[90.624,25.939],[90.606,25.917],[90.622,25.898],[90.632,25.92],[90.718,25.955],[90.748,25.957],[90.74,25.939],[90.754,25.93],[90.739,25.916],[90.76,25.922],[90.766,25.908],[90.809,25.953],[90.836,25.949],[90.835,25.937],[90.884,25.95],[90.917,25.914],[90.917,25.945],[90.947,25.948],[90.969,25.885],[91.03,25.886],[91.006,25.82],[91.048,25.849],[91.078,25.853],[91.049,25.829],[91.062,25.821],[91.147,25.851],[91.18,25.844],[91.196,25.861],[91.204,25.843],[91.178,25.777],[91.222,25.723],[91.274,25.751],[91.335,25.841],[91.422,25.855],[91.445,25.84],[91.53,25.871],[91.527,25.891],[91.513,25.866],[91.475,25.874],[91.537,25.931],[91.505,25.911],[91.518,25.96],[91.551,25.977],[91.58,26.033],[91.597,26.018],[91.631,26.022],[91.626,25.987],[91.641,25.964],[91.609,25.937],[91.671,25.904],[91.72,25.954],[91.731,26.059],[91.791,26.085],[91.825,26.12],[91.879,26.098],[91.867,26.042],[91.915,26.021],[91.919,25.998],[91.989,26.039],[92.133,26.044],[92.169,26.078],[92.269,26.068],[92.263,26.033],[92.181,25.985],[92.152,25.944],[92.155,25.911],[92.225,25.909],[92.177,25.873],[92.151,25.817],[92.163,25.741],[92.144,25.717],[92.156,25.672],[92.17,25.667],[92.225,25.716],[92.333,25.724],[92.384,25.755],[92.382,25.742],[92.407,25.745],[92.444,25.72],[92.441,25.692],[92.47,25.675],[92.506,25.616],[92.554,25.615],[92.557,25.571],[92.572,25.557],[92.595,25.552],[92.653,25.591],[92.661,25.572],[92.643,25.535],[92.574,25.491],[92.565,25.466],[92.599,25.468],[92.607,25.413],[92.628,25.422],[92.626,25.435],[92.639,25.418],[92.654,25.434],[92.662,25.406],[92.673,25.414],[92.718,25.373],[92.738,25.379],[92.75,25.344],[92.782,25.333],[92.787,25.314],[92.792,25.283],[92.762,25.247],[92.803,25.217],[92.663,25.177],[92.621,25.115],[92.522,25.139],[92.539,25.099],[92.481,25.109],[92.457,25.054],[92.464,25.038],[92.442,25.045],[92.425,25.03],[92.345,25.051]]]}},{"type":"Feature","properties":{"admin_code":"IN-MN","name":"Manipur","name_local":"मणिपुर"},"geometry":{"type":"Polygon","coordinates":[[[93.467,25.312],[93.472,25.304],[93.472,25.271],[93.506,25.269],[93.501,25.242],[93.556,25.246],[93.588,25.201],[93.605,25.199],[93.687,25.36],[93.709,25.357],[93.805,25.463],[93.8,25.497],[93.761,25.496],[93.765,25.538],[93.889,25.565],[93.96,25.551],[94.007,25.567],[94.013,25.593],[94.067,25.552],[94.085,25.555],[94.085,25.53],[94.108,25.522],[94.14,25.519],[94.156,25.551],[94.178,25.551],[94.192,25.549],[94.187,25.524],[94.219,25.492],[94.322,25.503],[94.417,25.537],[94.425,25.587],[94.469,25.614],[94.505,25.614],[94.564,25.687],[94.596,25.683],[94.572,25.641],[94.589,25.64],[94.593,25.636],[94.551,25.58],[94.567,25.548],[94.554,25.503],[94.675,25.446],[94.66,25.406],[94.635,25.395],[94.634,25.356],[94.585,25.267],[94.576,25.214],[94.606,25.181],[94.736,25.135],[94.744,25.037],[94.696,24.968],[94.71,24.929],[94.632,24.84],[94.618,24.781],[94.629,24.758],[94.605,24.716],[94.585,24.705],[94.576,24.725],[94.571,24.706],[94.545,24.71],[94.526,24.626],[94.455,24.566],[94.426,24.482],[94.398,24.482],[94.408,24.44],[94.395,24.409],[94.361,24.394],[94.378,24.38],[94.35,24.335],[94.322,24.329],[94.322,24.276],[94.292,24.233],[94.276,24.173],[94.26,24.165],[94.255,24.082],[94.239,24.053],[94.228,24.057],[94.237,24.035],[94.188,23.96],[94.19,23.934],[94.17,23.928],[94.144,23.836],[94.117,23.838],[94.096,23.889],[94.049,23.887],[94.017,23.927],[93.975,23.925],[93.944,23.946],[93.893,23.953],[93.808,23.927],[93.754,24.006],[93.624,24.011],[93.592,23.961],[93.56,23.982],[93.55,23.96],[93.506,23.942],[93.463,23.974],[93.417,24.072],[93.349,24.105],[93.354,24.091],[93.328,24.081],[93.332,24.054],[93.286,24.053],[93.253,24.021],[93.263,24.058],[93.25,24.08],[93.22,24.083],[93.21,24.048],[93.167,24.051],[93.166,24.074],[93.14,24.088],[93.099,24.043],[93.078,24.102],[93.047,24.09],[92.973,24.113],[93.006,24.162],[92.999,24.196],[93.015,24.2],[93.024,24.234],[93.004,24.258],[93.007,24.283],[93.04,24.341],[93.018,24.35],[93.025,24.391],[93.009,24.412],[93.043,24.417],[93.033,24.429],[93.046,24.474],[93.032,24.495],[93.05,24.544],[93.071,24.558],[93.058,24.574],[93.104,24.582],[93.071,24.601],[93.104,24.674],[93.073,24.708],[93.108,24.742],[93.109,24.812],[93.138,24.81],[93.149,24.787],[93.197,24.811],[93.195,24.854],[93.226,24.873],[93.235,24.912],[93.249,24.915],[93.237,24.937],[93.263,24.961],[93.244,25.018],[93.264,25.049],[93.3,25.046],[93.341,25.114],[93.346,25.17],[93.381,25.24],[93.47,25.305],[93.453,25.322],[93.467,25.312]]]}},{"type":"Feature","properties":{"admin_code":"IN-MP","name":"Madhya Pradesh","name_local":"मध्य प्रदेश"},"geometry":{"type":"Polygon","coordinates":[[[80.6,21.327],[80.528,21.395],[80.458,21.403],[80.449,21.372],[80.412,21.377],[80.396,21.408],[80.422,21.44],[80.376,21.523],[80.331,21.548],[80.328,21.571],[80.298,21.575],[80.253,21.625],[80.193,21.635],[80.155,21.606],[80.12,21.61],[80.067,21.554],[80.033,21.556],[79.998,21.533],[79.971,21.558],[79.936,21.556],[79.918,21.524],[79.891,21.518],[79.831,21.547],[79.792,21.587],[79.738,21.604],[79.661,21.577],[79.652,21.556],[79.541,21.543],[79.543,21.568],[79.512,21.584],[79.504,21.615],[79.517,21.625],[79.496,21.674],[79.422,21.692],[79.392,21.674],[79.352,21.678],[79.231,21.722],[79.224,21.649],[79.155,21.66],[79.168,21.637],[79.112,21.624],[79.094,21.598],[79.012,21.599],[78.998,21.619],[78.914,21.589],[78.914,21.571],[78.932,21.562],[78.907,21.553],[78.944,21.516],[78.937,21.486],[78.899,21.5],[78.891,21.485],[78.8,21.49],[78.776,21.464],[78.751,21.493],[78.728,21.462],[78.688,21.482],[78.585,21.487],[78.57,21.514],[78.512,21.529],[78.451,21.497],[78.436,21.501],[78.424,21.544],[78.427,21.599],[78.387,21.615],[78.373,21.613],[78.382,21.592],[78.363,21.575],[78.343,21.589],[78.306,21.569],[78.303,21.584],[78.266,21.592],[78.274,21.569],[78.182,21.557],[78.176,21.499],[77.941,21.386],[77.883,21.376],[77.801,21.41],[77.797,21.389],[77.75,21.383],[77.737,21.362],[77.71,21.357],[77.692,21.398],[77.67,21.369],[77.654,21.391],[77.606,21.391],[77.608,21.365],[77.587,21.363],[77.563,21.369],[77.562,21.396],[77.532,21.419],[77.514,21.376],[77.489,21.374],[77.473,21.455],[77.442,21.471],[77.426,21.538],[77.455,21.554],[77.575,21.526],[77.612,21.539],[77.595,21.559],[77.577,21.555],[77.576,21.621],[77.544,21.704],[77.479,21.754],[77.479,21.77],[77.404,21.752],[77.29,21.76],[77.287,21.722],[77.227,21.717],[77.21,21.69],[77.176,21.726],[77.165,21.711],[77.073,21.719],[76.902,21.597],[76.854,21.613],[76.833,21.589],[76.795,21.594],[76.781,21.565],[76.789,21.536],[76.763,21.521],[76.796,21.489],[76.786,21.465],[76.744,21.44],[76.74,21.411],[76.621,21.332],[76.663,21.276],[76.661,21.241],[76.642,21.237],[76.623,21.185],[76.567,21.199],[76.53,21.182],[76.492,21.194],[76.456,21.108],[76.41,21.102],[76.412,21.088],[76.376,21.073],[76.279,21.07],[76.259,21.09],[76.167,21.079],[76.17,21.104],[76.135,21.121],[76.112,21.155],[76.129,21.176],[76.172,21.166],[76.176,21.184],[76.165,21.221],[76.141,21.228],[76.159,21.255],[76.128,21.287],[76.096,21.371],[76.048,21.349],[75.963,21.39],[75.911,21.382],[75.89,21.395],[75.833,21.377],[75.729,21.389],[75.67,21.375],[75.623,21.375],[75.607,21.392],[75.544,21.368],[75.52,21.387],[75.382,21.379],[75.357,21.401],[75.3,21.385],[75.295,21.414],[75.217,21.409],[75.13,21.447],[75.108,21.462],[75.052,21.566],[75.02,21.569],[74.902,21.629],[74.863,21.634],[74.829,21.61],[74.783,21.611],[74.554,21.681],[74.547,21.719],[74.505,21.726],[74.514,21.766],[74.498,21.79],[74.524,21.911],[74.489,21.956],[74.439,21.977],[74.432,21.999],[74.452,22.005],[74.444,22.023],[74.387,22.034],[74.398,22.023],[74.376,22.0],[74.344,21.975],[74.301,21.967],[74.286,21.935],[74.205,21.926],[74.144,21.953],[74.148,21.988],[74.098,21.998],[74.095,22.019],[74.14,22.041],[74.131,22.048],[74.179,22.085],[74.153,22.106],[74.125,22.098],[74.134,22.161],[74.121,22.168],[74.122,22.212],[74.072,22.219],[74.087,22.243],[74.052,22.294],[74.072,22.337],[74.065,22.354],[74.105,22.372],[74.128,22.333],[74.19,22.32],[74.204,22.366],[74.224,22.356],[74.224,22.38],[74.243,22.376],[74.257,22.399],[74.291,22.394],[74.256,22.429],[74.248,22.415],[74.244,22.434],[74.202,22.434],[74.191,22.476],[74.184,22.442],[74.16,22.431],[74.149,22.456],[74.119,22.419],[74.099,22.442],[74.104,22.465],[74.076,22.464],[74.083,22.507],[74.053,22.509],[74.041,22.487],[74.03,22.508],[74.057,22.55],[74.151,22.521],[74.189,22.554],[74.183,22.567],[74.21,22.565],[74.264,22.644],[74.379,22.635],[74.434,22.808],[74.465,22.816],[74.477,22.855],[74.447,22.921],[74.393,22.897],[74.34,22.953],[74.366,22.976],[74.319,23.059],[74.386,23.111],[74.432,23.105],[74.464,23.082],[74.506,23.085],[74.545,23.109],[74.539,23.129],[74.607,23.143],[74.671,23.2],[74.715,23.191],[74.742,23.208],[74.747,23.227],[74.692,23.219],[74.715,23.237],[74.7,23.268],[74.677,23.274],[74.639,23.255],[74.574,23.295],[74.547,23.277],[74.514,23.328],[74.54,23.335],[74.54,23.362],[74.569,23.376],[74.572,23.421],[74.599,23.429],[74.604,23.457],[74.652,23.462],[74.701,23.504],[74.727,23.495],[74.733,23.522],[74.762,23.521],[74.773,23.544],[74.794,23.551],[74.803,23.532],[74.847,23.552],[74.903,23.625],[74.937,23.629],[74.9,23.682],[74.922,23.695],[74.92,23.719],[74.936,23.73],[74.924,23.756],[74.94,23.765],[74.924,23.797],[74.904,23.794],[74.914,23.842],[74.902,23.873],[74.916,23.931],[74.959,23.972],[74.982,24.026],[74.939,24.054],[74.903,24.109],[74.88,24.174],[74.91,24.21],[74.897,24.227],[74.868,24.243],[74.775,24.239],[74.747,24.253],[74.781,24.289],[74.781,24.338],[74.855,24.424],[74.854,24.444],[74.814,24.437],[74.815,24.469],[74.777,24.46],[74.709,24.486],[74.756,24.535],[74.744,24.571],[74.787,24.586],[74.78,24.615],[74.814,24.65],[74.814,24.666],[74.772,24.661],[74.787,24.704],[74.779,24.731],[74.804,24.735],[74.8,24.779],[74.889,24.634],[74.894,24.644],[74.902,24.633],[74.943,24.638],[74.96,24.679],[75.002,24.686],[74.992,24.732],[75.016,24.732],[75.001,24.775],[74.915,24.769],[74.861,24.799],[74.849,24.776],[74.838,24.797],[74.861,24.805],[74.859,24.838],[74.826,24.901],[74.834,24.96],[74.859,24.963],[74.87,24.925],[74.881,24.937],[74.903,24.93],[74.917,24.886],[74.953,24.881],[74.959,24.858],[75.034,24.845],[75.077,24.881],[75.117,24.878],[75.114,24.967],[75.167,25.003],[75.152,25.021],[75.166,25.048],[75.198,25.033],[75.334,25.041],[75.351,25.02],[75.312,24.996],[75.337,24.955],[75.318,24.894],[75.313,24.885],[75.285,24.966],[75.261,24.963],[75.294,24.909],[75.267,24.899],[75.263,24.875],[75.309,24.856],[75.327,24.875],[75.374,24.868],[75.42,24.886],[75.426,24.869],[75.311,24.801],[75.278,24.84],[75.224,24.844],[75.252,24.813],[75.216,24.802],[75.184,24.748],[75.219,24.702],[75.228,24.718],[75.265,24.718],[75.455,24.681],[75.534,24.712],[75.583,24.713],[75.611,24.681],[75.646,24.685],[75.683,24.724],[75.757,24.762],[75.802,24.756],[75.836,24.728],[75.825,24.668],[75.848,24.663],[75.849,24.647],[75.825,24.613],[75.835,24.595],[75.849,24.611],[75.872,24.606],[75.879,24.583],[75.915,24.572],[75.904,24.548],[75.921,24.521],[75.888,24.508],[75.912,24.492],[75.909,24.455],[75.839,24.414],[75.81,24.434],[75.814,24.462],[75.789,24.472],[75.748,24.424],[75.755,24.406],[75.728,24.39],[75.74,24.332],[75.766,24.298],[75.811,24.296],[75.814,24.244],[75.83,24.233],[75.776,24.208],[75.751,24.143],[75.793,24.092],[75.835,24.092],[75.837,24.057],[75.783,24.043],[75.765,23.993],[75.742,23.993],[75.741,23.977],[75.718,23.967],[75.702,23.967],[75.671,24.018],[75.596,23.99],[75.521,24.025],[75.474,23.982],[75.462,23.914],[75.564,23.856],[75.579,23.835],[75.559,23.819],[75.589,23.81],[75.584,23.795],[75.654,23.798],[75.687,23.755],[75.702,23.786],[75.69,23.813],[75.722,23.812],[75.719,23.841],[75.737,23.856],[75.702,23.873],[75.706,23.899],[75.753,23.887],[75.766,23.851],[75.782,23.849],[75.794,23.867],[75.853,23.888],[75.886,23.879],[75.938,23.897],[75.981,23.929],[75.985,23.974],[75.963,24.019],[76.007,24.023],[76.042,24.066],[76.127,24.088],[76.117,24.194],[76.148,24.232],[76.137,24.271],[76.163,24.285],[76.185,24.329],[76.205,24.301],[76.195,24.273],[76.212,24.21],[76.24,24.219],[76.281,24.207],[76.287,24.23],[76.322,24.245],[76.358,24.24],[76.413,24.2],[76.416,24.221],[76.452,24.209],[76.471,24.226],[76.505,24.203],[76.528,24.157],[76.577,24.178],[76.564,24.191],[76.595,24.223],[76.585,24.244],[76.611,24.238],[76.616,24.258],[76.667,24.262],[76.695,24.284],[76.702,24.241],[76.676,24.191],[76.699,24.168],[76.756,24.169],[76.802,24.117],[76.855,24.136],[76.901,24.127],[76.916,24.188],[76.935,24.184],[76.947,24.201],[76.863,24.273],[76.841,24.323],[76.832,24.358],[76.852,24.371],[76.838,24.409],[76.853,24.467],[76.816,24.534],[76.863,24.55],[76.884,24.522],[76.902,24.546],[76.918,24.543],[76.918,24.481],[76.978,24.461],[77.029,24.496],[77.037,24.528],[77.055,24.526],[77.071,24.572],[77.065,24.644],[77.031,24.712],[76.999,24.718],[76.954,24.759],[76.907,24.731],[76.891,24.747],[76.856,24.742],[76.803,24.809],[76.8,24.825],[76.824,24.836],[76.898,24.839],[76.95,24.869],[76.912,24.888],[76.92,24.917],[76.89,24.919],[76.862,24.961],[76.857,25.002],[76.875,25.007],[76.876,25.042],[76.968,25.051],[77.0,25.075],[77.085,25.055],[77.123,25.067],[77.148,25.095],[77.167,25.085],[77.175,25.112],[77.27,25.116],[77.311,25.08],[77.393,25.119],[77.407,25.112],[77.391,25.123],[77.393,25.16],[77.4,25.184],[77.427,25.188],[77.412,25.224],[77.355,25.264],[77.381,25.292],[77.376,25.318],[77.342,25.322],[77.367,25.361],[77.351,25.385],[77.371,25.408],[77.314,25.431],[77.291,25.423],[77.234,25.379],[77.224,25.335],[77.234,25.334],[77.223,25.319],[77.206,25.327],[77.209,25.306],[77.084,25.337],[77.07,25.319],[77.046,25.319],[77.031,25.295],[76.974,25.3],[76.943,25.282],[76.923,25.285],[76.929,25.303],[76.899,25.324],[76.857,25.333],[76.778,25.315],[76.729,25.329],[76.7,25.352],[76.669,25.349],[76.64,25.384],[76.623,25.377],[76.599,25.392],[76.588,25.432],[76.556,25.453],[76.555,25.483],[76.516,25.528],[76.504,25.671],[76.479,25.684],[76.473,25.709],[76.522,25.728],[76.521,25.792],[76.582,25.87],[76.621,25.869],[76.642,25.908],[76.716,25.901],[76.758,25.923],[76.749,25.941],[76.791,25.943],[76.807,25.99],[76.885,26.048],[76.901,26.093],[76.999,26.13],[77.031,26.172],[77.098,26.184],[77.135,26.233],[77.204,26.23],[77.27,26.267],[77.343,26.352],[77.374,26.366],[77.444,26.362],[77.438,26.403],[77.538,26.411],[77.676,26.503],[77.726,26.502],[77.745,26.538],[77.824,26.55],[77.827,26.596],[77.895,26.615],[77.904,26.659],[77.954,26.659],[78.001,26.695],[78.09,26.674],[78.096,26.728],[78.124,26.747],[78.103,26.764],[78.116,26.797],[78.184,26.784],[78.173,26.825],[78.223,26.831],[78.268,26.813],[78.284,26.854],[78.361,26.869],[78.395,26.817],[78.434,26.826],[78.461,26.788],[78.521,26.781],[78.576,26.749],[78.608,26.75],[78.63,26.773],[78.673,26.764],[78.682,26.788],[78.727,26.796],[78.73,26.775],[78.752,26.787],[78.816,26.762],[78.872,26.698],[78.91,26.707],[78.956,26.692],[78.945,26.655],[78.98,26.676],[79.007,26.671],[78.994,26.641],[79.017,26.601],[78.989,26.596],[78.99,26.579],[79.008,26.544],[79.028,26.547],[79.04,26.515],[79.068,26.497],[79.053,26.454],[79.135,26.44],[79.126,26.411],[79.095,26.413],[79.084,26.362],[79.139,26.338],[79.116,26.321],[79.117,26.299],[79.102,26.307],[79.091,26.27],[79.077,26.281],[79.046,26.26],[79.07,26.246],[79.063,26.226],[79.035,26.225],[79.019,26.248],[78.992,26.239],[79.026,26.22],[79.027,26.191],[78.994,26.197],[78.983,26.184],[79.004,26.169],[79.005,26.148],[78.967,26.15],[78.949,26.129],[79.012,26.083],[78.948,26.028],[78.957,25.997],[78.933,25.979],[78.939,25.943],[78.885,25.914],[78.89,25.874],[78.852,25.857],[78.851,25.811],[78.818,25.829],[78.806,25.814],[78.828,25.814],[78.829,25.796],[78.808,25.801],[78.783,25.758],[78.753,25.751],[78.763,25.72],[78.8,25.705],[78.817,25.676],[78.812,25.621],[78.742,25.597],[78.717,25.605],[78.658,25.56],[78.624,25.567],[78.631,25.579],[78.618,25.584],[78.588,25.557],[78.493,25.579],[78.465,25.546],[78.444,25.563],[78.419,25.533],[78.431,25.474],[78.416,25.476],[78.378,25.437],[78.355,25.452],[78.341,25.4],[78.305,25.377],[78.301,25.36],[78.344,25.328],[78.312,25.303],[78.355,25.292],[78.35,25.277],[78.373,25.26],[78.36,25.242],[78.411,25.213],[78.391,25.201],[78.395,25.188],[78.458,25.165],[78.427,25.154],[78.448,25.126],[78.407,25.129],[78.383,25.102],[78.339,25.087],[78.347,25.022],[78.334,24.995],[78.169,24.863],[78.217,24.809],[78.236,24.772],[78.226,24.747],[78.277,24.663],[78.263,24.646],[78.278,24.615],[78.264,24.552],[78.229,24.538],[78.226,24.52],[78.246,24.51],[78.246,24.486],[78.275,24.474],[78.27,24.447],[78.366,24.386],[78.329,24.327],[78.388,24.263],[78.431,24.284],[78.494,24.381],[78.519,24.388],[78.53,24.368],[78.586,24.354],[78.604,24.314],[78.629,24.304],[78.626,24.281],[78.66,24.267],[78.669,24.24],[78.703,24.227],[78.734,24.252],[78.749,24.233],[78.762,24.259],[78.785,24.183],[78.806,24.178],[78.815,24.207],[78.826,24.195],[78.882,24.217],[78.885,24.25],[78.917,24.269],[78.91,24.298],[78.971,24.348],[78.994,24.423],[78.986,24.442],[78.947,24.437],[78.914,24.46],[78.921,24.5],[78.938,24.479],[78.972,24.494],[78.947,24.502],[78.953,24.547],[78.883,24.641],[78.784,24.589],[78.752,24.6],[78.744,24.654],[78.781,24.706],[78.77,24.788],[78.79,24.811],[78.77,24.859],[78.677,24.899],[78.663,24.938],[78.632,24.958],[78.653,25.051],[78.628,25.086],[78.602,25.095],[78.603,25.147],[78.57,25.224],[78.556,25.209],[78.578,25.253],[78.535,25.268],[78.532,25.284],[78.512,25.277],[78.503,25.29],[78.45,25.262],[78.435,25.284],[78.454,25.301],[78.473,25.285],[78.498,25.32],[78.51,25.295],[78.533,25.301],[78.553,25.32],[78.53,25.353],[78.585,25.347],[78.587,25.373],[78.562,25.378],[78.566,25.391],[78.591,25.386],[78.611,25.416],[78.635,25.401],[78.641,25.433],[78.658,25.441],[78.682,25.433],[78.689,25.446],[78.711,25.428],[78.675,25.4],[78.666,25.415],[78.66,25.384],[78.715,25.373],[78.709,25.351],[78.727,25.343],[78.775,25.353],[78.774,25.376],[78.757,25.385],[78.768,25.4],[78.748,25.392],[78.748,25.41],[78.821,25.423],[78.803,25.437],[78.762,25.427],[78.732,25.458],[78.738,25.495],[78.768,25.469],[78.792,25.483],[78.818,25.472],[78.809,25.453],[78.821,25.468],[78.841,25.462],[78.855,25.448],[78.821,25.439],[78.844,25.428],[78.866,25.466],[78.835,25.506],[78.884,25.516],[78.874,25.541],[78.895,25.555],[78.923,25.536],[78.933,25.555],[78.952,25.549],[78.92,25.515],[78.942,25.492],[78.927,25.492],[78.944,25.483],[78.936,25.462],[78.909,25.442],[78.938,25.422],[78.951,25.441],[78.967,25.434],[78.97,25.39],[78.989,25.374],[78.959,25.372],[78.939,25.347],[78.896,25.374],[78.938,25.375],[78.953,25.4],[78.88,25.386],[78.846,25.356],[78.841,25.345],[78.85,25.335],[78.846,25.327],[78.843,25.337],[78.819,25.307],[78.817,25.307],[78.829,25.303],[78.809,25.271],[78.85,25.229],[78.88,25.286],[78.863,25.314],[78.882,25.344],[78.912,25.333],[78.923,25.343],[78.928,25.324],[78.961,25.345],[78.957,25.302],[78.98,25.279],[78.956,25.283],[78.945,25.259],[78.917,25.274],[78.9,25.243],[78.881,25.254],[78.87,25.231],[78.891,25.214],[78.871,25.187],[78.882,25.157],[78.954,25.219],[79.006,25.195],[79.001,25.234],[78.975,25.24],[78.994,25.273],[79.013,25.274],[79.022,25.241],[79.064,25.222],[79.06,25.191],[79.052,25.208],[79.031,25.185],[79.031,25.138],[79.051,25.134],[79.091,25.191],[79.126,25.161],[79.124,25.111],[79.175,25.109],[79.187,25.126],[79.176,25.14],[79.192,25.146],[79.213,25.113],[79.245,25.114],[79.26,25.153],[79.26,25.125],[79.283,25.117],[79.323,25.15],[79.308,25.198],[79.285,25.191],[79.279,25.245],[79.329,25.221],[79.338,25.198],[79.352,25.212],[79.333,25.228],[79.344,25.227],[79.343,25.269],[79.317,25.256],[79.294,25.284],[79.283,25.262],[79.264,25.269],[79.271,25.31],[79.3,25.338],[79.352,25.33],[79.336,25.288],[79.358,25.284],[79.363,25.262],[79.369,25.292],[79.408,25.274],[79.409,25.256],[79.437,25.255],[79.467,25.283],[79.495,25.267],[79.462,25.265],[79.433,25.221],[79.449,25.215],[79.44,25.199],[79.412,25.2],[79.412,25.183],[79.39,25.17],[79.384,25.143],[79.405,25.106],[79.426,25.119],[79.44,25.101],[79.477,25.127],[79.465,25.088],[79.492,25.08],[79.525,25.097],[79.518,25.127],[79.569,25.172],[79.596,25.143],[79.606,25.152],[79.6,25.128],[79.623,25.141],[79.673,25.12],[79.683,25.135],[79.749,25.14],[79.862,25.096],[79.852,25.129],[79.882,25.142],[79.866,25.15],[79.856,25.194],[79.869,25.216],[79.851,25.236],[79.907,25.251],[79.918,25.227],[79.948,25.269],[80.005,25.267],[79.999,25.286],[80.022,25.298],[80.033,25.342],[80.073,25.337],[80.089,25.356],[80.131,25.334],[80.169,25.377],[80.195,25.378],[80.202,25.414],[80.221,25.397],[80.254,25.401],[80.264,25.424],[80.315,25.389],[80.311,25.286],[80.351,25.277],[80.384,25.237],[80.403,25.244],[80.432,25.178],[80.355,25.138],[80.376,25.116],[80.348,25.087],[80.355,25.056],[80.311,25.044],[80.285,25.054],[80.274,25.026],[80.331,24.992],[80.363,25.024],[80.379,25.004],[80.396,25.012],[80.374,25.056],[80.388,25.051],[80.401,25.07],[80.409,25.055],[80.416,25.073],[80.45,25.079],[80.475,25.038],[80.502,25.037],[80.496,25.029],[80.449,25.041],[80.433,25.024],[80.455,25.006],[80.437,25.001],[80.437,24.995],[80.462,25.002],[80.456,24.982],[80.479,24.974],[80.499,25.006],[80.55,25.002],[80.546,25.032],[80.501,25.042],[80.507,25.084],[80.48,25.096],[80.518,25.095],[80.522,25.076],[80.552,25.063],[80.568,25.087],[80.613,25.066],[80.592,25.09],[80.607,25.118],[80.595,25.127],[80.601,25.15],[80.638,25.117],[80.608,25.098],[80.659,25.084],[80.662,25.068],[80.685,25.077],[80.68,25.049],[80.717,25.069],[80.737,25.053],[80.776,25.055],[80.783,25.076],[80.725,25.091],[80.727,25.119],[80.704,25.128],[80.73,25.147],[80.742,25.124],[80.778,25.142],[80.786,25.129],[80.808,25.137],[80.83,25.1],[80.849,25.163],[80.838,25.181],[80.869,25.174],[80.885,25.188],[80.913,25.159],[80.868,25.116],[80.878,25.065],[80.832,25.033],[80.852,24.989],[80.792,24.965],[80.82,24.933],[80.812,24.923],[80.893,24.945],[80.907,24.935],[80.899,24.949],[80.947,24.966],[80.957,24.918],[80.974,24.934],[81.023,24.928],[81.016,24.951],[81.026,24.94],[81.034,24.953],[81.085,24.95],[81.096,24.921],[81.14,24.888],[81.168,24.955],[81.207,24.93],[81.193,24.925],[81.22,24.929],[81.209,24.993],[81.264,25.053],[81.267,25.085],[81.252,25.102],[81.278,25.166],[81.313,25.164],[81.321,25.113],[81.32,25.157],[81.335,25.169],[81.4,25.119],[81.438,25.131],[81.448,25.107],[81.407,25.105],[81.491,25.072],[81.518,25.101],[81.49,25.11],[81.48,25.132],[81.497,25.129],[81.5,25.149],[81.527,25.138],[81.537,25.161],[81.515,25.184],[81.57,25.192],[81.596,25.182],[81.588,25.166],[81.626,25.161],[81.623,25.141],[81.598,25.131],[81.608,25.096],[81.624,25.12],[81.641,25.099],[81.6,25.074],[81.612,25.056],[81.667,25.075],[81.69,25.039],[81.732,25.049],[81.793,25.004],[81.835,25.017],[81.891,24.989],[81.896,25.01],[81.907,25.006],[81.92,24.928],[81.903,24.892],[81.965,24.827],[82.017,24.846],[82.098,24.816],[82.116,24.784],[82.139,24.799],[82.167,24.785],[82.179,24.795],[82.167,24.801],[82.204,24.819],[82.184,24.796],[82.216,24.794],[82.218,24.777],[82.197,24.778],[82.203,24.758],[82.177,24.732],[82.214,24.734],[82.207,24.747],[82.229,24.745],[82.226,24.761],[82.246,24.744],[82.246,24.77],[82.251,24.77],[82.25,24.697],[82.23,24.682],[82.239,24.661],[82.249,24.671],[82.261,24.661],[82.269,24.683],[82.303,24.667],[82.298,24.605],[82.339,24.62],[82.364,24.598],[82.416,24.591],[82.406,24.681],[82.43,24.703],[82.453,24.689],[82.45,24.675],[82.524,24.676],[82.539,24.648],[82.671,24.697],[82.702,24.675],[82.707,24.636],[82.774,24.642],[82.779,24.614],[82.765,24.596],[82.803,24.598],[82.801,24.58],[82.743,24.547],[82.719,24.552],[82.731,24.535],[82.721,24.514],[82.744,24.496],[82.73,24.472],[82.74,24.43],[82.713,24.38],[82.725,24.368],[82.764,24.376],[82.773,24.344],[82.759,24.237],[82.735,24.217],[82.744,24.166],[82.728,24.136],[82.683,24.155],[82.664,24.128],[82.707,24.097],[82.714,24.075],[82.774,24.076],[82.751,24.013],[82.804,24.004],[82.81,23.963],[82.754,23.934],[82.752,23.92],[82.699,23.925],[82.662,23.908],[82.651,23.887],[82.668,23.872],[82.635,23.838],[82.533,23.822],[82.551,23.791],[82.523,23.784],[82.497,23.785],[82.466,23.812],[82.393,23.8],[82.261,23.821],[82.232,23.805],[82.206,23.827],[82.21,23.853],[82.171,23.818],[82.053,23.819],[82.038,23.827],[82.044,23.842],[82.008,23.862],[81.958,23.852],[81.92,23.871],[81.899,23.841],[81.815,23.806],[81.725,23.84],[81.732,23.857],[81.707,23.861],[81.707,23.882],[81.69,23.885],[81.669,23.925],[81.609,23.903],[81.604,23.882],[81.622,23.87],[81.603,23.854],[81.613,23.835],[81.636,23.835],[81.651,23.799],[81.645,23.77],[81.682,23.753],[81.696,23.721],[81.684,23.691],[81.656,23.682],[81.655,23.663],[81.615,23.663],[81.612,23.595],[81.577,23.585],[81.584,23.554],[81.61,23.555],[81.627,23.482],[81.644,23.482],[81.659,23.529],[81.7,23.522],[81.747,23.57],[81.758,23.55],[81.809,23.549],[81.821,23.515],[81.836,23.511],[81.923,23.533],[81.958,23.5],[81.955,23.467],[81.98,23.447],[81.985,23.415],[82.025,23.425],[82.022,23.387],[82.056,23.377],[82.064,23.393],[82.103,23.398],[82.117,23.355],[82.146,23.361],[82.194,23.324],[82.193,23.278],[82.145,23.227],[82.144,23.165],[82.16,23.162],[82.161,23.143],[82.126,23.104],[82.07,23.118],[82.035,23.08],[81.942,23.079],[81.921,23.041],[81.95,22.983],[81.946,22.957],[81.878,22.91],[81.866,22.916],[81.862,22.889],[81.776,22.874],[81.761,22.83],[81.794,22.766],[81.752,22.727],[81.769,22.664],[81.747,22.648],[81.729,22.676],[81.713,22.648],[81.683,22.647],[81.647,22.613],[81.66,22.569],[81.629,22.563],[81.622,22.538],[81.57,22.551],[81.57,22.532],[81.522,22.539],[81.485,22.488],[81.443,22.494],[81.447,22.47],[81.459,22.469],[81.447,22.466],[81.428,22.48],[81.429,22.457],[81.407,22.441],[81.39,22.452],[81.382,22.51],[81.327,22.526],[81.314,22.483],[81.281,22.503],[81.232,22.452],[81.2,22.463],[81.196,22.491],[81.173,22.488],[81.155,22.455],[81.111,22.438],[81.104,22.383],[81.121,22.343],[81.119,22.291],[81.08,22.239],[81.05,22.245],[81.019,22.221],[81.032,22.2],[81.017,22.186],[81.022,22.133],[80.978,22.123],[81.011,22.096],[81.005,22.062],[80.994,22.049],[80.97,22.057],[80.957,22.11],[80.922,22.12],[80.883,22.059],[80.857,21.965],[80.826,21.958],[80.848,21.931],[80.832,21.89],[80.853,21.873],[80.839,21.8],[80.82,21.748],[80.785,21.74],[80.756,21.762],[80.726,21.714],[80.734,21.695],[80.714,21.662],[80.731,21.617],[80.715,21.585],[80.729,21.573],[80.72,21.555],[80.741,21.539],[80.728,21.496],[80.737,21.471],[80.66,21.334],[80.6,21.327]],[[78.793,25.31],[78.799,25.289],[78.817,25.307],[78.793,25.31]],[[79.422,25.042],[79.426,25.059],[79.387,25.086],[79.381,25.122],[79.364,25.126],[79.374,25.143],[79.36,25.144],[79.351,25.117],[79.38,25.101],[79.38,25.065],[79.349,25.062],[79.356,25.04],[79.369,25.054],[79.395,25.032],[79.422,25.042]],[[79.373,25.18],[79.36,25.189],[79.354,25.176],[79.373,25.18]]]}},{"type":"Feature","properties":{"admin_code":"IN-MZ","name":"Mizoram","name_local":"मिज़ोरम"},"geometry":{"type":"Polygon","coordinates":[[[92.257,23.813],[92.282,23.815],[92.269,23.842],[92.285,23.867],[92.315,23.861],[92.325,23.914],[92.308,23.961],[92.326,23.998],[92.312,24.052],[92.332,24.18],[92.292,24.25],[92.422,24.255],[92.419,24.193],[92.436,24.153],[92.479,24.142],[92.484,24.163],[92.534,24.18],[92.551,24.247],[92.612,24.254],[92.625,24.334],[92.646,24.328],[92.661,24.348],[92.685,24.347],[92.763,24.521],[92.799,24.419],[92.83,24.4],[92.829,24.374],[92.861,24.399],[92.903,24.391],[92.909,24.413],[92.958,24.392],[93.009,24.412],[93.025,24.391],[93.018,24.35],[93.04,24.341],[93.004,24.258],[93.022,24.218],[92.999,24.196],[93.006,24.162],[92.973,24.113],[93.047,24.09],[93.078,24.102],[93.099,24.043],[93.14,24.088],[93.166,24.074],[93.167,24.051],[93.21,24.048],[93.22,24.083],[93.25,24.08],[93.263,24.058],[93.253,24.021],[93.286,24.053],[93.318,24.053],[93.338,24.04],[93.329,23.985],[93.351,23.942],[93.394,23.929],[93.385,23.848],[93.404,23.806],[93.392,23.757],[93.411,23.729],[93.407,23.707],[93.436,23.687],[93.416,23.647],[93.428,23.588],[93.41,23.564],[93.418,23.54],[93.395,23.504],[93.388,23.446],[93.401,23.384],[93.388,23.359],[93.355,23.353],[93.372,23.329],[93.362,23.28],[93.388,23.216],[93.368,23.144],[93.385,23.135],[93.355,23.117],[93.339,23.074],[93.351,23.071],[93.294,23.007],[93.229,23.012],[93.201,23.055],[93.155,23.043],[93.134,23.059],[93.12,23.002],[93.14,22.99],[93.138,22.951],[93.164,22.911],[93.131,22.907],[93.11,22.819],[93.094,22.806],[93.107,22.751],[93.095,22.672],[93.14,22.593],[93.106,22.527],[93.128,22.524],[93.139,22.454],[93.185,22.428],[93.202,22.264],[93.177,22.246],[93.142,22.246],[93.161,22.197],[93.151,22.176],[93.124,22.174],[93.111,22.204],[93.038,22.195],[93.049,22.169],[93.037,22.145],[93.059,22.101],[93.005,22.105],[93.003,21.983],[92.981,21.981],[92.951,22.03],[92.927,22.015],[92.935,22.006],[92.906,21.941],[92.891,22.011],[92.864,22.025],[92.863,22.063],[92.841,22.059],[92.81,22.096],[92.7,22.155],[92.69,22.072],[92.682,22.103],[92.68,22.012],[92.652,22.016],[92.635,21.984],[92.603,21.977],[92.612,21.991],[92.592,22.039],[92.602,22.061],[92.562,22.128],[92.578,22.144],[92.605,22.124],[92.609,22.165],[92.594,22.181],[92.581,22.322],[92.552,22.41],[92.551,22.513],[92.522,22.56],[92.538,22.576],[92.529,22.666],[92.512,22.733],[92.473,22.76],[92.45,22.893],[92.434,22.886],[92.419,22.919],[92.401,22.912],[92.396,22.93],[92.371,22.936],[92.392,23.057],[92.358,23.103],[92.368,23.127],[92.346,23.237],[92.403,23.241],[92.381,23.286],[92.386,23.307],[92.364,23.323],[92.378,23.362],[92.356,23.371],[92.357,23.411],[92.317,23.471],[92.308,23.578],[92.287,23.596],[92.296,23.622],[92.273,23.642],[92.29,23.702],[92.265,23.725],[92.257,23.813]]]}},{"type":"Feature","properties":{"admin_code":"IN-NL","name":"Nagaland","name_local":"नागालैंड"},"geometry":{"type":"Polygon","coordinates":[[[95.208,26.648],[95.149,26.616],[95.154,26.583],[95.139,26.556],[95.107,26.541],[95.114,26.518],[95.062,26.45],[95.084,26.447],[95.104,26.421],[95.1,26.394],[95.132,26.378],[95.127,26.254],[95.114,26.233],[95.143,26.212],[95.122,26.185],[95.118,26.101],[95.186,26.073],[95.126,25.986],[95.089,25.951],[95.031,25.931],[95.012,25.898],[95.009,25.867],[95.05,25.801],[95.049,25.76],[94.935,25.667],[94.915,25.607],[94.882,25.591],[94.898,25.566],[94.847,25.562],[94.808,25.494],[94.784,25.481],[94.752,25.494],[94.718,25.469],[94.683,25.466],[94.675,25.446],[94.616,25.462],[94.554,25.503],[94.567,25.548],[94.551,25.58],[94.593,25.636],[94.572,25.641],[94.596,25.683],[94.572,25.692],[94.505,25.614],[94.469,25.614],[94.425,25.587],[94.417,25.537],[94.322,25.503],[94.219,25.492],[94.187,25.524],[94.192,25.549],[94.178,25.551],[94.156,25.551],[94.14,25.519],[94.108,25.522],[94.085,25.53],[94.085,25.555],[94.067,25.552],[94.013,25.593],[94.007,25.567],[93.96,25.551],[93.834,25.561],[93.817,25.54],[93.765,25.538],[93.761,25.496],[93.8,25.497],[93.805,25.463],[93.709,25.357],[93.687,25.36],[93.605,25.199],[93.588,25.201],[93.556,25.246],[93.501,25.242],[93.506,25.269],[93.472,25.271],[93.472,25.304],[93.448,25.341],[93.474,25.38],[93.458,25.431],[93.39,25.46],[93.385,25.49],[93.327,25.547],[93.359,25.555],[93.427,25.633],[93.461,25.632],[93.496,25.655],[93.522,25.698],[93.541,25.699],[93.542,25.731],[93.568,25.759],[93.617,25.776],[93.646,25.822],[93.714,25.845],[93.681,25.904],[93.751,25.933],[93.765,25.97],[93.796,25.907],[93.777,25.85],[93.795,25.809],[93.84,25.857],[93.882,25.843],[93.916,25.884],[93.979,25.917],[93.953,26.003],[93.987,26.067],[94.001,26.172],[94.032,26.198],[94.048,26.249],[94.075,26.264],[94.105,26.32],[94.174,26.341],[94.16,26.354],[94.177,26.382],[94.172,26.43],[94.256,26.541],[94.285,26.561],[94.29,26.48],[94.316,26.458],[94.325,26.482],[94.353,26.49],[94.348,26.505],[94.372,26.506],[94.401,26.534],[94.413,26.577],[94.403,26.611],[94.465,26.633],[94.46,26.662],[94.493,26.666],[94.539,26.706],[94.562,26.705],[94.566,26.684],[94.577,26.701],[94.594,26.697],[94.597,26.735],[94.61,26.737],[94.62,26.712],[94.692,26.732],[94.74,26.776],[94.758,26.766],[94.77,26.789],[94.803,26.801],[94.795,26.815],[94.814,26.82],[94.817,26.848],[94.891,26.93],[94.924,26.947],[94.931,26.933],[94.961,26.937],[94.983,26.913],[95.017,26.921],[95.095,26.958],[95.193,27.036],[95.191,26.985],[95.232,26.903],[95.228,26.881],[95.209,26.882],[95.181,26.856],[95.203,26.846],[95.208,26.795],[95.242,26.783],[95.21,26.729],[95.234,26.682],[95.208,26.648]]]}},{"type":"Feature","properties":{"admin_code":"IN-OR","name":"Odisha","name_local":"ओडिशा"},"geometry":{"type":"Polygon","coordinates":[[[81.399,17.892],[81.445,17.886],[81.449,17.932],[81.483,17.977],[81.481,18.051],[81.513,18.1],[81.526,18.153],[81.507,18.186],[81.525,18.258],[81.598,18.309],[81.662,18.321],[81.65,18.337],[81.659,18.347],[81.75,18.354],[81.77,18.419],[81.855,18.49],[81.868,18.525],[81.909,18.538],[81.911,18.571],[81.951,18.57],[81.964,18.59],[81.895,18.629],[81.894,18.657],[81.949,18.644],[81.971,18.699],[82.031,18.724],[82.085,18.719],[82.092,18.766],[82.133,18.765],[82.133,18.78],[82.165,18.799],[82.16,18.879],[82.176,18.903],[82.246,18.919],[82.233,19.018],[82.202,19.067],[82.218,19.097],[82.205,19.097],[82.206,19.124],[82.183,19.131],[82.174,19.118],[82.166,19.133],[82.181,19.151],[82.17,19.161],[82.186,19.166],[82.162,19.202],[82.158,19.265],[82.194,19.326],[82.147,19.365],[82.179,19.379],[82.189,19.428],[82.126,19.429],[82.103,19.466],[82.1,19.517],[82.029,19.508],[82.051,19.549],[82.04,19.598],[82.059,19.628],[82.045,19.709],[82.066,19.791],[81.986,19.801],[81.968,19.86],[81.853,19.918],[81.845,19.96],[81.871,20.044],[81.895,20.048],[81.946,20.105],[81.995,20.054],[82.018,20.049],[82.033,20.016],[82.07,20.057],[82.127,20.015],[82.171,20.006],[82.184,19.984],[82.237,20.004],[82.269,19.975],[82.304,19.889],[82.345,19.836],[82.395,19.888],[82.446,19.91],[82.603,19.867],[82.576,19.833],[82.592,19.776],[82.627,19.794],[82.652,19.832],[82.707,19.835],[82.725,19.876],[82.707,19.902],[82.715,19.995],[82.643,20.005],[82.597,19.99],[82.551,20.016],[82.51,20.017],[82.399,20.057],[82.387,20.145],[82.422,20.204],[82.411,20.264],[82.438,20.293],[82.4,20.341],[82.438,20.434],[82.419,20.48],[82.397,20.458],[82.39,20.517],[82.358,20.528],[82.332,20.562],[82.377,20.632],[82.346,20.732],[82.351,20.89],[82.366,20.869],[82.406,20.869],[82.421,20.83],[82.465,20.828],[82.488,20.86],[82.488,20.909],[82.56,20.947],[82.629,21.038],[82.612,21.074],[82.65,21.106],[82.64,21.155],[82.756,21.167],[82.794,21.143],[82.851,21.169],[82.882,21.148],[82.902,21.167],[82.948,21.162],[82.944,21.178],[82.965,21.193],[82.966,21.175],[82.988,21.183],[82.981,21.17],[83.003,21.168],[82.99,21.14],[83.016,21.146],[83.078,21.112],[83.131,21.106],[83.167,21.139],[83.198,21.145],[83.222,21.266],[83.251,21.282],[83.271,21.272],[83.279,21.295],[83.258,21.319],[83.269,21.379],[83.379,21.344],[83.407,21.352],[83.399,21.405],[83.354,21.448],[83.338,21.502],[83.373,21.558],[83.365,21.576],[83.383,21.62],[83.443,21.655],[83.456,21.61],[83.49,21.631],[83.418,21.68],[83.432,21.7],[83.461,21.698],[83.491,21.744],[83.469,21.787],[83.493,21.818],[83.542,21.798],[83.532,21.832],[83.577,21.831],[83.591,21.851],[83.576,21.883],[83.606,21.914],[83.557,21.935],[83.562,21.948],[83.538,21.969],[83.556,22.007],[83.536,22.028],[83.544,22.057],[83.587,22.049],[83.607,22.067],[83.564,22.105],[83.65,22.223],[83.704,22.247],[83.758,22.24],[83.795,22.286],[83.826,22.293],[83.822,22.313],[83.864,22.343],[83.89,22.336],[83.923,22.358],[84.01,22.372],[84.047,22.438],[84.047,22.469],[83.98,22.502],[83.982,22.523],[84.003,22.532],[84.06,22.516],[84.112,22.477],[84.134,22.478],[84.156,22.408],[84.197,22.378],[84.25,22.379],[84.291,22.343],[84.429,22.352],[84.431,22.373],[84.485,22.389],[84.48,22.413],[84.535,22.427],[84.629,22.435],[84.667,22.42],[84.75,22.419],[84.759,22.447],[84.81,22.453],[84.837,22.431],[84.88,22.449],[84.886,22.42],[84.954,22.459],[84.959,22.445],[85.067,22.484],[85.077,22.464],[85.06,22.449],[85.088,22.388],[85.077,22.356],[85.096,22.345],[85.092,22.316],[85.118,22.318],[85.117,22.294],[85.071,22.275],[85.078,22.257],[85.054,22.184],[85.03,22.162],[85.028,22.122],[84.985,22.096],[84.987,22.083],[85.04,22.116],[85.098,22.106],[85.122,22.071],[85.155,22.078],[85.174,22.052],[85.168,22.069],[85.181,22.073],[85.239,22.009],[85.281,22.09],[85.323,22.128],[85.366,22.123],[85.371,22.161],[85.423,22.158],[85.545,22.09],[85.599,22.078],[85.654,22.095],[85.685,22.055],[85.749,22.074],[85.807,22.116],[85.838,22.08],[85.796,22.081],[85.766,21.995],[85.826,21.975],[85.897,21.984],[85.907,21.97],[85.918,22.009],[85.944,22.02],[86.009,22.116],[85.997,22.132],[86.031,22.19],[85.974,22.247],[86.017,22.297],[86.049,22.308],[86.016,22.312],[86.029,22.334],[85.998,22.342],[86.024,22.364],[86.027,22.395],[86.018,22.426],[85.957,22.465],[85.984,22.515],[86.029,22.524],[86.024,22.545],[86.045,22.568],[86.118,22.487],[86.283,22.448],[86.36,22.349],[86.433,22.306],[86.445,22.306],[86.447,22.328],[86.497,22.347],[86.534,22.301],[86.585,22.301],[86.596,22.278],[86.647,22.268],[86.656,22.236],[86.727,22.217],[86.722,22.147],[86.796,22.157],[86.809,22.119],[86.828,22.118],[86.838,22.098],[86.965,22.086],[87.028,22.038],[87.031,21.986],[87.002,21.914],[87.038,21.868],[87.099,21.866],[87.096,21.914],[87.161,21.936],[87.17,21.979],[87.196,21.959],[87.236,21.957],[87.255,21.926],[87.239,21.9],[87.277,21.805],[87.298,21.811],[87.338,21.784],[87.355,21.791],[87.369,21.765],[87.44,21.771],[87.454,21.739],[87.444,21.734],[87.469,21.732],[87.462,21.651],[87.486,21.631],[87.484,21.603],[87.431,21.578],[87.408,21.546],[87.382,21.574],[87.336,21.577],[87.371,21.563],[87.394,21.533],[87.202,21.531],[87.089,21.461],[87.068,21.463],[87.05,21.43],[86.955,21.365],[86.863,21.223],[86.841,21.158],[86.852,21.097],[86.977,20.861],[86.978,20.823],[86.968,20.792],[86.866,20.784],[86.812,20.753],[86.805,20.733],[86.861,20.775],[86.902,20.763],[87.022,20.77],[87.041,20.759],[87.056,20.715],[86.789,20.534],[86.765,20.504],[86.752,20.518],[86.749,20.474],[86.723,20.48],[86.736,20.461],[86.731,20.411],[86.71,20.396],[86.725,20.378],[86.736,20.397],[86.744,20.379],[86.765,20.393],[86.786,20.384],[86.802,20.444],[86.797,20.493],[86.81,20.451],[86.792,20.388],[86.797,20.378],[86.805,20.399],[86.81,20.375],[86.776,20.345],[86.783,20.33],[86.68,20.264],[86.669,20.276],[86.68,20.26],[86.524,20.173],[86.373,19.96],[86.411,19.975],[86.391,19.957],[86.307,19.941],[86.169,19.882],[85.781,19.781],[85.373,19.599],[85.173,19.467],[85.079,19.375],[84.93,19.276],[84.817,19.165],[84.765,19.077],[84.701,19.119],[84.71,19.159],[84.669,19.167],[84.665,19.131],[84.593,19.133],[84.623,19.086],[84.657,19.095],[84.669,19.077],[84.659,19.064],[84.616,19.067],[84.599,19.026],[84.58,19.031],[84.571,19.075],[84.514,19.049],[84.474,18.99],[84.419,19.023],[84.45,18.979],[84.422,18.948],[84.436,18.922],[84.426,18.91],[84.417,18.919],[84.416,18.898],[84.377,18.905],[84.395,18.892],[84.39,18.878],[84.358,18.896],[84.382,18.875],[84.372,18.863],[84.331,18.883],[84.333,18.86],[84.363,18.84],[84.329,18.819],[84.342,18.803],[84.319,18.788],[84.287,18.805],[84.258,18.784],[84.224,18.8],[84.089,18.758],[84.036,18.817],[83.948,18.806],[83.914,18.829],[83.891,18.815],[83.846,18.869],[83.846,18.913],[83.827,18.916],[83.793,19.019],[83.743,18.987],[83.757,18.952],[83.782,18.935],[83.775,18.913],[83.753,18.926],[83.733,18.988],[83.71,19.002],[83.73,19.022],[83.7,19.025],[83.661,19.081],[83.655,19.129],[83.637,19.133],[83.624,19.164],[83.597,19.131],[83.609,19.097],[83.584,19.087],[83.583,19.059],[83.562,19.061],[83.56,19.087],[83.547,19.081],[83.556,19.057],[83.535,19.012],[83.501,19.02],[83.497,19.035],[83.519,19.039],[83.512,19.07],[83.499,19.063],[83.483,19.092],[83.466,19.094],[83.476,19.08],[83.46,19.065],[83.481,19.034],[83.478,19.009],[83.448,19.011],[83.466,18.992],[83.46,18.956],[83.399,19.01],[83.371,19.003],[83.341,19.019],[83.337,18.998],[83.309,19.0],[83.333,18.969],[83.332,18.926],[83.348,18.926],[83.351,18.967],[83.366,18.963],[83.369,18.944],[83.351,18.944],[83.352,18.931],[83.367,18.909],[83.391,18.909],[83.376,18.898],[83.413,18.874],[83.404,18.843],[83.377,18.832],[83.364,18.844],[83.329,18.807],[83.283,18.799],[83.269,18.765],[83.223,18.776],[83.211,18.732],[83.205,18.752],[83.137,18.786],[83.071,18.707],[83.056,18.666],[83.011,18.647],[82.999,18.609],[83.024,18.59],[83.051,18.6],[83.028,18.575],[83.043,18.545],[83.093,18.548],[83.019,18.457],[83.041,18.425],[83.065,18.431],[83.056,18.42],[83.075,18.404],[83.053,18.381],[83.02,18.392],[82.969,18.361],[82.938,18.362],[82.894,18.382],[82.895,18.424],[82.851,18.421],[82.801,18.45],[82.78,18.432],[82.798,18.407],[82.773,18.341],[82.665,18.299],[82.641,18.303],[82.651,18.251],[82.636,18.237],[82.586,18.277],[82.597,18.305],[82.58,18.316],[82.607,18.328],[82.602,18.352],[82.621,18.36],[82.595,18.389],[82.536,18.406],[82.561,18.449],[82.541,18.458],[82.539,18.444],[82.519,18.466],[82.534,18.478],[82.532,18.511],[82.503,18.514],[82.481,18.549],[82.363,18.422],[82.384,18.368],[82.337,18.327],[82.354,18.317],[82.387,18.329],[82.391,18.299],[82.375,18.281],[82.343,18.281],[82.323,18.232],[82.335,18.225],[82.309,18.205],[82.314,18.185],[82.371,18.149],[82.362,18.136],[82.338,18.151],[82.334,18.107],[82.35,18.077],[82.339,18.056],[82.321,18.061],[82.307,18.046],[82.303,18.069],[82.29,18.07],[82.26,18.043],[82.265,17.996],[82.186,18.016],[82.167,18.053],[82.136,18.045],[82.132,18.061],[82.075,18.076],[82.06,18.056],[82.031,18.07],[82.006,18.057],[82.008,18.031],[81.962,18.001],[81.808,17.956],[81.726,17.879],[81.71,17.874],[81.701,17.903],[81.672,17.888],[81.617,17.823],[81.574,17.839],[81.492,17.813],[81.477,17.838],[81.436,17.833],[81.417,17.814],[81.396,17.82],[81.399,17.892]]]}},{"type":"Feature","properties":{"admin_code":"IN-PB","name":"Punjab","name_local":"पंजाब"},"geometry":{"type":"Polygon","coordinates":[[[73.895,29.974],[73.886,29.996],[73.904,30.05],[73.975,30.12],[73.956,30.276],[73.931,30.32],[73.88,30.36],[73.974,30.444],[73.926,30.439],[73.935,30.49],[73.964,30.456],[73.964,30.485],[73.982,30.504],[74.02,30.514],[74.012,30.534],[74.031,30.527],[74.039,30.543],[74.057,30.519],[74.072,30.523],[74.091,30.549],[74.073,30.555],[74.102,30.579],[74.096,30.611],[74.118,30.608],[74.127,30.635],[74.149,30.632],[74.193,30.665],[74.233,30.725],[74.286,30.735],[74.261,30.774],[74.302,30.779],[74.295,30.794],[74.32,30.847],[74.382,30.86],[74.361,30.874],[74.366,30.893],[74.423,30.908],[74.41,30.923],[74.429,30.931],[74.414,30.93],[74.416,30.94],[74.546,30.992],[74.542,31.017],[74.568,31.055],[74.597,31.038],[74.667,31.052],[74.702,31.092],[74.689,31.128],[74.659,31.134],[74.636,31.118],[74.631,31.133],[74.603,31.134],[74.61,31.098],[74.56,31.083],[74.548,31.122],[74.51,31.132],[74.526,31.212],[74.517,31.228],[74.533,31.25],[74.521,31.272],[74.542,31.304],[74.526,31.312],[74.549,31.335],[74.552,31.364],[74.583,31.379],[74.601,31.42],[74.655,31.426],[74.639,31.444],[74.652,31.457],[74.628,31.477],[74.637,31.485],[74.61,31.5],[74.587,31.496],[74.575,31.501],[74.584,31.521],[74.613,31.527],[74.616,31.569],[74.555,31.608],[74.535,31.678],[74.488,31.72],[74.504,31.74],[74.559,31.758],[74.558,31.805],[74.608,31.89],[74.637,31.884],[74.667,31.923],[74.719,31.924],[74.72,31.941],[74.756,31.944],[74.755,31.956],[74.819,31.959],[74.829,31.999],[74.88,32.032],[74.869,32.042],[74.879,32.054],[74.934,32.066],[75.012,32.036],[75.069,32.067],[75.105,32.059],[75.123,32.082],[75.174,32.068],[75.198,32.083],[75.203,32.12],[75.216,32.121],[75.224,32.098],[75.235,32.104],[75.231,32.092],[75.261,32.102],[75.285,32.152],[75.322,32.18],[75.316,32.208],[75.372,32.226],[75.381,32.269],[75.321,32.297],[75.341,32.346],[75.431,32.316],[75.489,32.346],[75.482,32.32],[75.512,32.308],[75.509,32.284],[75.533,32.278],[75.539,32.336],[75.56,32.357],[75.722,32.405],[75.728,32.433],[75.744,32.432],[75.729,32.453],[75.777,32.465],[75.839,32.513],[75.902,32.453],[75.935,32.393],[75.873,32.396],[75.844,32.356],[75.811,32.349],[75.815,32.33],[75.771,32.289],[75.618,32.237],[75.639,32.222],[75.624,32.19],[75.662,32.193],[75.673,32.159],[75.601,32.093],[75.595,32.07],[75.658,32.078],[75.723,32.033],[75.751,32.038],[75.8,31.994],[75.91,31.95],[75.986,31.818],[75.937,31.815],[76.018,31.632],[76.055,31.606],[76.169,31.41],[76.147,31.359],[76.179,31.341],[76.18,31.307],[76.269,31.313],[76.276,31.301],[76.323,31.322],[76.308,31.343],[76.354,31.345],[76.33,31.379],[76.331,31.401],[76.368,31.404],[76.374,31.437],[76.432,31.327],[76.464,31.301],[76.44,31.279],[76.48,31.308],[76.497,31.271],[76.527,31.277],[76.524,31.258],[76.539,31.261],[76.543,31.282],[76.549,31.253],[76.588,31.274],[76.612,31.248],[76.593,31.212],[76.642,31.223],[76.645,31.209],[76.6,31.179],[76.612,31.148],[76.602,31.124],[76.639,31.108],[76.611,31.046],[76.629,31.024],[76.625,30.999],[76.737,30.95],[76.814,30.843],[76.847,30.834],[76.857,30.795],[76.838,30.755],[76.815,30.753],[76.813,30.78],[76.783,30.771],[76.771,30.795],[76.712,30.762],[76.705,30.743],[76.731,30.724],[76.739,30.693],[76.777,30.67],[76.809,30.667],[76.827,30.682],[76.853,30.657],[76.876,30.681],[76.871,30.642],[76.926,30.61],[76.91,30.592],[76.916,30.554],[76.886,30.55],[76.932,30.522],[76.931,30.501],[76.899,30.489],[76.912,30.466],[76.886,30.43],[76.907,30.436],[76.911,30.4],[76.932,30.401],[76.936,30.385],[76.897,30.36],[76.883,30.409],[76.856,30.418],[76.847,30.438],[76.823,30.412],[76.79,30.415],[76.777,30.441],[76.741,30.426],[76.713,30.39],[76.731,30.38],[76.72,30.363],[76.745,30.368],[76.746,30.35],[76.689,30.327],[76.623,30.265],[76.557,30.262],[76.548,30.222],[76.596,30.256],[76.596,30.237],[76.627,30.224],[76.616,30.209],[76.653,30.201],[76.656,30.185],[76.636,30.169],[76.629,30.179],[76.645,30.189],[76.614,30.204],[76.6,30.184],[76.642,30.15],[76.599,30.113],[76.546,30.125],[76.539,30.108],[76.575,30.101],[76.546,30.076],[76.512,30.072],[76.504,30.094],[76.463,30.101],[76.46,30.129],[76.429,30.151],[76.441,30.166],[76.423,30.192],[76.387,30.171],[76.41,30.145],[76.391,30.135],[76.4,30.117],[76.362,30.12],[76.35,30.147],[76.333,30.138],[76.36,30.12],[76.322,30.095],[76.208,30.157],[76.225,30.127],[76.217,30.11],[76.253,30.089],[76.214,30.032],[76.233,30.016],[76.21,30.005],[76.172,29.926],[76.188,29.921],[76.193,29.886],[76.247,29.876],[76.244,29.852],[76.221,29.838],[76.198,29.845],[76.174,29.818],[76.145,29.819],[76.124,29.791],[76.098,29.811],[76.043,29.743],[76.026,29.756],[75.984,29.727],[75.939,29.731],[75.906,29.754],[75.87,29.749],[75.838,29.813],[75.806,29.805],[75.779,29.822],[75.756,29.805],[75.721,29.814],[75.706,29.753],[75.677,29.777],[75.642,29.775],[75.63,29.75],[75.58,29.739],[75.562,29.77],[75.523,29.758],[75.519,29.776],[75.46,29.808],[75.454,29.782],[75.406,29.761],[75.392,29.713],[75.346,29.696],[75.36,29.663],[75.334,29.673],[75.317,29.631],[75.296,29.625],[75.29,29.608],[75.32,29.587],[75.309,29.561],[75.235,29.542],[75.222,29.58],[75.235,29.603],[75.183,29.628],[75.188,29.652],[75.168,29.67],[75.207,29.688],[75.201,29.726],[75.21,29.739],[75.226,29.729],[75.242,29.755],[75.226,29.789],[75.209,29.793],[75.211,29.832],[75.191,29.841],[75.164,29.824],[75.155,29.777],[75.135,29.807],[75.101,29.807],[75.119,29.832],[75.09,29.854],[75.115,29.879],[75.099,29.913],[75.087,29.915],[75.07,29.877],[75.047,29.885],[75.022,29.866],[74.991,29.868],[74.927,29.95],[74.897,29.939],[74.888,29.967],[74.855,29.956],[74.821,29.971],[74.812,29.992],[74.731,29.961],[74.707,29.977],[74.652,29.926],[74.654,29.906],[74.527,29.943],[73.895,29.974]]]}},{"type":"Feature","properties":{"admin_code":"IN-PY","name":"Puducherry","name_local":"पुडुचेरी"},"geometry":{"type":"MultiPolygon","coordinates":[[[[79.72,10.936],[79.722,10.938],[79.722,10.936],[79.72,10.936]]],[[[75.537,11.694],[75.53,11.702],[75.536,11.71],[75.537,11.694]]],[[[75.556,11.722],[75.531,11.708],[75.542,11.742],[75.556,11.722]]],[[[79.675,11.804],[79.676,11.814],[79.691,11.809],[79.675,11.804]]],[[[79.692,11.814],[79.693,11.822],[79.7,11.822],[79.692,11.814]]],[[[79.646,11.816],[79.647,11.844],[79.662,11.839],[79.671,11.824],[79.646,11.816]]],[[[79.699,11.861],[79.696,11.86],[79.697,11.874],[79.699,11.861]]],[[[79.663,11.867],[79.658,11.853],[79.627,11.854],[79.628,11.87],[79.602,11.858],[79.599,11.883],[79.63,11.889],[79.663,11.867]]],[[[79.659,11.95],[79.655,11.953],[79.654,11.961],[79.686,11.973],[79.672,11.948],[79.659,11.95]]],[[[79.643,11.942],[79.669,11.937],[79.669,11.918],[79.625,11.903],[79.626,12.032],[79.651,12.022],[79.636,11.996],[79.643,11.942]]],[[[79.72,11.992],[79.657,11.992],[79.661,12.012],[79.693,12.035],[79.72,11.992]]],[[[79.81,10.878],[79.807,10.878],[79.806,10.88],[79.81,10.878]]],[[[79.807,10.866],[79.825,10.865],[79.811,10.88],[79.828,10.884],[79.784,10.889],[79.789,10.909],[79.756,10.892],[79.763,10.914],[79.725,10.929],[79.737,10.952],[79.72,10.952],[79.719,10.968],[79.764,10.96],[79.747,11.003],[79.798,10.983],[79.815,11.004],[79.851,10.994],[79.851,10.828],[79.831,10.827],[79.807,10.866]]],[[[79.762,11.791],[79.755,11.775],[79.712,11.792],[79.736,11.809],[79.737,11.844],[79.768,11.823],[79.807,11.834],[79.796,11.785],[79.762,11.791]]],[[[79.782,11.856],[79.772,11.837],[79.768,11.876],[79.751,11.848],[79.74,11.865],[79.717,11.855],[79.71,11.889],[79.674,11.881],[79.695,11.895],[79.696,11.919],[79.719,11.919],[79.707,11.914],[79.711,11.891],[79.741,11.905],[79.717,11.929],[79.721,11.945],[79.71,11.95],[79.711,11.933],[79.692,11.951],[79.748,12.008],[79.76,11.989],[79.723,11.977],[79.744,11.965],[79.75,11.92],[79.785,11.96],[79.805,11.953],[79.813,11.978],[79.841,11.956],[79.808,11.836],[79.801,11.855],[79.782,11.856]],[[79.773,11.876],[79.785,11.863],[79.796,11.9],[79.769,11.901],[79.773,11.876]]],[[[79.801,12.017],[79.788,12.019],[79.789,12.028],[79.801,12.017]]],[[[79.857,12.007],[79.84,12.013],[79.85,12.052],[79.874,12.043],[79.857,12.007]]],[[[82.319,16.568],[82.317,16.568],[82.315,16.572],[82.319,16.568]]],[[[82.329,16.595],[82.344,16.607],[82.336,16.59],[82.329,16.595]]],[[[82.338,16.606],[82.336,16.603],[82.331,16.607],[82.338,16.606]]],[[[82.217,16.733],[82.243,16.722],[82.29,16.727],[82.305,16.748],[82.314,16.729],[82.267,16.695],[82.186,16.73],[82.228,16.761],[82.217,16.733]]]]}},{"type":"Feature","properties":{"admin_code":"IN-RJ","name":"Rajasthan","name_local":"राजस्थान"},"geometry":{"type":"Polygon","coordinates":[[[77.31,27.788],[77.319,27.733],[77.304,27.711],[77.341,27.703],[77.353,27.651],[77.317,27.607],[77.358,27.589],[77.337,27.57],[77.349,27.543],[77.34,27.527],[77.387,27.513],[77.402,27.477],[77.438,27.456],[77.421,27.422],[77.44,27.39],[77.507,27.377],[77.579,27.323],[77.623,27.336],[77.622,27.313],[77.599,27.297],[77.617,27.286],[77.616,27.258],[77.653,27.235],[77.647,27.21],[77.681,27.194],[77.658,27.17],[77.62,27.174],[77.598,27.118],[77.518,27.102],[77.505,27.092],[77.526,27.085],[77.519,27.067],[77.572,27.072],[77.563,27.029],[77.579,27.038],[77.63,27.01],[77.642,27.026],[77.666,27.017],[77.68,27.047],[77.712,26.997],[77.73,26.994],[77.738,27.03],[77.763,27.007],[77.743,26.983],[77.676,26.973],[77.672,26.96],[77.661,26.971],[77.583,26.924],[77.49,26.9],[77.427,26.864],[77.43,26.847],[77.398,26.83],[77.429,26.802],[77.433,26.768],[77.467,26.774],[77.455,26.742],[77.503,26.769],[77.487,26.788],[77.501,26.844],[77.521,26.842],[77.526,26.819],[77.608,26.839],[77.61,26.829],[77.687,26.875],[77.723,26.874],[77.725,26.91],[77.761,26.933],[77.85,26.913],[77.896,26.884],[77.909,26.891],[77.906,26.918],[77.948,26.894],[78.015,26.903],[78.035,26.871],[78.026,26.85],[78.056,26.868],[78.049,26.91],[78.111,26.896],[78.102,26.917],[78.122,26.923],[78.112,26.94],[78.125,26.949],[78.21,26.931],[78.225,26.946],[78.239,26.927],[78.255,26.935],[78.272,26.919],[78.233,26.874],[78.209,26.869],[78.197,26.882],[78.223,26.831],[78.169,26.822],[78.184,26.784],[78.107,26.791],[78.103,26.764],[78.124,26.747],[78.096,26.728],[78.09,26.674],[78.001,26.695],[77.954,26.659],[77.904,26.659],[77.895,26.615],[77.827,26.596],[77.824,26.55],[77.745,26.538],[77.726,26.502],[77.676,26.503],[77.538,26.411],[77.438,26.403],[77.444,26.362],[77.367,26.363],[77.331,26.344],[77.27,26.267],[77.213,26.234],[77.135,26.233],[77.098,26.184],[77.031,26.172],[76.999,26.13],[76.901,26.093],[76.885,26.048],[76.807,25.99],[76.791,25.943],[76.749,25.941],[76.758,25.923],[76.716,25.901],[76.642,25.908],[76.621,25.869],[76.582,25.87],[76.521,25.792],[76.522,25.728],[76.473,25.709],[76.479,25.684],[76.504,25.671],[76.516,25.528],[76.555,25.483],[76.556,25.453],[76.588,25.432],[76.599,25.392],[76.623,25.377],[76.64,25.384],[76.669,25.349],[76.7,25.352],[76.729,25.329],[76.778,25.315],[76.857,25.333],[76.899,25.324],[76.929,25.303],[76.923,25.285],[76.943,25.282],[76.974,25.3],[77.031,25.295],[77.046,25.319],[77.07,25.319],[77.084,25.337],[77.209,25.306],[77.206,25.327],[77.223,25.319],[77.234,25.334],[77.224,25.335],[77.234,25.379],[77.291,25.423],[77.314,25.431],[77.371,25.408],[77.351,25.385],[77.367,25.361],[77.342,25.322],[77.376,25.318],[77.381,25.292],[77.355,25.264],[77.412,25.224],[77.427,25.188],[77.4,25.184],[77.393,25.16],[77.391,25.123],[77.407,25.112],[77.393,25.119],[77.311,25.08],[77.27,25.116],[77.175,25.112],[77.167,25.085],[77.148,25.095],[77.123,25.067],[77.085,25.055],[77.0,25.075],[76.968,25.051],[76.876,25.042],[76.875,25.007],[76.857,25.002],[76.862,24.961],[76.89,24.919],[76.92,24.917],[76.912,24.888],[76.95,24.869],[76.898,24.839],[76.824,24.836],[76.8,24.825],[76.803,24.809],[76.856,24.742],[76.891,24.747],[76.907,24.731],[76.954,24.759],[76.999,24.718],[77.031,24.712],[77.068,24.628],[77.071,24.572],[77.055,24.526],[77.037,24.528],[77.029,24.496],[76.978,24.461],[76.918,24.481],[76.918,24.543],[76.902,24.546],[76.884,24.522],[76.863,24.55],[76.816,24.534],[76.853,24.467],[76.838,24.409],[76.852,24.371],[76.832,24.358],[76.841,24.323],[76.863,24.273],[76.947,24.198],[76.935,24.184],[76.916,24.188],[76.901,24.127],[76.855,24.136],[76.802,24.117],[76.756,24.169],[76.719,24.159],[76.676,24.191],[76.702,24.241],[76.695,24.284],[76.667,24.262],[76.616,24.258],[76.611,24.238],[76.585,24.244],[76.595,24.223],[76.564,24.191],[76.577,24.178],[76.528,24.157],[76.505,24.203],[76.471,24.226],[76.452,24.209],[76.416,24.221],[76.413,24.2],[76.358,24.24],[76.322,24.245],[76.287,24.23],[76.281,24.207],[76.24,24.219],[76.212,24.21],[76.195,24.273],[76.205,24.301],[76.185,24.329],[76.163,24.285],[76.137,24.271],[76.148,24.232],[76.117,24.194],[76.127,24.088],[76.042,24.066],[76.007,24.023],[75.963,24.019],[75.987,23.941],[75.938,23.897],[75.886,23.879],[75.853,23.888],[75.774,23.848],[75.753,23.887],[75.706,23.899],[75.702,23.873],[75.737,23.856],[75.719,23.841],[75.722,23.812],[75.69,23.813],[75.702,23.786],[75.687,23.755],[75.654,23.798],[75.584,23.795],[75.589,23.81],[75.559,23.819],[75.579,23.835],[75.564,23.856],[75.462,23.914],[75.46,23.932],[75.474,23.982],[75.521,24.025],[75.596,23.99],[75.675,24.017],[75.702,23.967],[75.718,23.967],[75.741,23.977],[75.742,23.993],[75.765,23.993],[75.783,24.043],[75.837,24.057],[75.835,24.092],[75.793,24.092],[75.751,24.143],[75.776,24.208],[75.83,24.233],[75.814,24.244],[75.811,24.296],[75.766,24.298],[75.74,24.332],[75.728,24.39],[75.755,24.406],[75.748,24.424],[75.789,24.472],[75.814,24.462],[75.81,24.434],[75.839,24.414],[75.909,24.455],[75.912,24.492],[75.888,24.508],[75.921,24.521],[75.904,24.548],[75.915,24.572],[75.879,24.583],[75.872,24.606],[75.849,24.611],[75.835,24.595],[75.825,24.613],[75.849,24.647],[75.848,24.663],[75.825,24.668],[75.836,24.728],[75.802,24.756],[75.757,24.762],[75.683,24.724],[75.646,24.685],[75.611,24.681],[75.583,24.713],[75.534,24.712],[75.455,24.681],[75.265,24.718],[75.228,24.718],[75.219,24.702],[75.184,24.748],[75.216,24.802],[75.252,24.813],[75.224,24.844],[75.278,24.84],[75.311,24.801],[75.426,24.869],[75.42,24.886],[75.374,24.868],[75.327,24.875],[75.309,24.856],[75.263,24.875],[75.267,24.899],[75.294,24.909],[75.261,24.963],[75.285,24.966],[75.313,24.885],[75.318,24.894],[75.337,24.955],[75.312,24.996],[75.351,25.02],[75.334,25.041],[75.198,25.033],[75.166,25.048],[75.152,25.021],[75.167,25.003],[75.114,24.967],[75.117,24.878],[75.077,24.881],[75.034,24.845],[74.959,24.858],[74.953,24.881],[74.924,24.878],[74.903,24.93],[74.881,24.937],[74.87,24.925],[74.859,24.963],[74.843,24.969],[74.826,24.901],[74.859,24.838],[74.861,24.805],[74.838,24.797],[74.849,24.776],[74.861,24.799],[74.915,24.769],[75.001,24.775],[75.016,24.732],[74.992,24.732],[75.002,24.686],[74.96,24.679],[74.943,24.638],[74.902,24.633],[74.894,24.644],[74.889,24.634],[74.8,24.779],[74.804,24.735],[74.779,24.731],[74.787,24.704],[74.772,24.661],[74.814,24.666],[74.814,24.65],[74.78,24.615],[74.787,24.586],[74.744,24.571],[74.756,24.535],[74.709,24.486],[74.777,24.46],[74.815,24.469],[74.814,24.437],[74.854,24.444],[74.855,24.424],[74.781,24.338],[74.781,24.289],[74.747,24.253],[74.775,24.239],[74.868,24.243],[74.897,24.227],[74.91,24.21],[74.88,24.174],[74.903,24.109],[74.939,24.054],[74.982,24.026],[74.959,23.972],[74.916,23.931],[74.902,23.873],[74.914,23.842],[74.904,23.794],[74.924,23.797],[74.94,23.765],[74.924,23.756],[74.936,23.73],[74.92,23.719],[74.922,23.695],[74.9,23.682],[74.937,23.629],[74.903,23.625],[74.847,23.552],[74.803,23.532],[74.794,23.551],[74.773,23.544],[74.762,23.521],[74.733,23.522],[74.727,23.495],[74.701,23.504],[74.652,23.462],[74.604,23.457],[74.599,23.429],[74.572,23.421],[74.569,23.376],[74.54,23.362],[74.54,23.335],[74.514,23.328],[74.547,23.277],[74.574,23.295],[74.639,23.255],[74.677,23.274],[74.7,23.268],[74.715,23.237],[74.692,23.219],[74.747,23.227],[74.742,23.208],[74.715,23.191],[74.671,23.2],[74.607,23.143],[74.539,23.129],[74.545,23.109],[74.506,23.085],[74.464,23.082],[74.432,23.105],[74.386,23.111],[74.329,23.061],[74.284,23.093],[74.293,23.117],[74.247,23.184],[74.203,23.19],[74.181,23.152],[74.128,23.176],[74.139,23.266],[74.092,23.298],[74.038,23.293],[74.045,23.309],[74.033,23.306],[74.029,23.332],[73.982,23.338],[73.962,23.381],[73.938,23.368],[73.936,23.34],[73.892,23.334],[73.829,23.448],[73.786,23.43],[73.756,23.454],[73.721,23.41],[73.697,23.457],[73.647,23.436],[73.627,23.448],[73.656,23.507],[73.633,23.529],[73.656,23.621],[73.615,23.652],[73.573,23.654],[73.523,23.607],[73.494,23.632],[73.509,23.644],[73.497,23.649],[73.507,23.703],[73.474,23.705],[73.418,23.777],[73.4,23.785],[73.371,23.765],[73.352,23.791],[73.368,23.814],[73.361,23.873],[73.387,23.916],[73.421,23.931],[73.415,23.986],[73.399,23.99],[73.405,24.041],[73.361,24.081],[73.362,24.105],[73.326,24.11],[73.317,24.054],[73.243,24.002],[73.193,24.041],[73.214,24.078],[73.125,24.125],[73.067,24.195],[73.135,24.308],[73.169,24.3],[73.176,24.338],[73.199,24.332],[73.219,24.364],[73.199,24.377],[73.152,24.354],[73.077,24.397],[73.103,24.433],[73.087,24.498],[73.035,24.464],[72.991,24.478],[72.968,24.451],[72.981,24.434],[72.949,24.398],[72.975,24.369],[72.911,24.337],[72.85,24.372],[72.731,24.364],[72.689,24.412],[72.683,24.464],[72.576,24.479],[72.539,24.52],[72.493,24.459],[72.5,24.417],[72.457,24.415],[72.43,24.48],[72.441,24.515],[72.389,24.508],[72.354,24.564],[72.331,24.569],[72.329,24.552],[72.295,24.547],[72.246,24.585],[72.276,24.607],[72.336,24.599],[72.347,24.628],[72.305,24.617],[72.23,24.641],[72.197,24.615],[72.165,24.621],[72.15,24.644],[72.125,24.638],[72.09,24.659],[72.085,24.706],[72.061,24.712],[71.994,24.695],[71.988,24.657],[71.94,24.634],[71.915,24.649],[71.919,24.672],[71.872,24.682],[71.852,24.609],[71.806,24.627],[71.81,24.656],[71.792,24.677],[71.655,24.639],[71.608,24.677],[71.59,24.667],[71.573,24.684],[71.503,24.683],[71.377,24.626],[71.359,24.631],[71.348,24.661],[71.314,24.648],[71.288,24.616],[71.112,24.676],[71.065,24.718],[71.026,24.809],[70.937,24.939],[70.888,25.148],[70.751,25.278],[70.737,25.333],[70.665,25.397],[70.678,25.526],[70.667,25.531],[70.674,25.676],[70.66,25.702],[70.609,25.715],[70.53,25.684],[70.387,25.674],[70.268,25.714],[70.247,25.762],[70.174,25.828],[70.1,25.938],[70.083,26.083],[70.141,26.156],[70.175,26.251],[70.163,26.295],[70.185,26.374],[70.174,26.551],[70.117,26.587],[70.056,26.601],[69.886,26.579],[69.792,26.598],[69.72,26.655],[69.51,26.744],[69.484,26.805],[69.513,27.01],[69.587,27.184],[69.863,27.402],[69.934,27.498],[70.026,27.563],[70.132,27.806],[70.226,27.901],[70.296,27.936],[70.372,28.012],[70.505,28.037],[70.589,28.01],[70.677,27.922],[70.684,27.828],[70.739,27.742],[70.759,27.721],[70.872,27.706],[70.963,27.729],[71.205,27.835],[71.383,27.872],[71.666,27.878],[71.898,27.962],[71.928,28.122],[71.996,28.208],[72.132,28.313],[72.206,28.394],[72.299,28.67],[72.392,28.772],[72.732,28.948],[72.945,29.028],[73.004,29.153],[73.085,29.236],[73.282,29.572],[73.397,29.946],[73.597,30.019],[73.806,30.068],[73.973,30.198],[73.975,30.12],[73.904,30.05],[73.886,30.012],[73.895,29.974],[74.527,29.943],[74.51,29.908],[74.544,29.901],[74.561,29.87],[74.539,29.841],[74.485,29.815],[74.474,29.768],[74.48,29.743],[74.576,29.748],[74.587,29.767],[74.616,29.752],[74.575,29.564],[74.622,29.522],[74.585,29.459],[74.543,29.468],[74.535,29.448],[74.537,29.425],[74.566,29.42],[74.603,29.365],[74.599,29.327],[74.654,29.333],[74.658,29.372],[74.762,29.354],[74.851,29.404],[74.938,29.362],[74.961,29.32],[74.948,29.301],[74.961,29.281],[74.999,29.271],[75.05,29.286],[75.076,29.23],[75.12,29.223],[75.124,29.24],[75.163,29.244],[75.188,29.268],[75.21,29.235],[75.238,29.23],[75.245,29.25],[75.284,29.249],[75.288,29.273],[75.323,29.289],[75.341,29.281],[75.328,29.235],[75.35,29.224],[75.379,29.257],[75.41,29.256],[75.397,29.218],[75.414,29.184],[75.381,29.169],[75.371,29.138],[75.402,29.128],[75.391,29.063],[75.442,29.058],[75.446,29.008],[75.522,29.004],[75.527,28.971],[75.512,28.942],[75.473,28.923],[75.497,28.896],[75.498,28.849],[75.52,28.834],[75.503,28.782],[75.53,28.747],[75.543,28.75],[75.53,28.738],[75.561,28.613],[75.622,28.602],[75.633,28.544],[75.666,28.536],[75.702,28.492],[75.739,28.485],[75.736,28.469],[75.788,28.454],[75.767,28.414],[75.777,28.4],[75.819,28.41],[75.918,28.372],[75.958,28.314],[75.972,28.319],[75.986,28.293],[76.026,28.275],[76.016,28.237],[76.056,28.22],[76.047,28.198],[76.072,28.194],[76.095,28.151],[76.075,28.137],[76.071,28.165],[76.032,28.168],[76.007,28.153],[75.999,28.123],[75.946,28.107],[75.939,28.088],[75.983,28.081],[75.984,28.047],[76.023,28.086],[76.041,28.074],[76.025,28.054],[76.008,28.058],[76.016,28.03],[75.995,28.039],[75.973,28.024],[75.996,28.007],[75.99,27.995],[75.967,28.0],[75.966,27.984],[76.0,27.978],[75.973,27.933],[75.952,27.948],[75.932,27.93],[75.938,27.914],[75.987,27.904],[75.971,27.852],[76.048,27.835],[76.086,27.845],[76.089,27.861],[76.123,27.851],[76.132,27.824],[76.175,27.798],[76.2,27.822],[76.217,27.817],[76.225,27.833],[76.194,27.86],[76.201,27.893],[76.168,27.903],[76.187,27.965],[76.158,27.989],[76.177,28.022],[76.215,28.027],[76.18,28.055],[76.238,28.05],[76.261,28.068],[76.294,28.049],[76.299,28.023],[76.319,28.016],[76.342,28.031],[76.356,28.071],[76.301,28.098],[76.337,28.103],[76.36,28.125],[76.298,28.149],[76.305,28.159],[76.281,28.166],[76.292,28.179],[76.345,28.169],[76.381,28.133],[76.476,28.149],[76.472,28.135],[76.502,28.119],[76.499,28.1],[76.464,28.109],[76.448,28.089],[76.502,28.06],[76.462,28.059],[76.455,28.042],[76.544,28.034],[76.536,27.98],[76.548,27.964],[76.589,27.998],[76.668,28.014],[76.654,28.035],[76.657,28.089],[76.687,28.088],[76.716,28.128],[76.744,28.121],[76.762,28.143],[76.795,28.148],[76.808,28.211],[76.848,28.222],[76.907,28.2],[76.893,28.184],[76.971,28.138],[76.931,27.994],[76.932,27.923],[76.952,27.918],[76.951,27.896],[76.938,27.897],[76.942,27.843],[76.936,27.829],[76.914,27.833],[76.919,27.804],[76.892,27.733],[76.924,27.7],[76.89,27.701],[76.911,27.655],[76.943,27.674],[76.979,27.654],[77.0,27.737],[77.036,27.749],[77.06,27.727],[77.086,27.738],[77.076,27.766],[77.027,27.779],[77.045,27.822],[77.108,27.786],[77.123,27.793],[77.135,27.776],[77.158,27.786],[77.16,27.818],[77.19,27.81],[77.169,27.792],[77.177,27.786],[77.199,27.8],[77.202,27.825],[77.237,27.785],[77.269,27.815],[77.31,27.788]]]}},{"type":"Feature","properties":{"admin_code":"IN-SK","name":"Sikkim","name_local":"सिक्किम"},"geometry":{"type":"Polygon","coordinates":[[[88.033,27.285],[88.068,27.335],[88.042,27.371],[88.048,27.405],[88.075,27.433],[88.044,27.496],[88.083,27.589],[88.114,27.61],[88.119,27.644],[88.143,27.663],[88.156,27.736],[88.178,27.746],[88.198,27.791],[88.173,27.82],[88.203,27.841],[88.135,27.882],[88.119,27.917],[88.138,27.937],[88.129,27.949],[88.145,27.964],[88.205,27.942],[88.207,27.961],[88.237,27.971],[88.251,27.942],[88.353,27.99],[88.399,27.978],[88.415,27.999],[88.468,28.017],[88.495,28.054],[88.523,28.035],[88.551,28.038],[88.553,28.081],[88.62,28.098],[88.61,28.129],[88.672,28.072],[88.756,28.076],[88.836,28.015],[88.837,27.929],[88.87,27.916],[88.888,27.857],[88.881,27.83],[88.856,27.816],[88.865,27.742],[88.838,27.706],[88.848,27.668],[88.815,27.646],[88.791,27.575],[88.764,27.565],[88.793,27.529],[88.777,27.469],[88.806,27.407],[88.838,27.379],[88.861,27.387],[88.884,27.342],[88.92,27.327],[88.904,27.273],[88.803,27.248],[88.791,27.186],[88.767,27.178],[88.739,27.136],[88.682,27.177],[88.655,27.16],[88.596,27.189],[88.541,27.182],[88.526,27.17],[88.53,27.148],[88.431,27.079],[88.324,27.105],[88.302,27.129],[88.232,27.119],[88.182,27.133],[88.154,27.11],[88.096,27.133],[88.065,27.213],[88.015,27.212],[88.033,27.285]]]}},{"type":"Feature","properties":{"admin_code":"IN-TG","name":"Telangana","name_local":"तेलंगाना"},"geometry":{"type":"Polygon","coordinates":[[[77.571,18.318],[77.52,18.357],[77.552,18.389],[77.557,18.419],[77.528,18.442],[77.585,18.447],[77.549,18.469],[77.573,18.47],[77.576,18.487],[77.603,18.477],[77.605,18.496],[77.586,18.504],[77.596,18.549],[77.648,18.555],[77.656,18.531],[77.739,18.557],[77.75,18.589],[77.73,18.667],[77.754,18.701],[77.768,18.706],[77.787,18.683],[77.84,18.805],[77.949,18.83],[77.93,18.859],[77.903,18.867],[77.885,18.904],[77.843,18.909],[77.859,18.949],[77.819,18.946],[77.822,18.979],[77.772,18.979],[77.762,19.032],[77.765,19.063],[77.8,19.051],[77.81,19.105],[77.85,19.089],[77.834,19.134],[77.861,19.18],[77.848,19.19],[77.871,19.255],[77.908,19.268],[77.866,19.284],[77.863,19.304],[77.945,19.342],[78.043,19.271],[78.042,19.243],[78.056,19.237],[78.079,19.255],[78.089,19.239],[78.117,19.249],[78.145,19.229],[78.175,19.238],[78.194,19.315],[78.172,19.349],[78.188,19.395],[78.176,19.412],[78.195,19.407],[78.27,19.456],[78.304,19.456],[78.293,19.542],[78.274,19.554],[78.304,19.569],[78.306,19.607],[78.29,19.646],[78.263,19.665],[78.276,19.692],[78.312,19.691],[78.343,19.713],[78.365,19.781],[78.357,19.805],[78.334,19.815],[78.336,19.838],[78.286,19.848],[78.307,19.914],[78.333,19.912],[78.332,19.885],[78.381,19.88],[78.386,19.846],[78.423,19.818],[78.472,19.817],[78.49,19.793],[78.515,19.819],[78.552,19.824],[78.693,19.791],[78.719,19.767],[78.74,19.783],[78.782,19.778],[78.802,19.757],[78.841,19.762],[78.86,19.689],[78.852,19.658],[78.887,19.655],[78.904,19.67],[78.956,19.656],[78.956,19.6],[78.973,19.582],[78.94,19.552],[78.981,19.561],[78.998,19.54],[79.046,19.548],[79.098,19.532],[79.19,19.459],[79.224,19.469],[79.204,19.494],[79.24,19.535],[79.253,19.593],[79.244,19.617],[79.307,19.597],[79.314,19.566],[79.366,19.576],[79.471,19.5],[79.519,19.52],[79.519,19.543],[79.54,19.555],[79.553,19.524],[79.596,19.507],[79.629,19.574],[79.709,19.584],[79.753,19.608],[79.816,19.574],[79.865,19.511],[79.945,19.47],[79.978,19.4],[79.959,19.336],[79.966,19.303],[79.925,19.226],[79.946,19.17],[79.858,19.102],[79.871,19.041],[79.928,19.049],[79.94,19.033],[79.962,18.867],[79.916,18.83],[79.921,18.811],[79.964,18.774],[80.019,18.77],[80.053,18.725],[80.118,18.681],[80.158,18.701],[80.197,18.681],[80.213,18.706],[80.278,18.722],[80.346,18.595],[80.374,18.612],[80.39,18.598],[80.455,18.63],[80.515,18.619],[80.535,18.588],[80.638,18.523],[80.655,18.476],[80.705,18.44],[80.699,18.421],[80.735,18.413],[80.72,18.391],[80.749,18.308],[80.794,18.259],[80.737,18.222],[80.737,18.177],[80.799,18.172],[80.824,18.194],[80.824,18.239],[80.837,18.242],[80.866,18.234],[80.873,18.214],[80.853,18.205],[80.867,18.14],[80.914,18.145],[80.979,18.179],[80.949,18.086],[80.998,17.917],[81.008,17.798],[81.047,17.782],[81.086,17.798],[81.104,17.772],[81.058,17.733],[80.991,17.75],[80.973,17.78],[80.886,17.736],[80.886,17.681],[80.905,17.677],[80.911,17.638],[80.861,17.634],[80.855,17.602],[80.969,17.598],[81.02,17.52],[81.098,17.504],[81.127,17.526],[81.142,17.489],[81.16,17.484],[81.148,17.464],[81.176,17.464],[81.172,17.449],[81.193,17.436],[81.205,17.45],[81.312,17.409],[81.323,17.375],[81.274,17.317],[81.19,17.325],[81.174,17.23],[81.08,17.215],[81.055,17.225],[81.031,17.19],[80.919,17.22],[80.924,17.158],[80.879,17.161],[80.868,17.123],[80.877,17.07],[80.845,17.04],[80.739,17.08],[80.654,17.069],[80.671,17.101],[80.58,17.153],[80.563,17.133],[80.514,17.122],[80.505,17.069],[80.471,17.05],[80.465,17.03],[80.439,17.038],[80.409,17.092],[80.386,17.068],[80.407,17.016],[80.363,16.976],[80.45,16.955],[80.493,16.927],[80.499,16.956],[80.526,16.948],[80.535,16.961],[80.602,16.919],[80.587,16.904],[80.596,16.885],[80.568,16.869],[80.563,16.833],[80.613,16.794],[80.57,16.768],[80.464,16.795],[80.464,16.82],[80.383,16.865],[80.379,16.852],[80.408,16.848],[80.38,16.817],[80.374,16.852],[80.322,16.88],[80.316,16.948],[80.294,16.996],[80.211,17.01],[80.196,17.044],[80.187,17.02],[80.14,16.991],[80.095,16.991],[80.092,16.968],[80.055,16.971],[80.04,16.918],[80.017,16.915],[79.999,16.865],[80.047,16.853],[80.071,16.802],[80.055,16.745],[79.997,16.702],[79.95,16.636],[79.91,16.634],[79.878,16.697],[79.851,16.706],[79.817,16.692],[79.774,16.731],[79.723,16.69],[79.682,16.694],[79.633,16.66],[79.599,16.673],[79.542,16.632],[79.447,16.62],[79.419,16.58],[79.257,16.566],[79.215,16.488],[79.233,16.459],[79.212,16.447],[79.21,16.358],[79.234,16.334],[79.217,16.227],[79.157,16.209],[79.12,16.232],[79.102,16.223],[79.01,16.24],[78.986,16.211],[78.905,16.184],[78.922,16.104],[78.896,16.086],[78.872,16.144],[78.834,16.145],[78.84,16.078],[78.786,16.021],[78.736,16.008],[78.681,16.035],[78.627,16.088],[78.552,16.043],[78.408,16.075],[78.327,16.037],[78.312,16.012],[78.261,16.026],[78.252,15.935],[78.184,15.91],[78.175,15.858],[78.136,15.855],[78.134,15.836],[78.084,15.841],[78.032,15.907],[78.009,15.862],[77.888,15.906],[77.859,15.884],[77.804,15.874],[77.724,15.896],[77.659,15.886],[77.611,15.918],[77.513,15.927],[77.514,16.008],[77.494,16.037],[77.507,16.08],[77.494,16.086],[77.513,16.108],[77.49,16.12],[77.486,16.163],[77.501,16.222],[77.516,16.228],[77.492,16.229],[77.49,16.255],[77.505,16.276],[77.537,16.267],[77.563,16.302],[77.598,16.293],[77.595,16.342],[77.49,16.385],[77.421,16.366],[77.349,16.384],[77.288,16.409],[77.236,16.473],[77.294,16.477],[77.299,16.496],[77.369,16.489],[77.378,16.514],[77.419,16.522],[77.419,16.549],[77.393,16.57],[77.424,16.569],[77.467,16.599],[77.454,16.617],[77.476,16.65],[77.434,16.641],[77.419,16.669],[77.47,16.687],[77.474,16.717],[77.426,16.723],[77.44,16.789],[77.477,16.788],[77.457,16.83],[77.454,16.914],[77.469,16.919],[77.48,16.996],[77.503,17.014],[77.464,17.11],[77.407,17.125],[77.364,17.159],[77.372,17.196],[77.394,17.194],[77.404,17.21],[77.38,17.223],[77.42,17.238],[77.459,17.279],[77.438,17.292],[77.456,17.331],[77.454,17.374],[77.479,17.371],[77.484,17.355],[77.53,17.371],[77.538,17.406],[77.514,17.414],[77.513,17.431],[77.537,17.444],[77.576,17.431],[77.576,17.456],[77.614,17.446],[77.615,17.473],[77.645,17.478],[77.657,17.507],[77.652,17.483],[77.689,17.477],[77.689,17.511],[77.597,17.534],[77.594,17.565],[77.551,17.552],[77.528,17.575],[77.507,17.542],[77.494,17.568],[77.443,17.584],[77.452,17.695],[77.546,17.727],[77.569,17.749],[77.569,17.766],[77.507,17.786],[77.528,17.828],[77.554,17.82],[77.576,17.875],[77.599,17.873],[77.586,17.908],[77.619,17.904],[77.625,17.96],[77.633,17.967],[77.65,17.95],[77.656,17.968],[77.649,17.999],[77.554,18.036],[77.548,18.065],[77.597,18.087],[77.601,18.103],[77.597,18.156],[77.564,18.196],[77.585,18.22],[77.572,18.244],[77.605,18.281],[77.551,18.292],[77.571,18.318]]]}},{"type":"Feature","properties":{"admin_code":"IN-TN","name":"Tamil Nadu","name_local":"तमिलनाडु"},"geometry":{"type":"MultiPolygon","coordinates":[[[[77.307,8.127],[77.305,8.129],[77.31,8.126],[77.307,8.127]]],[[[77.245,8.17],[77.243,8.171],[77.246,8.172],[77.245,8.17]]],[[[77.236,8.176],[77.237,8.177],[77.24,8.177],[77.236,8.176]]],[[[78.204,8.837],[78.21,8.836],[78.207,8.832],[78.204,8.837]]],[[[78.212,8.839],[78.214,8.835],[78.212,8.834],[78.212,8.839]]],[[[78.226,8.873],[78.228,8.867],[78.221,8.873],[78.226,8.873]]],[[[78.219,8.88],[78.218,8.885],[78.223,8.884],[78.219,8.88]]],[[[78.267,8.939],[78.27,8.942],[78.269,8.937],[78.267,8.939]]],[[[78.255,8.955],[78.255,8.949],[78.252,8.949],[78.255,8.955]]],[[[78.49,9.094],[78.497,9.09],[78.494,9.086],[78.49,9.094]]],[[[78.535,9.103],[78.539,9.106],[78.538,9.102],[78.535,9.103]]],[[[78.571,9.104],[78.587,9.111],[78.588,9.107],[78.571,9.104]]],[[[78.695,9.155],[78.697,9.156],[78.696,9.151],[78.695,9.155]]],[[[79.768,11.823],[79.737,11.844],[79.736,11.809],[79.712,11.792],[79.755,11.775],[79.766,11.792],[79.796,11.785],[79.757,11.558],[79.843,11.351],[79.854,10.983],[79.84,11.002],[79.815,11.004],[79.798,10.983],[79.749,11.003],[79.764,10.96],[79.731,10.971],[79.719,10.956],[79.737,10.957],[79.725,10.929],[79.763,10.914],[79.756,10.892],[79.789,10.909],[79.784,10.889],[79.828,10.884],[79.811,10.88],[79.825,10.865],[79.808,10.856],[79.828,10.85],[79.831,10.827],[79.853,10.827],[79.853,10.627],[79.881,10.306],[79.859,10.282],[79.768,10.272],[79.517,10.313],[79.389,10.317],[79.297,10.262],[79.228,10.147],[79.229,10.09],[79.266,10.039],[79.155,9.932],[79.119,9.877],[79.119,9.852],[78.98,9.69],[78.927,9.585],[78.914,9.493],[78.898,9.49],[78.936,9.409],[79.067,9.298],[79.21,9.283],[79.267,9.293],[79.311,9.328],[79.329,9.32],[79.316,9.274],[79.433,9.161],[79.3,9.246],[79.217,9.255],[79.209,9.282],[79.09,9.26],[78.965,9.274],[78.733,9.212],[78.717,9.189],[78.664,9.194],[78.643,9.176],[78.657,9.158],[78.578,9.13],[78.524,9.137],[78.407,9.11],[78.218,8.968],[78.19,8.928],[78.161,8.775],[78.197,8.763],[78.2,8.793],[78.202,8.756],[78.139,8.68],[78.145,8.598],[78.131,8.548],[78.143,8.502],[78.064,8.412],[78.067,8.375],[77.991,8.35],[77.891,8.27],[77.841,8.252],[77.794,8.162],[77.758,8.145],[77.73,8.164],[77.605,8.147],[77.567,8.118],[77.571,8.093],[77.555,8.077],[77.316,8.122],[77.31,8.126],[77.098,8.292],[77.129,8.325],[77.18,8.323],[77.167,8.343],[77.174,8.359],[77.152,8.355],[77.151,8.384],[77.168,8.384],[77.206,8.444],[77.227,8.447],[77.201,8.501],[77.262,8.506],[77.284,8.547],[77.246,8.604],[77.251,8.62],[77.201,8.669],[77.207,8.685],[77.17,8.742],[77.191,8.742],[77.197,8.768],[77.23,8.785],[77.264,8.842],[77.258,8.875],[77.221,8.904],[77.221,8.928],[77.193,8.926],[77.196,8.955],[77.147,9.021],[77.167,9.045],[77.197,9.047],[77.212,9.1],[77.268,9.153],[77.252,9.19],[77.282,9.217],[77.283,9.301],[77.299,9.311],[77.3,9.337],[77.325,9.337],[77.349,9.441],[77.366,9.46],[77.393,9.459],[77.412,9.509],[77.4,9.527],[77.385,9.519],[77.365,9.535],[77.35,9.567],[77.361,9.602],[77.339,9.573],[77.318,9.603],[77.27,9.573],[77.234,9.582],[77.209,9.614],[77.166,9.613],[77.207,9.695],[77.204,9.722],[77.224,9.73],[77.223,9.788],[77.247,9.798],[77.222,9.823],[77.237,9.852],[77.213,9.877],[77.218,9.905],[77.247,9.952],[77.273,9.964],[77.255,10.012],[77.264,10.029],[77.201,10.107],[77.239,10.131],[77.268,10.122],[77.275,10.185],[77.295,10.219],[77.281,10.237],[77.259,10.23],[77.264,10.264],[77.227,10.317],[77.235,10.353],[77.176,10.359],[77.12,10.318],[77.091,10.315],[77.044,10.284],[77.048,10.259],[76.984,10.22],[76.912,10.234],[76.873,10.276],[76.873,10.298],[76.849,10.285],[76.83,10.303],[76.849,10.367],[76.816,10.423],[76.843,10.537],[76.839,10.596],[76.817,10.603],[76.81,10.624],[76.814,10.635],[76.882,10.639],[76.868,10.694],[76.892,10.718],[76.907,10.783],[76.901,10.808],[76.848,10.82],[76.854,10.84],[76.828,10.873],[76.741,10.891],[76.659,10.931],[76.7,11.027],[76.718,11.041],[76.767,11.029],[76.801,11.054],[76.778,11.042],[76.746,11.057],[76.748,11.135],[76.7,11.154],[76.698,11.174],[76.729,11.191],[76.735,11.218],[76.706,11.24],[76.629,11.194],[76.534,11.186],[76.496,11.211],[76.472,11.209],[76.458,11.188],[76.439,11.199],[76.453,11.239],[76.522,11.271],[76.546,11.3],[76.548,11.359],[76.508,11.354],[76.518,11.372],[76.46,11.389],[76.416,11.423],[76.419,11.442],[76.398,11.436],[76.342,11.468],[76.326,11.454],[76.284,11.483],[76.247,11.468],[76.24,11.527],[76.251,11.537],[76.234,11.571],[76.279,11.601],[76.302,11.571],[76.336,11.596],[76.355,11.589],[76.388,11.63],[76.432,11.631],[76.444,11.647],[76.431,11.666],[76.458,11.664],[76.512,11.705],[76.551,11.674],[76.56,11.623],[76.577,11.615],[76.757,11.619],[76.847,11.595],[76.858,11.614],[76.835,11.656],[76.888,11.734],[76.908,11.795],[76.954,11.792],[76.97,11.777],[76.982,11.812],[77.013,11.815],[77.039,11.794],[77.029,11.775],[77.063,11.791],[77.056,11.77],[77.08,11.736],[77.118,11.721],[77.111,11.774],[77.239,11.795],[77.25,11.813],[77.294,11.809],[77.335,11.771],[77.365,11.791],[77.394,11.788],[77.427,11.761],[77.467,11.847],[77.462,11.9],[77.486,11.888],[77.494,11.943],[77.538,11.932],[77.676,11.952],[77.696,12.016],[77.776,12.117],[77.728,12.182],[77.611,12.206],[77.493,12.197],[77.472,12.208],[77.483,12.229],[77.471,12.244],[77.488,12.281],[77.551,12.291],[77.617,12.368],[77.635,12.488],[77.626,12.496],[77.607,12.475],[77.584,12.479],[77.616,12.509],[77.587,12.515],[77.58,12.552],[77.591,12.615],[77.606,12.629],[77.599,12.667],[77.66,12.684],[77.676,12.68],[77.679,12.66],[77.704,12.661],[77.712,12.683],[77.74,12.673],[77.737,12.698],[77.765,12.701],[77.774,12.724],[77.763,12.737],[77.792,12.747],[77.779,12.768],[77.809,12.797],[77.81,12.832],[77.792,12.842],[77.836,12.87],[77.89,12.87],[77.929,12.891],[77.928,12.875],[77.942,12.872],[77.921,12.828],[77.941,12.823],[77.94,12.853],[77.952,12.857],[77.996,12.806],[78.015,12.814],[78.004,12.826],[78.029,12.845],[78.024,12.857],[78.053,12.854],[78.134,12.782],[78.231,12.761],[78.241,12.73],[78.206,12.706],[78.211,12.686],[78.271,12.705],[78.301,12.666],[78.371,12.627],[78.465,12.624],[78.468,12.676],[78.5,12.676],[78.503,12.717],[78.52,12.712],[78.489,12.742],[78.517,12.724],[78.521,12.736],[78.525,12.715],[78.544,12.711],[78.53,12.71],[78.535,12.691],[78.556,12.7],[78.556,12.756],[78.592,12.783],[78.633,12.932],[78.657,12.932],[78.621,12.991],[78.655,13.015],[78.656,13.031],[78.705,13.015],[78.714,13.069],[78.752,13.055],[78.794,13.067],[78.813,13.089],[78.842,13.079],[78.892,13.097],[78.892,13.033],[78.937,13.03],[78.904,13.048],[78.924,13.081],[78.995,13.087],[79.063,13.053],[79.081,13.026],[79.114,13.039],[79.163,13.02],[79.193,13.047],[79.18,13.049],[79.192,13.056],[79.178,13.059],[79.192,13.067],[79.181,13.084],[79.234,13.105],[79.233,13.139],[79.21,13.148],[79.235,13.171],[79.245,13.138],[79.257,13.161],[79.28,13.153],[79.284,13.123],[79.312,13.126],[79.294,13.11],[79.307,13.106],[79.341,13.137],[79.345,13.121],[79.36,13.124],[79.356,13.165],[79.38,13.163],[79.369,13.173],[79.388,13.178],[79.374,13.189],[79.438,13.188],[79.453,13.238],[79.431,13.23],[79.438,13.243],[79.418,13.243],[79.408,13.265],[79.434,13.275],[79.445,13.301],[79.42,13.29],[79.382,13.308],[79.435,13.352],[79.456,13.339],[79.537,13.339],[79.535,13.275],[79.579,13.258],[79.596,13.285],[79.632,13.27],[79.642,13.29],[79.665,13.279],[79.682,13.296],[79.696,13.267],[79.678,13.262],[79.684,13.244],[79.713,13.245],[79.703,13.222],[79.718,13.217],[79.737,13.237],[79.76,13.207],[79.794,13.226],[79.795,13.242],[79.734,13.289],[79.757,13.295],[79.761,13.319],[79.792,13.294],[79.809,13.317],[79.863,13.317],[79.916,13.36],[79.938,13.356],[79.963,13.391],[79.935,13.416],[79.973,13.43],[79.972,13.469],[80.008,13.478],[80.016,13.498],[80.047,13.494],[80.048,13.512],[80.0,13.526],[80.0,13.542],[80.057,13.537],[80.081,13.55],[80.078,13.489],[80.139,13.504],[80.145,13.491],[80.215,13.49],[80.242,13.471],[80.269,13.565],[80.326,13.445],[80.347,13.313],[80.295,13.093],[80.311,13.108],[80.261,12.944],[80.255,12.781],[80.138,12.411],[80.046,12.313],[79.874,12.043],[79.85,12.052],[79.84,12.013],[79.857,12.007],[79.841,11.956],[79.813,11.978],[79.805,11.953],[79.785,11.96],[79.75,11.92],[79.744,11.965],[79.723,11.977],[79.76,11.989],[79.748,12.008],[79.696,11.964],[79.697,11.942],[79.711,11.933],[79.71,11.95],[79.721,11.945],[79.717,11.929],[79.741,11.905],[79.711,11.891],[79.707,11.914],[79.719,11.919],[79.696,11.919],[79.695,11.895],[79.674,11.881],[79.71,11.889],[79.717,11.855],[79.74,11.865],[79.751,11.848],[79.768,11.876],[79.766,11.841],[79.801,11.855],[79.807,11.834],[79.768,11.823]],[[79.81,10.878],[79.809,10.881],[79.806,10.88],[79.81,10.878]],[[79.801,12.017],[79.805,12.025],[79.789,12.028],[79.801,12.017]],[[79.722,10.935],[79.722,10.938],[79.72,10.936],[79.722,10.935]],[[79.657,11.992],[79.72,11.992],[79.705,12.032],[79.676,12.022],[79.657,11.992]],[[79.703,11.813],[79.7,11.822],[79.693,11.822],[79.703,11.813]],[[79.697,11.874],[79.696,11.86],[79.699,11.861],[79.697,11.874]],[[79.688,11.812],[79.676,11.814],[79.681,11.796],[79.688,11.812]],[[79.655,11.953],[79.677,11.948],[79.688,11.97],[79.655,11.953]],[[79.648,11.815],[79.671,11.815],[79.654,11.843],[79.648,11.815]],[[79.651,12.022],[79.626,12.032],[79.618,11.936],[79.632,11.901],[79.671,11.93],[79.657,11.948],[79.643,11.942],[79.651,12.022]],[[79.602,11.858],[79.619,11.87],[79.647,11.85],[79.663,11.861],[79.625,11.891],[79.599,11.883],[79.602,11.858]]],[[[78.728,9.153],[78.731,9.156],[78.731,9.152],[78.728,9.153]]],[[[78.752,9.157],[78.752,9.156],[78.751,9.157],[78.752,9.157]]],[[[78.819,9.161],[78.817,9.16],[78.819,9.166],[78.824,9.166],[78.819,9.161]]],[[[78.828,9.168],[78.824,9.167],[78.828,9.174],[78.828,9.168]]],[[[78.943,9.187],[78.897,9.18],[78.906,9.185],[78.943,9.187]]],[[[78.967,9.183],[78.967,9.187],[78.969,9.188],[78.967,9.183]]],[[[79.066,9.199],[79.057,9.197],[79.07,9.21],[79.087,9.191],[79.066,9.199]]],[[[79.139,9.212],[79.139,9.213],[79.141,9.213],[79.139,9.212]]],[[[79.129,9.214],[79.134,9.215],[79.128,9.213],[79.122,9.215],[79.122,9.217],[79.129,9.214]]],[[[79.136,9.216],[79.124,9.221],[79.147,9.225],[79.162,9.214],[79.136,9.216]]],[[[79.146,9.23],[79.144,9.232],[79.147,9.235],[79.146,9.23]]],[[[79.142,9.237],[79.141,9.234],[79.138,9.235],[79.142,9.237]]],[[[79.147,9.236],[79.144,9.24],[79.147,9.243],[79.147,9.236]]],[[[79.136,9.255],[79.139,9.255],[79.139,9.252],[79.136,9.255]]],[[[79.492,9.124],[79.496,9.125],[79.489,9.119],[79.492,9.124]]],[[[79.487,9.127],[79.489,9.128],[79.488,9.127],[79.487,9.127]]],[[[79.48,9.13],[79.481,9.131],[79.482,9.13],[79.48,9.13]]],[[[79.481,9.133],[79.483,9.134],[79.483,9.133],[79.481,9.133]]],[[[79.47,9.14],[79.472,9.14],[79.474,9.136],[79.47,9.14]]],[[[79.467,9.143],[79.468,9.141],[79.465,9.143],[79.467,9.143]]],[[[79.453,9.147],[79.45,9.148],[79.453,9.15],[79.453,9.147]]],[[[79.445,9.153],[79.446,9.152],[79.445,9.151],[79.445,9.153]]],[[[79.448,9.153],[79.444,9.157],[79.445,9.157],[79.448,9.153]]],[[[79.16,9.236],[79.158,9.236],[79.159,9.239],[79.16,9.236]]],[[[79.18,9.249],[79.226,9.25],[79.209,9.229],[79.192,9.224],[79.18,9.249]]],[[[79.236,9.248],[79.239,9.236],[79.232,9.238],[79.236,9.248]]],[[[79.778,11.863],[79.77,11.903],[79.796,11.9],[79.778,11.863]]]]}},{"type":"Feature","properties":{"admin_code":"IN-TR","name":"Tripura","name_local":"त्रिपुरा"},"geometry":{"type":"Polygon","coordinates":[[[91.801,23.518],[91.798,23.489],[91.827,23.463],[91.842,23.389],[91.824,23.353],[91.764,23.31],[91.76,23.283],[91.777,23.27],[91.806,23.18],[91.814,23.099],[91.835,23.093],[91.806,23.063],[91.774,23.07],[91.78,23.029],[91.769,23.041],[91.72,22.987],[91.646,22.985],[91.619,22.939],[91.6,22.955],[91.613,22.959],[91.606,22.972],[91.576,22.966],[91.542,23.0],[91.55,23.039],[91.53,23.038],[91.53,23.092],[91.503,23.131],[91.515,23.145],[91.491,23.158],[91.492,23.178],[91.507,23.184],[91.471,23.197],[91.484,23.209],[91.45,23.219],[91.47,23.228],[91.444,23.247],[91.454,23.26],[91.418,23.256],[91.409,23.285],[91.411,23.256],[91.397,23.265],[91.409,23.248],[91.392,23.246],[91.401,23.229],[91.386,23.228],[91.38,23.185],[91.417,23.065],[91.396,23.056],[91.347,23.102],[91.323,23.158],[91.326,23.252],[91.299,23.285],[91.314,23.301],[91.288,23.315],[91.323,23.363],[91.293,23.355],[91.297,23.382],[91.284,23.383],[91.255,23.487],[91.202,23.514],[91.213,23.547],[91.193,23.545],[91.176,23.591],[91.161,23.595],[91.157,23.67],[91.191,23.647],[91.214,23.657],[91.2,23.665],[91.207,23.689],[91.154,23.691],[91.157,23.742],[91.227,23.753],[91.248,23.83],[91.22,23.891],[91.243,23.903],[91.233,23.92],[91.269,23.923],[91.257,23.943],[91.28,23.982],[91.291,23.969],[91.301,23.997],[91.379,23.975],[91.373,24.002],[91.397,24.047],[91.376,24.106],[91.581,24.074],[91.591,24.096],[91.631,24.104],[91.629,24.139],[91.656,24.186],[91.647,24.217],[91.662,24.232],[91.683,24.162],[91.756,24.142],[91.747,24.245],[91.816,24.21],[91.841,24.227],[91.837,24.197],[91.918,24.116],[91.91,24.141],[91.942,24.263],[91.922,24.338],[91.96,24.359],[91.994,24.329],[91.977,24.387],[91.988,24.38],[92.001,24.395],[92.082,24.375],[92.111,24.383],[92.139,24.425],[92.163,24.419],[92.15,24.491],[92.156,24.526],[92.169,24.527],[92.23,24.502],[92.23,24.452],[92.247,24.442],[92.257,24.399],[92.26,24.359],[92.21,24.248],[92.192,24.243],[92.22,24.234],[92.292,24.25],[92.332,24.18],[92.312,24.052],[92.326,23.998],[92.308,23.961],[92.325,23.914],[92.315,23.861],[92.285,23.867],[92.269,23.848],[92.282,23.815],[92.257,23.813],[92.265,23.725],[92.241,23.719],[92.226,23.652],[92.211,23.662],[92.205,23.706],[92.17,23.706],[92.128,23.736],[92.074,23.646],[92.043,23.646],[91.999,23.673],[91.983,23.728],[91.958,23.739],[91.959,23.699],[91.937,23.689],[91.956,23.526],[91.976,23.497],[91.974,23.481],[91.94,23.468],[91.947,23.431],[91.907,23.44],[91.864,23.408],[91.866,23.446],[91.801,23.518]]]}},{"type":"Feature","properties":{"admin_code":"IN-UP","name":"Uttar Pradesh","name_local":"उत्तर प्रदेश"},"geometry":{"type":"MultiPolygon","coordinates":[[[[79.369,25.054],[79.356,25.04],[79.349,25.062],[79.38,25.065],[79.38,25.101],[79.351,25.117],[79.36,25.144],[79.374,25.143],[79.364,25.126],[79.381,25.122],[79.387,25.086],[79.426,25.059],[79.417,25.038],[79.369,25.054]]],[[[79.373,25.18],[79.366,25.172],[79.354,25.176],[79.36,25.189],[79.373,25.18]]],[[[77.648,30.405],[77.722,30.33],[77.847,30.272],[77.962,30.242],[77.919,30.211],[77.86,30.113],[77.828,30.086],[77.801,30.096],[77.771,30.048],[77.782,30.019],[77.762,30.009],[77.733,29.956],[77.748,29.952],[77.73,29.932],[77.748,29.911],[77.714,29.87],[77.742,29.852],[77.752,29.811],[77.775,29.791],[77.77,29.745],[77.783,29.736],[77.77,29.718],[77.81,29.702],[77.799,29.686],[77.834,29.669],[77.883,29.702],[77.913,29.696],[77.946,29.713],[77.94,29.696],[77.984,29.644],[77.978,29.613],[77.948,29.617],[77.933,29.601],[77.964,29.581],[77.995,29.596],[78.022,29.581],[78.018,29.598],[78.057,29.631],[78.087,29.625],[78.081,29.635],[78.131,29.653],[78.172,29.692],[78.196,29.693],[78.204,29.737],[78.26,29.738],[78.336,29.797],[78.501,29.733],[78.517,29.719],[78.533,29.639],[78.618,29.558],[78.8,29.465],[78.942,29.439],[78.85,29.345],[78.825,29.367],[78.796,29.312],[78.793,29.328],[78.767,29.337],[78.75,29.317],[78.734,29.322],[78.734,29.303],[78.719,29.307],[78.808,29.237],[78.858,29.242],[78.874,29.23],[78.875,29.205],[78.909,29.179],[78.919,29.136],[78.907,29.125],[78.956,29.12],[78.982,29.143],[79.008,29.112],[79.027,29.112],[79.041,29.128],[79.017,29.131],[79.018,29.154],[79.037,29.145],[79.036,29.169],[79.112,29.128],[79.127,29.133],[79.154,29.115],[79.143,29.067],[79.175,29.046],[79.162,29.029],[79.171,29.012],[79.212,29.028],[79.307,28.967],[79.312,28.977],[79.365,28.968],[79.372,28.988],[79.385,28.952],[79.407,28.952],[79.428,28.92],[79.426,28.866],[79.522,28.865],[79.556,28.899],[79.584,28.879],[79.573,28.855],[79.584,28.846],[79.656,28.87],[79.707,28.841],[79.749,28.872],[79.818,28.888],[79.85,28.859],[79.831,28.855],[79.837,28.84],[79.824,28.839],[79.837,28.832],[79.808,28.801],[79.849,28.8],[79.846,28.823],[79.863,28.84],[79.888,28.837],[79.916,28.804],[79.878,28.815],[79.873,28.797],[79.901,28.782],[79.94,28.788],[79.924,28.773],[79.954,28.723],[80.03,28.749],[80.062,28.783],[80.068,28.803],[80.052,28.82],[80.065,28.837],[80.075,28.824],[80.119,28.828],[80.216,28.755],[80.254,28.755],[80.266,28.743],[80.257,28.729],[80.317,28.7],[80.326,28.666],[80.378,28.629],[80.415,28.639],[80.459,28.624],[80.469,28.583],[80.515,28.553],[80.531,28.572],[80.506,28.671],[80.54,28.69],[80.59,28.68],[80.59,28.647],[80.667,28.642],[80.677,28.604],[80.696,28.604],[80.69,28.588],[80.714,28.569],[80.769,28.566],[80.789,28.524],[80.866,28.489],[80.861,28.505],[80.896,28.507],[80.915,28.458],[80.914,28.468],[80.93,28.458],[80.932,28.459],[80.951,28.447],[80.98,28.455],[80.964,28.445],[80.979,28.434],[81.017,28.451],[81.013,28.437],[81.035,28.428],[81.017,28.416],[81.035,28.399],[81.036,28.413],[81.058,28.414],[81.089,28.386],[81.211,28.361],[81.234,28.326],[81.233,28.289],[81.321,28.197],[81.321,28.169],[81.302,28.167],[81.328,28.148],[81.317,28.134],[81.384,28.147],[81.37,28.153],[81.384,28.167],[81.375,28.178],[81.426,28.171],[81.484,28.119],[81.478,28.083],[81.644,27.993],[81.699,27.988],[81.885,27.857],[81.925,27.86],[81.968,27.929],[82.07,27.923],[82.122,27.865],[82.207,27.843],[82.449,27.68],[82.708,27.723],[82.713,27.663],[82.738,27.643],[82.735,27.61],[82.754,27.586],[82.735,27.503],[82.929,27.501],[82.954,27.468],[83.035,27.449],[83.188,27.454],[83.272,27.383],[83.273,27.353],[83.318,27.331],[83.36,27.344],[83.41,27.413],[83.385,27.436],[83.403,27.457],[83.388,27.479],[83.615,27.469],[83.831,27.37],[83.864,27.347],[83.837,27.322],[83.86,27.308],[83.925,27.322],[83.934,27.3],[83.905,27.257],[83.97,27.224],[83.993,27.182],[83.959,27.136],[83.947,27.09],[84.031,27.097],[84.0,27.069],[84.05,27.043],[84.037,27.009],[84.057,26.99],[84.046,26.982],[84.055,26.96],[84.032,26.941],[84.06,26.92],[84.06,26.888],[84.098,26.876],[84.11,26.899],[84.146,26.885],[84.141,26.853],[84.166,26.834],[84.22,26.872],[84.254,26.857],[84.26,26.804],[84.233,26.754],[84.241,26.739],[84.256,26.727],[84.306,26.75],[84.33,26.684],[84.411,26.67],[84.42,26.627],[84.307,26.616],[84.281,26.6],[84.16,26.625],[84.159,26.636],[84.087,26.639],[84.089,26.603],[84.048,26.536],[84.009,26.522],[83.977,26.533],[83.971,26.508],[83.94,26.525],[83.908,26.519],[83.908,26.447],[83.992,26.432],[84.017,26.448],[84.034,26.412],[84.079,26.383],[84.177,26.371],[84.186,26.313],[84.166,26.241],[84.151,26.258],[84.121,26.259],[84.087,26.219],[84.019,26.239],[84.029,26.199],[84.009,26.175],[84.034,26.16],[84.028,26.142],[84.05,26.131],[84.056,26.1],[84.104,26.093],[84.173,26.025],[84.17,25.988],[84.207,26.0],[84.297,25.945],[84.354,25.959],[84.412,25.931],[84.428,25.891],[84.534,25.876],[84.544,25.859],[84.523,25.86],[84.531,25.832],[84.548,25.829],[84.551,25.841],[84.625,25.792],[84.624,25.771],[84.603,25.762],[84.635,25.728],[84.56,25.737],[84.557,25.68],[84.535,25.691],[84.54,25.727],[84.529,25.683],[84.499,25.675],[84.453,25.714],[84.43,25.711],[84.427,25.693],[84.407,25.698],[84.4,25.729],[84.384,25.732],[84.391,25.745],[84.337,25.744],[84.324,25.67],[84.287,25.677],[84.3,25.665],[84.276,25.659],[84.206,25.67],[84.199,25.702],[84.155,25.729],[84.143,25.716],[84.13,25.718],[84.14,25.732],[84.104,25.721],[84.075,25.695],[84.081,25.636],[84.017,25.615],[83.921,25.552],[83.902,25.524],[83.876,25.518],[83.856,25.468],[83.817,25.463],[83.813,25.448],[83.846,25.434],[83.802,25.43],[83.808,25.409],[83.769,25.386],[83.741,25.411],[83.71,25.386],[83.702,25.396],[83.682,25.379],[83.694,25.37],[83.656,25.368],[83.649,25.339],[83.596,25.328],[83.574,25.306],[83.572,25.315],[83.54,25.316],[83.554,25.309],[83.505,25.281],[83.49,25.29],[83.468,25.252],[83.45,25.261],[83.436,25.244],[83.41,25.247],[83.402,25.209],[83.357,25.2],[83.351,25.157],[83.367,25.125],[83.35,25.113],[83.343,25.051],[83.32,25.017],[83.351,25.009],[83.343,24.963],[83.362,24.954],[83.355,24.905],[83.37,24.88],[83.358,24.871],[83.397,24.832],[83.393,24.783],[83.428,24.768],[83.458,24.732],[83.489,24.736],[83.485,24.702],[83.52,24.678],[83.5,24.651],[83.548,24.623],[83.524,24.603],[83.53,24.567],[83.497,24.539],[83.503,24.525],[83.397,24.496],[83.386,24.451],[83.405,24.436],[83.405,24.405],[83.434,24.401],[83.457,24.365],[83.38,24.313],[83.407,24.289],[83.409,24.266],[83.379,24.23],[83.383,24.198],[83.354,24.125],[83.299,24.079],[83.279,24.018],[83.243,24.012],[83.224,23.987],[83.208,23.921],[83.098,23.873],[82.948,23.871],[82.837,23.957],[82.813,23.96],[82.804,24.004],[82.751,24.013],[82.774,24.076],[82.714,24.075],[82.707,24.097],[82.666,24.124],[82.678,24.153],[82.728,24.136],[82.744,24.166],[82.735,24.217],[82.759,24.237],[82.773,24.344],[82.764,24.376],[82.725,24.368],[82.713,24.38],[82.74,24.43],[82.73,24.472],[82.744,24.496],[82.721,24.514],[82.731,24.535],[82.719,24.552],[82.743,24.547],[82.801,24.58],[82.803,24.598],[82.765,24.596],[82.779,24.614],[82.774,24.642],[82.707,24.636],[82.702,24.675],[82.671,24.697],[82.539,24.648],[82.524,24.676],[82.45,24.675],[82.453,24.689],[82.43,24.703],[82.406,24.681],[82.416,24.591],[82.364,24.598],[82.339,24.62],[82.298,24.605],[82.303,24.667],[82.269,24.683],[82.261,24.661],[82.249,24.671],[82.239,24.661],[82.23,24.682],[82.25,24.697],[82.251,24.77],[82.246,24.744],[82.226,24.761],[82.229,24.745],[82.207,24.747],[82.214,24.734],[82.177,24.732],[82.203,24.758],[82.197,24.778],[82.218,24.777],[82.216,24.794],[82.184,24.796],[82.204,24.819],[82.167,24.801],[82.179,24.795],[82.167,24.785],[82.139,24.799],[82.116,24.784],[82.098,24.816],[82.017,24.846],[81.965,24.827],[81.903,24.892],[81.92,24.928],[81.907,25.006],[81.896,25.01],[81.891,24.989],[81.835,25.017],[81.793,25.004],[81.732,25.049],[81.69,25.039],[81.667,25.075],[81.612,25.056],[81.6,25.074],[81.641,25.099],[81.624,25.12],[81.608,25.096],[81.598,25.131],[81.623,25.141],[81.626,25.161],[81.588,25.166],[81.596,25.182],[81.579,25.191],[81.515,25.184],[81.537,25.161],[81.527,25.138],[81.5,25.149],[81.497,25.129],[81.48,25.132],[81.49,25.11],[81.518,25.101],[81.491,25.072],[81.407,25.105],[81.448,25.107],[81.438,25.131],[81.4,25.119],[81.335,25.169],[81.32,25.157],[81.331,25.115],[81.321,25.113],[81.313,25.164],[81.278,25.166],[81.252,25.102],[81.267,25.085],[81.264,25.053],[81.209,24.993],[81.22,24.929],[81.193,24.925],[81.207,24.93],[81.168,24.955],[81.14,24.888],[81.096,24.921],[81.085,24.95],[81.034,24.953],[81.026,24.94],[81.016,24.951],[81.023,24.928],[80.974,24.934],[80.957,24.918],[80.947,24.966],[80.899,24.949],[80.907,24.935],[80.893,24.945],[80.812,24.923],[80.82,24.933],[80.792,24.965],[80.852,24.989],[80.832,25.033],[80.878,25.065],[80.868,25.116],[80.913,25.159],[80.885,25.188],[80.869,25.174],[80.838,25.181],[80.849,25.163],[80.83,25.1],[80.808,25.137],[80.786,25.129],[80.778,25.142],[80.742,25.124],[80.73,25.147],[80.704,25.128],[80.727,25.119],[80.725,25.091],[80.783,25.076],[80.776,25.055],[80.737,25.053],[80.717,25.069],[80.68,25.049],[80.685,25.077],[80.662,25.068],[80.659,25.084],[80.608,25.098],[80.638,25.117],[80.629,25.134],[80.611,25.128],[80.607,25.15],[80.592,25.09],[80.613,25.066],[80.568,25.087],[80.545,25.064],[80.518,25.095],[80.483,25.1],[80.507,25.084],[80.501,25.042],[80.546,25.032],[80.55,25.002],[80.499,25.006],[80.479,24.974],[80.456,24.982],[80.462,25.002],[80.437,24.995],[80.455,25.006],[80.433,25.024],[80.454,25.042],[80.474,25.031],[80.502,25.037],[80.475,25.038],[80.45,25.079],[80.416,25.073],[80.409,25.055],[80.401,25.07],[80.388,25.051],[80.374,25.056],[80.396,25.012],[80.387,25.004],[80.363,25.024],[80.331,24.992],[80.274,25.026],[80.291,25.06],[80.311,25.044],[80.355,25.056],[80.348,25.087],[80.376,25.116],[80.355,25.138],[80.432,25.178],[80.403,25.244],[80.384,25.237],[80.351,25.277],[80.311,25.286],[80.315,25.389],[80.264,25.424],[80.254,25.401],[80.221,25.397],[80.202,25.414],[80.195,25.378],[80.169,25.377],[80.131,25.334],[80.089,25.356],[80.073,25.337],[80.033,25.342],[80.022,25.298],[79.999,25.286],[80.005,25.267],[79.948,25.269],[79.918,25.227],[79.907,25.251],[79.851,25.236],[79.869,25.216],[79.856,25.194],[79.866,25.15],[79.882,25.142],[79.852,25.129],[79.862,25.096],[79.749,25.14],[79.683,25.135],[79.673,25.12],[79.623,25.141],[79.6,25.128],[79.606,25.152],[79.596,25.143],[79.569,25.172],[79.518,25.127],[79.525,25.097],[79.492,25.08],[79.465,25.088],[79.477,25.127],[79.44,25.101],[79.426,25.119],[79.405,25.106],[79.384,25.143],[79.39,25.17],[79.412,25.183],[79.412,25.2],[79.44,25.199],[79.449,25.215],[79.433,25.221],[79.462,25.265],[79.495,25.267],[79.467,25.283],[79.437,25.255],[79.409,25.256],[79.408,25.274],[79.369,25.292],[79.363,25.262],[79.358,25.284],[79.336,25.288],[79.352,25.33],[79.3,25.338],[79.271,25.31],[79.264,25.269],[79.283,25.262],[79.294,25.284],[79.317,25.256],[79.351,25.264],[79.344,25.227],[79.333,25.228],[79.352,25.212],[79.338,25.198],[79.329,25.221],[79.279,25.245],[79.285,25.191],[79.308,25.198],[79.323,25.15],[79.314,25.136],[79.278,25.118],[79.26,25.125],[79.26,25.153],[79.248,25.116],[79.217,25.111],[79.192,25.146],[79.176,25.14],[79.186,25.115],[79.131,25.109],[79.116,25.14],[79.126,25.161],[79.091,25.191],[79.051,25.134],[79.029,25.141],[79.031,25.185],[79.052,25.208],[79.06,25.191],[79.064,25.222],[79.022,25.241],[79.013,25.274],[78.994,25.273],[78.975,25.24],[79.001,25.234],[79.006,25.195],[78.954,25.219],[78.88,25.158],[78.871,25.187],[78.891,25.214],[78.87,25.231],[78.881,25.254],[78.9,25.243],[78.917,25.274],[78.945,25.259],[78.956,25.283],[78.98,25.279],[78.957,25.302],[78.961,25.345],[78.928,25.324],[78.923,25.343],[78.912,25.333],[78.882,25.344],[78.863,25.314],[78.88,25.286],[78.85,25.229],[78.809,25.271],[78.829,25.303],[78.788,25.296],[78.798,25.314],[78.819,25.307],[78.843,25.337],[78.846,25.327],[78.846,25.356],[78.88,25.386],[78.953,25.4],[78.938,25.375],[78.896,25.374],[78.939,25.347],[78.959,25.372],[78.989,25.374],[78.97,25.39],[78.967,25.434],[78.951,25.441],[78.938,25.422],[78.909,25.442],[78.944,25.483],[78.92,25.515],[78.953,25.538],[78.939,25.557],[78.923,25.536],[78.911,25.555],[78.883,25.554],[78.884,25.516],[78.835,25.506],[78.866,25.466],[78.844,25.428],[78.821,25.439],[78.855,25.448],[78.841,25.462],[78.821,25.468],[78.809,25.453],[78.818,25.472],[78.792,25.483],[78.768,25.469],[78.738,25.495],[78.732,25.458],[78.762,25.427],[78.803,25.437],[78.821,25.423],[78.748,25.41],[78.748,25.392],[78.768,25.4],[78.757,25.385],[78.774,25.376],[78.775,25.353],[78.727,25.343],[78.709,25.351],[78.715,25.373],[78.66,25.384],[78.666,25.415],[78.675,25.4],[78.711,25.428],[78.689,25.446],[78.682,25.433],[78.658,25.441],[78.641,25.433],[78.635,25.401],[78.611,25.416],[78.591,25.386],[78.566,25.391],[78.562,25.378],[78.587,25.373],[78.585,25.347],[78.53,25.353],[78.553,25.32],[78.533,25.301],[78.51,25.295],[78.498,25.32],[78.473,25.285],[78.454,25.301],[78.435,25.284],[78.45,25.262],[78.503,25.29],[78.512,25.277],[78.532,25.284],[78.535,25.268],[78.578,25.253],[78.556,25.209],[78.57,25.224],[78.603,25.147],[78.602,25.095],[78.628,25.086],[78.653,25.051],[78.632,24.958],[78.663,24.938],[78.677,24.899],[78.77,24.859],[78.79,24.811],[78.77,24.788],[78.781,24.706],[78.744,24.654],[78.752,24.6],[78.784,24.589],[78.883,24.641],[78.953,24.547],[78.947,24.502],[78.972,24.494],[78.938,24.479],[78.921,24.5],[78.914,24.46],[78.947,24.437],[78.986,24.442],[78.994,24.423],[78.971,24.348],[78.91,24.298],[78.917,24.269],[78.885,24.25],[78.882,24.217],[78.826,24.195],[78.815,24.207],[78.806,24.178],[78.785,24.183],[78.762,24.259],[78.749,24.233],[78.734,24.252],[78.703,24.227],[78.669,24.24],[78.66,24.267],[78.626,24.281],[78.629,24.304],[78.604,24.314],[78.586,24.354],[78.53,24.368],[78.519,24.388],[78.494,24.381],[78.478,24.339],[78.444,24.319],[78.414,24.273],[78.388,24.263],[78.348,24.299],[78.329,24.327],[78.366,24.386],[78.27,24.447],[78.275,24.474],[78.246,24.486],[78.246,24.51],[78.226,24.52],[78.229,24.538],[78.264,24.552],[78.278,24.615],[78.263,24.646],[78.277,24.663],[78.226,24.747],[78.236,24.772],[78.217,24.809],[78.169,24.863],[78.334,24.995],[78.347,25.022],[78.339,25.087],[78.383,25.102],[78.407,25.129],[78.448,25.126],[78.427,25.154],[78.458,25.165],[78.395,25.188],[78.391,25.201],[78.411,25.213],[78.36,25.242],[78.373,25.26],[78.35,25.277],[78.355,25.292],[78.312,25.303],[78.344,25.328],[78.301,25.36],[78.305,25.377],[78.341,25.4],[78.355,25.452],[78.378,25.437],[78.416,25.476],[78.431,25.474],[78.419,25.533],[78.444,25.563],[78.465,25.546],[78.493,25.579],[78.588,25.557],[78.618,25.584],[78.631,25.579],[78.624,25.567],[78.658,25.56],[78.717,25.605],[78.742,25.597],[78.812,25.621],[78.817,25.676],[78.8,25.705],[78.763,25.72],[78.753,25.751],[78.783,25.758],[78.808,25.801],[78.829,25.796],[78.828,25.814],[78.806,25.814],[78.818,25.829],[78.851,25.811],[78.852,25.857],[78.89,25.874],[78.885,25.914],[78.939,25.943],[78.933,25.979],[78.957,25.997],[78.948,26.028],[79.012,26.083],[78.949,26.129],[78.967,26.15],[79.005,26.148],[79.004,26.169],[78.983,26.184],[78.994,26.197],[79.027,26.191],[79.026,26.22],[78.989,26.235],[79.019,26.248],[79.035,26.225],[79.063,26.226],[79.07,26.246],[79.046,26.26],[79.077,26.281],[79.091,26.27],[79.102,26.307],[79.119,26.3],[79.116,26.321],[79.139,26.338],[79.084,26.362],[79.095,26.413],[79.126,26.411],[79.135,26.44],[79.053,26.454],[79.068,26.497],[79.04,26.515],[79.028,26.547],[79.008,26.544],[78.99,26.579],[78.989,26.596],[79.017,26.601],[78.994,26.641],[79.009,26.668],[78.999,26.676],[78.945,26.655],[78.956,26.692],[78.91,26.707],[78.872,26.698],[78.816,26.762],[78.752,26.787],[78.73,26.775],[78.727,26.796],[78.682,26.788],[78.673,26.764],[78.63,26.773],[78.608,26.75],[78.576,26.749],[78.521,26.781],[78.461,26.788],[78.434,26.826],[78.395,26.817],[78.361,26.869],[78.284,26.854],[78.262,26.813],[78.219,26.834],[78.197,26.882],[78.209,26.869],[78.233,26.874],[78.271,26.915],[78.225,26.946],[78.21,26.931],[78.172,26.948],[78.119,26.947],[78.122,26.923],[78.102,26.917],[78.111,26.896],[78.049,26.91],[78.056,26.868],[78.026,26.85],[78.035,26.871],[78.015,26.903],[77.948,26.894],[77.906,26.918],[77.909,26.891],[77.896,26.884],[77.85,26.913],[77.761,26.933],[77.725,26.91],[77.723,26.874],[77.687,26.875],[77.61,26.829],[77.608,26.839],[77.526,26.819],[77.521,26.842],[77.501,26.844],[77.487,26.788],[77.503,26.769],[77.461,26.742],[77.467,26.774],[77.433,26.768],[77.429,26.802],[77.398,26.83],[77.49,26.9],[77.583,26.924],[77.661,26.971],[77.672,26.96],[77.676,26.973],[77.743,26.983],[77.763,27.007],[77.738,27.03],[77.73,26.994],[77.712,26.997],[77.68,27.047],[77.666,27.017],[77.642,27.026],[77.63,27.01],[77.579,27.038],[77.563,27.029],[77.572,27.072],[77.519,27.067],[77.526,27.085],[77.505,27.092],[77.518,27.102],[77.598,27.118],[77.62,27.174],[77.658,27.17],[77.681,27.194],[77.647,27.21],[77.653,27.235],[77.616,27.258],[77.617,27.286],[77.599,27.297],[77.622,27.313],[77.623,27.336],[77.579,27.323],[77.507,27.377],[77.44,27.39],[77.421,27.422],[77.438,27.456],[77.402,27.477],[77.387,27.513],[77.34,27.527],[77.349,27.543],[77.337,27.57],[77.358,27.589],[77.317,27.607],[77.353,27.651],[77.341,27.703],[77.304,27.711],[77.319,27.733],[77.31,27.788],[77.283,27.799],[77.296,27.825],[77.331,27.831],[77.348,27.856],[77.422,27.854],[77.409,27.874],[77.42,27.89],[77.461,27.876],[77.479,27.894],[77.475,27.929],[77.492,27.939],[77.502,27.925],[77.537,27.934],[77.544,27.962],[77.517,27.971],[77.542,27.989],[77.513,28.032],[77.484,28.04],[77.501,28.059],[77.474,28.087],[77.483,28.107],[77.499,28.095],[77.512,28.125],[77.491,28.137],[77.502,28.161],[77.55,28.18],[77.516,28.193],[77.503,28.181],[77.497,28.206],[77.53,28.199],[77.521,28.224],[77.55,28.242],[77.493,28.252],[77.507,28.306],[77.471,28.335],[77.505,28.37],[77.473,28.397],[77.478,28.419],[77.436,28.431],[77.433,28.455],[77.38,28.47],[77.372,28.498],[77.352,28.5],[77.3,28.56],[77.298,28.58],[77.342,28.609],[77.316,28.641],[77.331,28.713],[77.292,28.706],[77.291,28.722],[77.222,28.777],[77.234,28.784],[77.199,28.798],[77.224,28.825],[77.189,28.881],[77.228,28.881],[77.233,28.919],[77.197,28.938],[77.189,29.028],[77.167,29.034],[77.164,29.079],[77.134,29.096],[77.149,29.118],[77.131,29.218],[77.15,29.233],[77.139,29.268],[77.161,29.332],[77.13,29.343],[77.123,29.37],[77.157,29.387],[77.133,29.401],[77.148,29.434],[77.123,29.455],[77.133,29.483],[77.096,29.52],[77.127,29.559],[77.084,29.587],[77.11,29.597],[77.106,29.632],[77.132,29.642],[77.157,29.693],[77.12,29.76],[77.179,29.813],[77.178,29.846],[77.202,29.869],[77.186,29.908],[77.217,29.923],[77.247,29.977],[77.276,29.996],[77.278,30.042],[77.334,30.054],[77.379,30.091],[77.423,30.103],[77.403,30.112],[77.423,30.131],[77.428,30.163],[77.456,30.163],[77.477,30.182],[77.538,30.279],[77.584,30.307],[77.578,30.33],[77.604,30.369],[77.582,30.401],[77.648,30.405]]]]}},{"type":"Feature","properties":{"admin_code":"IN-UT","name":"Uttarakhand","name_local":"उत्तराखंड"},"geometry":{"type":"Polygon","coordinates":[[[80.052,28.82],[80.068,28.803],[80.062,28.783],[80.03,28.749],[79.954,28.723],[79.924,28.773],[79.94,28.788],[79.901,28.782],[79.873,28.797],[79.878,28.815],[79.916,28.804],[79.888,28.837],[79.863,28.84],[79.846,28.823],[79.849,28.8],[79.808,28.801],[79.837,28.832],[79.824,28.839],[79.837,28.84],[79.831,28.855],[79.85,28.859],[79.829,28.885],[79.749,28.872],[79.707,28.841],[79.656,28.87],[79.584,28.846],[79.573,28.855],[79.584,28.879],[79.556,28.899],[79.522,28.865],[79.44,28.862],[79.425,28.868],[79.419,28.94],[79.387,28.95],[79.372,28.988],[79.365,28.968],[79.312,28.977],[79.307,28.967],[79.212,29.028],[79.171,29.012],[79.162,29.029],[79.175,29.046],[79.143,29.067],[79.154,29.115],[79.127,29.133],[79.112,29.128],[79.036,29.169],[79.037,29.145],[79.018,29.154],[79.017,29.131],[79.041,29.128],[79.027,29.112],[79.008,29.112],[78.982,29.143],[78.956,29.12],[78.907,29.125],[78.919,29.136],[78.909,29.179],[78.875,29.205],[78.874,29.23],[78.858,29.242],[78.808,29.237],[78.719,29.307],[78.734,29.303],[78.734,29.322],[78.75,29.317],[78.767,29.337],[78.793,29.328],[78.79,29.315],[78.796,29.312],[78.825,29.367],[78.85,29.345],[78.942,29.439],[78.8,29.465],[78.618,29.558],[78.533,29.639],[78.514,29.723],[78.428,29.765],[78.336,29.797],[78.26,29.738],[78.204,29.737],[78.196,29.693],[78.172,29.692],[78.131,29.653],[78.081,29.635],[78.087,29.625],[78.057,29.631],[78.018,29.598],[78.022,29.581],[77.995,29.596],[77.964,29.581],[77.933,29.601],[77.948,29.617],[77.978,29.613],[77.984,29.644],[77.94,29.696],[77.946,29.713],[77.913,29.696],[77.883,29.702],[77.83,29.668],[77.799,29.686],[77.81,29.702],[77.772,29.714],[77.783,29.736],[77.77,29.745],[77.775,29.791],[77.752,29.811],[77.742,29.852],[77.714,29.87],[77.748,29.911],[77.73,29.932],[77.748,29.952],[77.733,29.956],[77.74,29.975],[77.782,30.019],[77.771,30.048],[77.801,30.096],[77.828,30.086],[77.86,30.113],[77.919,30.211],[77.962,30.242],[77.847,30.272],[77.722,30.33],[77.657,30.401],[77.576,30.397],[77.573,30.412],[77.819,30.508],[77.818,30.561],[77.774,30.558],[77.743,30.594],[77.772,30.597],[77.771,30.616],[77.796,30.614],[77.781,30.647],[77.792,30.66],[77.747,30.68],[77.756,30.707],[77.733,30.735],[77.705,30.743],[77.704,30.765],[77.761,30.826],[77.744,30.847],[77.758,30.877],[77.806,30.853],[77.813,30.922],[77.763,30.918],[77.749,30.954],[77.772,30.974],[77.814,30.954],[77.838,30.953],[77.814,30.962],[77.832,30.994],[77.807,31.016],[77.811,31.032],[77.83,31.029],[77.811,31.059],[77.851,31.073],[77.899,31.15],[77.967,31.173],[78.03,31.151],[78.043,31.179],[78.104,31.185],[78.16,31.226],[78.212,31.22],[78.22,31.234],[78.247,31.23],[78.283,31.266],[78.306,31.26],[78.311,31.283],[78.37,31.286],[78.396,31.275],[78.407,31.242],[78.434,31.255],[78.456,31.241],[78.484,31.199],[78.552,31.2],[78.578,31.225],[78.609,31.229],[78.647,31.215],[78.658,31.185],[78.672,31.197],[78.765,31.186],[78.81,31.198],[78.831,31.141],[78.885,31.099],[79.009,31.11],[78.986,31.174],[78.958,31.187],[78.948,31.217],[78.926,31.22],[78.881,31.284],[78.943,31.366],[78.977,31.363],[78.999,31.34],[79.015,31.347],[79.016,31.423],[79.059,31.426],[79.072,31.456],[79.096,31.452],[79.139,31.434],[79.168,31.397],[79.167,31.361],[79.233,31.334],[79.217,31.312],[79.246,31.283],[79.222,31.26],[79.296,31.218],[79.318,31.136],[79.409,31.108],[79.426,31.024],[79.507,31.032],[79.516,30.997],[79.548,30.99],[79.539,30.975],[79.553,30.958],[79.601,30.933],[79.663,30.966],[79.665,30.983],[79.699,30.971],[79.732,30.979],[79.753,31.006],[79.817,30.972],[79.865,30.973],[79.889,30.918],[79.911,30.913],[79.932,30.88],[79.963,30.889],[80.033,30.843],[80.053,30.844],[80.11,30.78],[80.172,30.809],[80.209,30.752],[80.236,30.759],[80.249,30.72],[80.233,30.691],[80.198,30.687],[80.193,30.667],[80.22,30.642],[80.213,30.584],[80.254,30.565],[80.315,30.565],[80.347,30.521],[80.418,30.524],[80.445,30.497],[80.498,30.487],[80.541,30.448],[80.607,30.472],[80.734,30.4],[80.804,30.324],[80.909,30.304],[80.935,30.263],[80.982,30.272],[81.032,30.247],[81.027,30.227],[81.044,30.206],[80.995,30.186],[80.928,30.175],[80.907,30.223],[80.862,30.17],[80.877,30.129],[80.762,30.05],[80.744,30.004],[80.719,30.001],[80.675,29.957],[80.602,29.957],[80.573,29.918],[80.554,29.849],[80.507,29.822],[80.493,29.795],[80.435,29.805],[80.407,29.794],[80.398,29.759],[80.368,29.749],[80.385,29.676],[80.42,29.64],[80.409,29.598],[80.379,29.561],[80.345,29.552],[80.358,29.531],[80.342,29.511],[80.285,29.475],[80.3,29.45],[80.242,29.443],[80.243,29.411],[80.275,29.391],[80.272,29.363],[80.318,29.313],[80.291,29.233],[80.298,29.205],[80.287,29.195],[80.248,29.221],[80.241,29.201],[80.271,29.14],[80.233,29.119],[80.184,29.136],[80.145,29.103],[80.126,29.031],[80.136,29.007],[80.118,28.981],[80.101,28.987],[80.059,28.916],[80.065,28.837],[80.052,28.82]]]}},{"type":"Feature","properties":{"admin_code":"IN-WB","name":"West Bengal","name_local":"पश्चिम बंगाल"},"geometry":{"type":"MultiPolygon","coordinates":[[[[88.052,21.511],[88.045,21.508],[88.046,21.513],[88.052,21.511]]],[[[88.243,21.505],[88.229,21.484],[88.205,21.506],[88.222,21.541],[88.243,21.505]]],[[[88.071,21.53],[88.076,21.53],[88.075,21.517],[88.059,21.511],[88.071,21.53]]],[[[88.034,21.546],[88.026,21.562],[87.992,21.513],[88.017,21.595],[88.048,21.581],[88.052,21.548],[88.049,21.561],[88.034,21.546]]],[[[88.189,21.578],[88.198,21.542],[88.175,21.55],[88.162,21.595],[88.189,21.578]]],[[[88.078,21.588],[88.084,21.573],[88.078,21.573],[88.078,21.588]]],[[[88.082,21.587],[88.083,21.593],[88.091,21.587],[88.082,21.587]]],[[[88.076,21.621],[88.077,21.622],[88.082,21.61],[88.076,21.621]]],[[[87.99,21.682],[87.99,21.623],[87.945,21.592],[87.977,21.685],[87.99,21.682]]],[[[88.18,21.682],[88.207,21.709],[88.194,21.684],[88.227,21.65],[88.212,21.596],[88.18,21.682]]],[[[87.905,21.703],[87.908,21.704],[87.909,21.692],[87.905,21.703]]],[[[87.985,21.702],[87.986,21.696],[87.975,21.691],[87.985,21.702]]],[[[88.044,21.644],[88.033,21.688],[88.073,21.748],[88.074,21.777],[88.098,21.786],[88.13,21.757],[88.128,21.731],[88.123,21.681],[88.147,21.645],[88.121,21.624],[88.044,21.644]]],[[[87.926,21.714],[87.942,21.723],[87.941,21.713],[87.923,21.689],[87.926,21.714]]],[[[87.957,21.708],[87.956,21.705],[87.947,21.704],[87.957,21.708]]],[[[88.183,21.706],[88.2,21.724],[88.201,21.71],[88.183,21.694],[88.183,21.706]]],[[[87.979,21.723],[87.979,21.726],[87.986,21.73],[87.979,21.723]]],[[[87.95,21.735],[87.962,21.737],[87.95,21.729],[87.95,21.735]]],[[[88.2,21.755],[88.205,21.76],[88.204,21.734],[88.2,21.755]]],[[[87.95,21.769],[87.957,21.771],[87.957,21.757],[87.932,21.744],[87.95,21.769]]],[[[87.898,21.773],[87.902,21.772],[87.876,21.745],[87.898,21.773]]],[[[88.149,21.681],[88.128,21.68],[88.142,21.699],[88.128,21.731],[88.136,21.76],[88.111,21.791],[88.084,21.793],[88.127,21.873],[88.165,21.824],[88.149,21.681]]],[[[88.27,21.78],[88.268,21.788],[88.279,21.786],[88.27,21.78]]],[[[88.174,21.795],[88.178,21.8],[88.183,21.781],[88.174,21.795]]],[[[88.18,21.839],[88.173,21.854],[88.187,21.844],[88.18,21.839]]],[[[88.164,21.863],[88.163,21.866],[88.166,21.867],[88.164,21.863]]],[[[88.088,21.873],[88.092,21.894],[88.104,21.89],[88.088,21.873]]],[[[88.104,21.908],[88.111,21.901],[88.099,21.899],[88.104,21.908]]],[[[88.126,21.898],[88.11,21.923],[88.122,21.933],[88.142,21.916],[88.126,21.898]]],[[[88.101,21.97],[88.088,21.975],[88.119,22.015],[88.135,22.004],[88.101,21.97]]],[[[88.096,27.133],[88.154,27.11],[88.182,27.133],[88.232,27.119],[88.302,27.129],[88.324,27.105],[88.431,27.079],[88.53,27.148],[88.526,27.17],[88.555,27.184],[88.596,27.189],[88.655,27.16],[88.688,27.175],[88.724,27.135],[88.799,27.139],[88.868,27.106],[88.87,26.945],[88.917,26.998],[88.948,26.967],[88.941,26.931],[88.975,26.913],[89.016,26.937],[89.044,26.902],[89.089,26.889],[89.094,26.839],[89.127,26.807],[89.256,26.808],[89.37,26.857],[89.382,26.836],[89.429,26.835],[89.454,26.798],[89.548,26.813],[89.558,26.797],[89.64,26.777],[89.636,26.751],[89.609,26.728],[89.62,26.716],[89.65,26.716],[89.666,26.737],[89.715,26.72],[89.743,26.733],[89.764,26.699],[89.849,26.699],[89.866,26.646],[89.85,26.623],[89.87,26.614],[89.874,26.584],[89.858,26.576],[89.85,26.491],[89.869,26.454],[89.848,26.423],[89.856,26.413],[89.835,26.414],[89.828,26.395],[89.846,26.405],[89.856,26.384],[89.825,26.382],[89.82,26.353],[89.82,26.373],[89.781,26.353],[89.783,26.333],[89.751,26.321],[89.757,26.289],[89.72,26.307],[89.738,26.27],[89.702,26.259],[89.732,26.237],[89.7,26.218],[89.734,26.21],[89.712,26.202],[89.713,26.187],[89.699,26.191],[89.71,26.172],[89.726,26.177],[89.737,26.172],[89.701,26.151],[89.681,26.165],[89.702,26.173],[89.673,26.201],[89.691,26.211],[89.68,26.214],[89.686,26.231],[89.662,26.219],[89.634,26.229],[89.65,26.19],[89.63,26.196],[89.627,26.184],[89.659,26.176],[89.646,26.164],[89.632,26.181],[89.607,26.179],[89.619,26.168],[89.591,26.157],[89.596,26.135],[89.604,26.117],[89.612,26.127],[89.616,26.121],[89.62,26.119],[89.625,26.128],[89.63,26.118],[89.594,26.102],[89.608,26.088],[89.629,26.107],[89.65,26.063],[89.605,26.063],[89.613,26.053],[89.579,26.026],[89.586,25.975],[89.57,25.967],[89.567,25.98],[89.559,25.965],[89.54,25.97],[89.541,26.006],[89.48,25.996],[89.431,26.011],[89.424,26.047],[89.391,26.023],[89.393,26.008],[89.349,26.01],[89.324,26.038],[89.279,26.049],[89.28,26.067],[89.254,26.065],[89.266,26.093],[89.23,26.124],[89.155,26.139],[89.157,26.163],[89.135,26.181],[89.15,26.209],[89.141,26.236],[89.1,26.28],[89.105,26.316],[89.121,26.287],[89.132,26.3],[89.117,26.314],[89.136,26.32],[89.083,26.322],[89.101,26.337],[89.098,26.359],[89.08,26.363],[89.096,26.391],[89.034,26.395],[89.006,26.422],[88.994,26.413],[88.983,26.447],[88.966,26.458],[88.946,26.448],[88.945,26.426],[88.926,26.432],[88.926,26.407],[88.905,26.409],[88.918,26.4],[88.912,26.366],[88.947,26.356],[88.953,26.366],[88.956,26.33],[88.961,26.352],[88.985,26.35],[88.985,26.333],[89.001,26.331],[88.983,26.31],[88.996,26.29],[89.007,26.305],[89.018,26.29],[89.021,26.309],[89.02,26.29],[89.04,26.277],[89.046,26.295],[89.059,26.294],[89.051,26.241],[88.982,26.245],[88.954,26.265],[88.979,26.245],[88.957,26.24],[88.926,26.284],[88.898,26.289],[88.861,26.273],[88.878,26.233],[88.843,26.231],[88.813,26.256],[88.819,26.295],[88.793,26.31],[88.764,26.299],[88.746,26.309],[88.743,26.288],[88.665,26.258],[88.668,26.294],[88.683,26.278],[88.706,26.285],[88.683,26.291],[88.673,26.315],[88.745,26.32],[88.732,26.327],[88.744,26.347],[88.7,26.329],[88.693,26.372],[88.681,26.375],[88.701,26.386],[88.669,26.395],[88.685,26.41],[88.668,26.404],[88.622,26.432],[88.621,26.469],[88.597,26.47],[88.59,26.447],[88.558,26.457],[88.556,26.483],[88.53,26.478],[88.52,26.508],[88.489,26.509],[88.483,26.539],[88.434,26.542],[88.41,26.632],[88.387,26.612],[88.399,26.604],[88.376,26.595],[88.332,26.483],[88.355,26.448],[88.373,26.489],[88.403,26.487],[88.419,26.467],[88.484,26.461],[88.522,26.361],[88.484,26.35],[88.456,26.377],[88.435,26.336],[88.403,26.33],[88.415,26.317],[88.384,26.314],[88.348,26.282],[88.351,26.222],[88.275,26.188],[88.242,26.19],[88.177,26.148],[88.158,26.08],[88.182,26.073],[88.168,26.045],[88.182,26.027],[88.14,26.014],[88.121,25.948],[88.087,25.917],[88.102,25.89],[88.094,25.874],[88.11,25.868],[88.101,25.829],[88.12,25.813],[88.115,25.799],[88.144,25.794],[88.151,25.776],[88.184,25.802],[88.21,25.788],[88.261,25.814],[88.267,25.782],[88.374,25.716],[88.372,25.696],[88.404,25.684],[88.402,25.672],[88.455,25.664],[88.445,25.596],[88.499,25.584],[88.494,25.558],[88.523,25.535],[88.533,25.542],[88.54,25.509],[88.554,25.521],[88.588,25.506],[88.609,25.516],[88.622,25.497],[88.648,25.497],[88.646,25.478],[88.699,25.471],[88.708,25.5],[88.765,25.495],[88.76,25.525],[88.811,25.523],[88.812,25.489],[88.83,25.49],[88.839,25.458],[88.83,25.417],[88.812,25.41],[88.84,25.397],[88.84,25.363],[88.869,25.352],[88.884,25.325],[88.906,25.337],[88.928,25.304],[89.009,25.294],[89.007,25.263],[88.987,25.274],[88.956,25.254],[88.962,25.208],[88.935,25.199],[88.949,25.176],[88.921,25.165],[88.91,25.179],[88.876,25.178],[88.874,25.196],[88.865,25.189],[88.843,25.213],[88.806,25.17],[88.77,25.189],[88.75,25.176],[88.712,25.208],[88.613,25.204],[88.56,25.175],[88.558,25.192],[88.534,25.187],[88.537,25.198],[88.497,25.211],[88.442,25.199],[88.461,25.15],[88.442,25.127],[88.453,25.079],[88.435,25.056],[88.453,25.037],[88.437,25.007],[88.425,25.016],[88.412,24.998],[88.416,24.974],[88.395,24.97],[88.398,24.946],[88.363,24.954],[88.34,24.941],[88.324,24.914],[88.346,24.894],[88.328,24.871],[88.319,24.885],[88.302,24.872],[88.276,24.898],[88.258,24.878],[88.263,24.911],[88.226,24.96],[88.137,24.936],[88.174,24.861],[88.141,24.85],[88.135,24.805],[88.122,24.823],[88.105,24.78],[88.068,24.771],[88.062,24.722],[88.024,24.688],[88.09,24.614],[88.124,24.517],[88.19,24.476],[88.335,24.443],[88.383,24.396],[88.479,24.353],[88.525,24.315],[88.559,24.308],[88.567,24.326],[88.586,24.324],[88.652,24.3],[88.683,24.324],[88.735,24.276],[88.732,24.174],[88.747,24.148],[88.694,24.112],[88.701,24.095],[88.729,24.099],[88.723,24.069],[88.738,24.061],[88.727,24.053],[88.743,24.035],[88.729,23.996],[88.761,24.006],[88.769,23.983],[88.738,23.983],[88.733,23.911],[88.706,23.916],[88.704,23.899],[88.664,23.882],[88.667,23.87],[88.616,23.876],[88.607,23.862],[88.575,23.861],[88.602,23.817],[88.578,23.786],[88.556,23.783],[88.581,23.76],[88.565,23.712],[88.574,23.668],[88.558,23.649],[88.562,23.636],[88.594,23.64],[88.58,23.602],[88.646,23.608],[88.639,23.591],[88.654,23.556],[88.697,23.516],[88.724,23.512],[88.741,23.48],[88.775,23.479],[88.769,23.491],[88.787,23.507],[88.8,23.496],[88.787,23.469],[88.795,23.443],[88.764,23.448],[88.749,23.4],[88.765,23.368],[88.732,23.351],[88.745,23.308],[88.73,23.319],[88.725,23.299],[88.711,23.313],[88.696,23.302],[88.723,23.272],[88.719,23.255],[88.767,23.245],[88.79,23.218],[88.811,23.221],[88.811,23.256],[88.823,23.233],[88.906,23.236],[88.914,23.213],[88.942,23.206],[88.975,23.224],[88.994,23.214],[88.979,23.213],[88.98,23.182],[88.964,23.193],[88.939,23.176],[88.93,23.142],[88.868,23.1],[88.879,23.006],[88.846,23.009],[88.872,22.978],[88.86,22.944],[88.894,22.953],[88.888,22.933],[88.91,22.918],[88.897,22.897],[88.928,22.872],[88.946,22.88],[88.97,22.844],[88.959,22.797],[88.912,22.759],[88.928,22.718],[88.963,22.693],[88.926,22.65],[88.959,22.614],[88.939,22.587],[88.944,22.56],[88.997,22.469],[89.001,22.429],[88.973,22.411],[88.992,22.391],[88.985,22.326],[89.025,22.298],[88.995,22.287],[89.021,22.268],[89.013,22.256],[89.033,22.259],[89.065,22.207],[89.071,22.156],[89.096,22.16],[89.042,22.101],[89.055,22.047],[89.078,22.019],[89.069,21.949],[89.031,21.928],[88.995,21.962],[88.987,21.95],[89.012,21.928],[89.008,21.903],[88.972,21.923],[88.973,21.944],[88.958,21.929],[88.93,21.953],[88.946,21.995],[88.937,22.055],[88.975,22.071],[88.987,22.11],[88.964,22.077],[88.93,22.063],[88.921,21.984],[88.912,22.028],[88.925,22.055],[88.904,22.069],[88.928,22.105],[88.892,22.068],[88.89,22.054],[88.906,22.053],[88.901,21.931],[88.853,21.922],[88.756,21.963],[88.758,21.984],[88.788,21.969],[88.817,21.968],[88.765,21.998],[88.746,21.99],[88.762,22.016],[88.756,22.047],[88.773,22.055],[88.751,22.059],[88.783,22.109],[88.75,22.082],[88.741,22.053],[88.703,22.073],[88.768,22.147],[88.739,22.145],[88.689,22.087],[88.699,22.055],[88.738,22.033],[88.738,22.014],[88.69,21.974],[88.682,21.945],[88.638,21.952],[88.633,21.994],[88.661,22.057],[88.637,22.113],[88.656,22.169],[88.684,22.207],[88.703,22.209],[88.64,22.216],[88.659,22.237],[88.65,22.249],[88.632,22.213],[88.673,22.204],[88.608,22.101],[88.623,22.095],[88.637,22.047],[88.622,22.023],[88.602,22.03],[88.617,22.014],[88.599,21.982],[88.614,21.94],[88.601,21.938],[88.594,21.896],[88.58,21.892],[88.572,21.911],[88.543,21.904],[88.532,21.853],[88.496,21.879],[88.526,21.918],[88.502,21.897],[88.526,21.925],[88.502,21.967],[88.55,21.991],[88.554,22.051],[88.541,21.988],[88.498,21.976],[88.505,21.925],[88.471,21.901],[88.457,21.904],[88.466,21.962],[88.446,21.988],[88.46,21.959],[88.443,21.95],[88.445,21.917],[88.391,21.897],[88.402,21.922],[88.383,21.966],[88.403,21.988],[88.375,21.966],[88.395,21.925],[88.38,21.9],[88.392,21.887],[88.382,21.795],[88.356,21.827],[88.373,21.906],[88.351,21.971],[88.364,21.882],[88.354,21.867],[88.312,21.86],[88.305,21.877],[88.261,21.865],[88.275,21.899],[88.277,21.946],[88.273,21.96],[88.261,21.962],[88.27,21.899],[88.254,21.86],[88.304,21.852],[88.3,21.837],[88.263,21.818],[88.256,21.801],[88.281,21.757],[88.268,21.728],[88.302,21.679],[88.286,21.611],[88.303,21.582],[88.26,21.557],[88.22,21.604],[88.236,21.645],[88.23,21.67],[88.203,21.683],[88.22,21.702],[88.212,21.783],[88.194,21.844],[88.164,21.884],[88.165,21.943],[88.146,21.955],[88.188,21.995],[88.222,22.073],[88.204,22.152],[88.177,22.191],[88.103,22.215],[88.067,22.21],[88.084,22.256],[88.034,22.219],[87.995,22.245],[87.99,22.225],[88.015,22.203],[88.134,22.186],[88.156,22.165],[88.188,22.11],[88.167,22.078],[88.06,22.018],[88.02,22.072],[87.993,22.076],[88.049,21.997],[87.987,21.871],[87.9,21.794],[87.87,21.811],[87.879,21.773],[87.806,21.709],[87.747,21.694],[87.674,21.65],[87.651,21.647],[87.638,21.663],[87.628,21.644],[87.486,21.61],[87.477,21.647],[87.462,21.651],[87.469,21.732],[87.444,21.734],[87.454,21.739],[87.444,21.768],[87.386,21.776],[87.369,21.765],[87.355,21.791],[87.338,21.784],[87.298,21.811],[87.277,21.805],[87.247,21.861],[87.239,21.905],[87.255,21.926],[87.236,21.957],[87.196,21.959],[87.17,21.979],[87.161,21.936],[87.096,21.914],[87.099,21.866],[87.038,21.868],[87.002,21.914],[87.031,21.986],[87.028,22.038],[86.96,22.088],[86.838,22.098],[86.828,22.118],[86.809,22.119],[86.796,22.157],[86.722,22.147],[86.727,22.217],[86.776,22.218],[86.782,22.237],[86.795,22.228],[86.778,22.218],[86.802,22.218],[86.812,22.241],[86.794,22.243],[86.792,22.266],[86.803,22.244],[86.813,22.268],[86.817,22.254],[86.824,22.267],[86.887,22.257],[86.888,22.297],[86.833,22.324],[86.846,22.4],[86.765,22.427],[86.751,22.456],[86.751,22.482],[86.801,22.488],[86.789,22.548],[86.767,22.556],[86.766,22.576],[86.659,22.576],[86.633,22.611],[86.635,22.666],[86.548,22.721],[86.514,22.719],[86.511,22.705],[86.419,22.791],[86.439,22.831],[86.435,22.861],[86.451,22.862],[86.467,22.901],[86.436,22.926],[86.477,22.952],[86.489,22.938],[86.525,22.947],[86.548,22.989],[86.519,22.971],[86.501,22.995],[86.447,22.988],[86.419,23.001],[86.394,22.981],[86.377,22.998],[86.326,22.995],[86.305,23.017],[86.237,22.995],[86.186,23.005],[86.142,23.057],[86.146,23.075],[86.049,23.106],[86.044,23.145],[85.958,23.161],[85.922,23.145],[85.894,23.155],[85.883,23.198],[85.864,23.222],[85.837,23.22],[85.838,23.247],[85.82,23.268],[85.884,23.35],[85.87,23.389],[85.903,23.399],[85.886,23.405],[85.885,23.43],[85.864,23.432],[85.871,23.476],[86.054,23.487],[86.017,23.548],[86.042,23.586],[86.091,23.563],[86.159,23.559],[86.148,23.465],[86.177,23.47],[86.229,23.443],[86.233,23.462],[86.246,23.46],[86.23,23.431],[86.247,23.412],[86.264,23.431],[86.31,23.412],[86.318,23.427],[86.306,23.435],[86.349,23.44],[86.364,23.472],[86.379,23.474],[86.362,23.485],[86.375,23.509],[86.365,23.531],[86.388,23.574],[86.447,23.598],[86.462,23.63],[86.529,23.63],[86.598,23.674],[86.713,23.699],[86.748,23.679],[86.799,23.689],[86.812,23.745],[86.828,23.753],[86.804,23.801],[86.805,23.838],[86.827,23.814],[86.875,23.848],[86.89,23.82],[86.881,23.863],[86.916,23.883],[86.947,23.846],[86.974,23.869],[87.123,23.796],[87.15,23.797],[87.167,23.825],[87.129,23.869],[87.197,23.858],[87.189,23.842],[87.234,23.857],[87.217,23.83],[87.241,23.826],[87.256,23.844],[87.241,23.87],[87.246,23.909],[87.269,23.874],[87.295,23.902],[87.293,23.959],[87.262,23.967],[87.263,24.004],[87.248,23.999],[87.234,24.024],[87.245,24.045],[87.288,24.029],[87.337,24.034],[87.319,24.008],[87.329,23.999],[87.361,24.013],[87.46,23.984],[87.438,24.013],[87.476,24.012],[87.512,24.036],[87.493,24.054],[87.493,24.077],[87.511,24.083],[87.49,24.09],[87.498,24.118],[87.559,24.081],[87.581,24.088],[87.585,24.124],[87.61,24.132],[87.576,24.161],[87.695,24.149],[87.698,24.187],[87.638,24.215],[87.639,24.255],[87.658,24.236],[87.706,24.26],[87.713,24.294],[87.73,24.289],[87.761,24.308],[87.765,24.34],[87.801,24.383],[87.794,24.4],[87.812,24.414],[87.79,24.42],[87.803,24.454],[87.824,24.458],[87.811,24.477],[87.828,24.499],[87.811,24.492],[87.81,24.514],[87.801,24.494],[87.794,24.501],[87.809,24.547],[87.791,24.572],[87.771,24.571],[87.772,24.584],[87.852,24.554],[87.909,24.586],[87.911,24.61],[87.875,24.614],[87.906,24.615],[87.914,24.637],[87.917,24.666],[87.889,24.679],[87.908,24.721],[87.818,24.761],[87.836,24.79],[87.837,24.766],[87.869,24.774],[87.882,24.799],[87.87,24.826],[87.9,24.823],[87.891,24.855],[87.952,24.908],[87.962,24.938],[87.94,24.991],[87.796,25.087],[87.801,25.118],[87.779,25.144],[87.779,25.251],[87.711,25.258],[87.763,25.266],[87.818,25.242],[87.847,25.265],[87.847,25.304],[87.784,25.34],[87.79,25.377],[87.765,25.384],[87.767,25.415],[87.779,25.41],[87.787,25.449],[87.821,25.436],[87.839,25.468],[87.864,25.464],[87.884,25.521],[87.903,25.505],[87.916,25.534],[87.959,25.539],[88.0,25.498],[88.014,25.514],[88.031,25.491],[88.073,25.484],[88.077,25.507],[88.052,25.549],[88.031,25.554],[88.04,25.574],[88.021,25.571],[88.035,25.581],[88.022,25.596],[88.044,25.61],[88.034,25.631],[88.055,25.645],[88.036,25.649],[88.051,25.654],[88.05,25.702],[88.021,25.696],[88.001,25.723],[87.968,25.726],[87.942,25.774],[87.904,25.773],[87.9,25.807],[87.918,25.816],[87.889,25.83],[87.916,25.853],[87.831,25.871],[87.811,25.928],[87.84,25.934],[87.855,26.035],[87.886,26.043],[87.927,26.084],[87.949,26.06],[87.954,26.075],[87.982,26.073],[87.964,26.095],[87.989,26.105],[87.969,26.119],[87.982,26.127],[87.975,26.143],[88.01,26.145],[88.035,26.179],[88.073,26.175],[88.116,26.224],[88.142,26.226],[88.146,26.25],[88.228,26.285],[88.253,26.334],[88.278,26.326],[88.3,26.35],[88.283,26.378],[88.238,26.381],[88.237,26.396],[88.273,26.419],[88.215,26.477],[88.228,26.492],[88.198,26.485],[88.183,26.504],[88.235,26.545],[88.233,26.571],[88.216,26.573],[88.218,26.553],[88.169,26.553],[88.146,26.522],[88.105,26.551],[88.16,26.637],[88.188,26.765],[88.171,26.867],[88.138,26.897],[88.144,26.921],[88.121,26.95],[88.133,26.982],[88.091,27.006],[88.08,27.034],[88.04,27.035],[88.022,27.087],[87.992,27.108],[88.019,27.17],[88.015,27.212],[88.04,27.221],[88.069,27.208],[88.096,27.133]],[[88.407,21.993],[88.388,22.004],[88.403,21.988],[88.407,21.993]]],[[[88.33,21.546],[88.34,21.573],[88.341,21.556],[88.33,21.546]]],[[[88.586,21.563],[88.593,21.566],[88.594,21.561],[88.586,21.563]]],[[[88.489,21.55],[88.497,21.598],[88.535,21.578],[88.543,21.531],[88.489,21.55]]],[[[88.357,21.567],[88.345,21.593],[88.352,21.59],[88.357,21.567]]],[[[88.595,21.578],[88.595,21.582],[88.599,21.585],[88.595,21.578]]],[[[88.514,21.599],[88.524,21.653],[88.581,21.612],[88.585,21.594],[88.56,21.56],[88.531,21.598],[88.514,21.599]]],[[[88.352,21.62],[88.349,21.604],[88.344,21.608],[88.352,21.62]]],[[[88.603,21.633],[88.601,21.612],[88.559,21.641],[88.574,21.689],[88.603,21.633]]],[[[88.348,21.685],[88.347,21.643],[88.317,21.605],[88.305,21.618],[88.309,21.702],[88.348,21.685]]],[[[88.43,21.625],[88.394,21.59],[88.383,21.681],[88.404,21.72],[88.371,21.729],[88.39,21.741],[88.42,21.707],[88.415,21.647],[88.43,21.625]]],[[[88.53,21.656],[88.525,21.718],[88.563,21.701],[88.566,21.668],[88.544,21.642],[88.53,21.656]]],[[[88.453,21.611],[88.43,21.602],[88.438,21.629],[88.417,21.658],[88.433,21.701],[88.424,21.753],[88.45,21.791],[88.468,21.79],[88.451,21.719],[88.471,21.675],[88.453,21.611]]],[[[88.343,21.754],[88.364,21.764],[88.359,21.739],[88.364,21.723],[88.393,21.708],[88.364,21.686],[88.349,21.699],[88.343,21.754]]],[[[88.607,21.685],[88.597,21.658],[88.584,21.689],[88.535,21.729],[88.52,21.725],[88.508,21.747],[88.512,21.78],[88.544,21.811],[88.566,21.798],[88.554,21.762],[88.572,21.754],[88.581,21.719],[88.607,21.685]]],[[[88.3,21.718],[88.285,21.739],[88.292,21.772],[88.3,21.718]]],[[[88.619,21.741],[88.589,21.772],[88.607,21.787],[88.623,21.781],[88.629,21.739],[88.611,21.707],[88.619,21.741]]],[[[88.612,21.741],[88.614,21.733],[88.582,21.727],[88.572,21.771],[88.612,21.741]]],[[[88.363,21.738],[88.377,21.766],[88.384,21.745],[88.363,21.738]]],[[[88.324,21.728],[88.327,21.707],[88.307,21.715],[88.301,21.775],[88.326,21.782],[88.334,21.796],[88.368,21.793],[88.368,21.77],[88.339,21.757],[88.338,21.722],[88.324,21.728]]],[[[88.382,21.782],[88.42,21.808],[88.438,21.795],[88.419,21.766],[88.42,21.727],[88.382,21.782]]],[[[88.498,21.812],[88.482,21.799],[88.459,21.806],[88.486,21.836],[88.498,21.812]]],[[[88.263,21.799],[88.269,21.815],[88.304,21.831],[88.319,21.857],[88.352,21.854],[88.356,21.827],[88.36,21.799],[88.338,21.802],[88.334,21.796],[88.324,21.785],[88.263,21.799]]],[[[88.614,21.831],[88.608,21.798],[88.575,21.82],[88.589,21.849],[88.614,21.831]]],[[[88.519,21.852],[88.522,21.829],[88.498,21.833],[88.503,21.853],[88.519,21.852]]],[[[88.55,21.832],[88.554,21.817],[88.534,21.846],[88.556,21.883],[88.55,21.832]]],[[[88.457,21.797],[88.419,21.814],[88.399,21.807],[88.393,21.827],[88.4,21.877],[88.445,21.907],[88.475,21.89],[88.49,21.852],[88.483,21.84],[88.462,21.845],[88.447,21.817],[88.457,21.797]]],[[[88.573,21.879],[88.563,21.832],[88.558,21.833],[88.557,21.873],[88.573,21.879]]],[[[88.562,21.894],[88.572,21.897],[88.573,21.885],[88.562,21.894]]],[[[88.485,21.897],[88.477,21.898],[88.477,21.9],[88.486,21.907],[88.485,21.897]]],[[[88.522,21.927],[88.517,21.918],[88.512,21.926],[88.522,21.927]]],[[[88.877,21.533],[88.844,21.546],[88.829,21.56],[88.83,21.605],[88.881,21.59],[88.906,21.558],[88.877,21.533]]],[[[88.754,21.564],[88.712,21.579],[88.706,21.6],[88.718,21.636],[88.771,21.652],[88.785,21.595],[88.798,21.592],[88.754,21.564]]],[[[88.94,21.641],[88.951,21.674],[88.961,21.642],[88.99,21.634],[88.99,21.62],[88.94,21.641]]],[[[88.633,21.675],[88.641,21.678],[88.633,21.649],[88.633,21.675]]],[[[88.691,21.718],[88.71,21.675],[88.745,21.651],[88.726,21.644],[88.695,21.669],[88.691,21.718]]],[[[88.995,21.652],[89.014,21.652],[89.02,21.599],[88.994,21.601],[88.99,21.639],[88.965,21.648],[88.947,21.704],[88.925,21.721],[88.927,21.764],[88.978,21.742],[88.966,21.723],[88.987,21.691],[88.983,21.668],[88.995,21.652]]],[[[88.937,21.701],[88.92,21.631],[88.892,21.651],[88.867,21.701],[88.88,21.74],[88.937,21.701]]],[[[88.838,21.619],[88.804,21.635],[88.819,21.706],[88.804,21.716],[88.768,21.703],[88.789,21.746],[88.834,21.766],[88.862,21.761],[88.839,21.719],[88.857,21.642],[88.838,21.619]]],[[[88.691,21.751],[88.714,21.811],[88.696,21.86],[88.722,21.905],[88.777,21.869],[88.826,21.86],[88.78,21.771],[88.781,21.738],[88.757,21.744],[88.771,21.809],[88.745,21.776],[88.749,21.738],[88.77,21.723],[88.755,21.712],[88.761,21.69],[88.804,21.703],[88.804,21.654],[88.73,21.678],[88.691,21.751]]],[[[88.809,21.756],[88.787,21.764],[88.823,21.822],[88.809,21.756]]],[[[88.867,21.78],[88.836,21.788],[88.85,21.862],[88.872,21.852],[88.896,21.756],[88.924,21.744],[88.898,21.744],[88.867,21.78]]],[[[88.614,21.813],[88.617,21.837],[88.598,21.856],[88.619,21.897],[88.632,21.87],[88.653,21.864],[88.645,21.793],[88.614,21.813]]],[[[88.968,21.871],[88.943,21.839],[88.971,21.816],[88.943,21.798],[88.949,21.769],[88.902,21.76],[88.892,21.835],[88.821,21.928],[88.883,21.914],[88.914,21.932],[88.971,21.906],[88.968,21.871]]],[[[88.835,21.872],[88.806,21.873],[88.817,21.901],[88.837,21.891],[88.835,21.872]]],[[[88.636,21.922],[88.667,21.913],[88.653,21.879],[88.636,21.884],[88.636,21.922]]],[[[88.778,21.877],[88.715,21.922],[88.763,21.928],[88.811,21.905],[88.778,21.877]]],[[[88.729,21.939],[88.728,21.98],[88.803,21.931],[88.729,21.939]]],[[[88.972,26.196],[88.973,26.198],[88.976,26.195],[88.972,26.196]]],[[[88.949,26.203],[88.951,26.203],[88.95,26.202],[88.949,26.203]]],[[[88.958,26.205],[88.962,26.205],[88.961,26.201],[88.958,26.205]]],[[[88.96,26.213],[88.954,26.213],[88.956,26.215],[88.96,26.213]]],[[[88.983,26.355],[88.98,26.355],[88.986,26.357],[88.983,26.355]]],[[[88.935,26.369],[88.932,26.366],[88.921,26.374],[88.935,26.369]]],[[[88.983,26.395],[88.986,26.394],[88.984,26.391],[88.983,26.395]]],[[[88.993,26.408],[88.991,26.406],[88.986,26.414],[88.993,26.408]]],[[[88.985,26.414],[88.982,26.403],[88.975,26.406],[88.985,26.414]]],[[[88.968,26.413],[88.967,26.408],[88.965,26.411],[88.968,26.413]]],[[[88.943,26.407],[88.95,26.427],[88.954,26.402],[88.943,26.407]]],[[[88.965,26.421],[88.973,26.419],[88.966,26.418],[88.965,26.421]]],[[[88.965,26.432],[88.968,26.434],[88.969,26.431],[88.965,26.432]]],[[[88.979,26.444],[88.977,26.441],[88.976,26.442],[88.979,26.444]]],[[[89.125,21.592],[89.137,21.591],[89.136,21.586],[89.125,21.592]]],[[[89.016,21.686],[88.996,21.657],[88.99,21.706],[88.974,21.721],[89.002,21.716],[89.016,21.686]]],[[[89.093,21.638],[89.071,21.612],[89.042,21.61],[89.024,21.635],[89.032,21.659],[89.017,21.661],[89.021,21.688],[89.012,21.714],[88.977,21.729],[88.981,21.747],[88.957,21.766],[89.001,21.776],[88.993,21.79],[89.007,21.812],[89.019,21.769],[89.054,21.737],[89.093,21.638]]],[[[88.971,21.781],[88.951,21.787],[88.979,21.812],[88.951,21.838],[88.976,21.869],[88.974,21.894],[89.025,21.867],[89.028,21.838],[88.971,21.781]]],[[[89.489,25.929],[89.487,25.931],[89.495,25.937],[89.489,25.929]]],[[[89.577,25.933],[89.566,25.952],[89.586,25.962],[89.607,25.951],[89.577,25.933]]],[[[89.507,25.953],[89.508,25.946],[89.495,25.955],[89.507,25.953]]],[[[89.617,26.125],[89.616,26.123],[89.615,26.128],[89.617,26.125]]],[[[89.606,26.131],[89.611,26.13],[89.61,26.128],[89.606,26.131]]],[[[89.622,26.155],[89.625,26.148],[89.623,26.148],[89.622,26.155]]],[[[89.661,26.17],[89.665,26.169],[89.664,26.166],[89.661,26.17]]],[[[89.075,26.248],[89.074,26.25],[89.086,26.249],[89.075,26.248]]],[[[89.074,26.281],[89.073,26.278],[89.071,26.278],[89.074,26.281]]],[[[89.076,26.293],[89.076,26.296],[89.08,26.293],[89.076,26.293]]],[[[89.068,26.304],[89.069,26.298],[89.059,26.295],[89.055,26.306],[89.068,26.304]]],[[[89.068,26.306],[89.069,26.308],[89.07,26.308],[89.068,26.306]]],[[[89.054,26.31],[89.053,26.306],[89.048,26.306],[89.054,26.31]]],[[[89.065,26.313],[89.069,26.311],[89.068,26.309],[89.065,26.313]]],[[[89.016,26.316],[89.02,26.317],[89.022,26.316],[89.016,26.316]]],[[[89.034,26.317],[89.027,26.319],[89.033,26.321],[89.034,26.317]]],[[[89.055,26.322],[89.057,26.325],[89.078,26.324],[89.07,26.313],[89.055,26.322]]],[[[89.001,26.319],[89.001,26.317],[88.997,26.318],[89.001,26.319]]],[[[89.006,26.33],[89.009,26.328],[89.006,26.325],[89.006,26.33]]],[[[89.006,26.336],[89.007,26.341],[89.013,26.339],[89.018,26.333],[89.006,26.336]]],[[[88.998,26.344],[88.998,26.342],[88.99,26.343],[88.998,26.344]]],[[[89.075,26.365],[89.076,26.368],[89.077,26.366],[89.075,26.365]]],[[[89.053,26.368],[89.052,26.368],[89.053,26.372],[89.053,26.368]]],[[[89.048,26.376],[89.05,26.372],[89.048,26.373],[89.048,26.376]]],[[[89.053,26.378],[89.055,26.373],[89.053,26.374],[89.053,26.378]]],[[[89.017,26.409],[89.016,26.404],[89.012,26.406],[89.017,26.409]]]]}}]}