{"type":"FeatureCollection","features":[{"type":"Feature","properties":{"admin_code":"RU-AD","name":"Adygea","name_local":"Адыгея"},"geometry":{"type":"Polygon","coordinates":[[[38.699,45.067],[38.806,44.996],[38.9,45.054],[39.022,44.968],[39.221,44.989],[39.62,45.217],[39.894,45.085],[40.227,45.118],[40.588,44.864],[40.776,44.465],[40.62,44.465],[40.67,44.546],[40.564,44.744],[40.368,44.717],[40.337,44.568],[40.415,44.535],[40.483,44.315],[40.36,44.247],[40.48,43.965],[40.368,43.775],[40.249,43.762],[40.19,43.872],[39.778,43.962],[39.831,44.079],[39.769,44.18],[39.988,44.076],[40.093,44.13],[40.094,44.247],[39.844,44.353],[39.91,44.713],[40.029,44.747],[39.885,45.023],[39.692,44.951],[39.599,44.983],[39.622,45.049],[39.471,45.036],[39.653,44.874],[39.56,44.807],[39.091,44.817],[38.684,44.951],[38.699,45.067]]]}},{"type":"Feature","properties":{"admin_code":"RU-AL","name":"Altai Republic","name_local":"Республика Алтай"},"geometry":{"type":"Polygon","coordinates":[[[84.474,50.687],[84.59,50.824],[84.437,50.86],[84.491,50.948],[83.943,51.069],[83.933,51.138],[84.097,51.143],[84.121,51.071],[84.256,51.283],[84.413,51.271],[84.99,51.514],[85.196,51.486],[85.444,51.563],[85.485,51.694],[85.688,51.719],[85.777,51.82],[85.721,51.845],[85.865,51.897],[85.818,51.971],[85.891,52.026],[85.799,52.052],[85.919,52.106],[86.229,52.014],[86.403,52.036],[86.456,52.128],[86.801,52.159],[86.724,52.197],[86.783,52.293],[86.694,52.295],[86.623,52.406],[86.679,52.437],[86.628,52.527],[86.795,52.515],[86.81,52.648],[87.053,52.66],[87.653,52.422],[87.891,52.539],[88.232,52.4],[88.317,52.464],[88.446,52.433],[88.378,52.125],[88.067,52.05],[87.891,51.813],[88.11,51.74],[87.9,51.552],[87.941,51.479],[88.445,51.285],[88.701,51.391],[88.658,51.528],[88.792,51.554],[89.009,51.394],[88.961,51.223],[89.054,51.047],[89.866,50.472],[89.655,50.37],[89.503,50.46],[89.497,50.364],[89.381,50.339],[89.308,50.208],[89.52,50.192],[89.624,49.806],[89.719,49.728],[89.36,49.584],[89.194,49.635],[89.204,49.525],[88.985,49.464],[88.9,49.559],[88.843,49.442],[88.222,49.48],[88.119,49.391],[88.17,49.294],[87.988,49.183],[87.493,49.139],[87.427,49.071],[87.286,49.116],[87.31,49.234],[87.031,49.253],[86.827,49.545],[86.618,49.57],[86.779,49.696],[86.781,49.794],[86.59,49.807],[86.582,49.724],[86.272,49.583],[86.202,49.466],[85.59,49.614],[85.258,49.589],[85.203,49.745],[84.985,49.907],[85.036,50.052],[84.628,50.211],[84.363,50.205],[84.251,50.293],[84.249,50.516],[84.08,50.64],[84.474,50.687]]]}},{"type":"Feature","properties":{"admin_code":"RU-ALT","name":"Altai Krai","name_local":"Алтайский край"},"geometry":{"type":"Polygon","coordinates":[[[85.418,54.186],[85.624,54.215],[85.871,54.038],[86.124,53.981],[86.184,53.812],[86.3,53.83],[86.394,53.597],[86.814,53.451],[86.93,53.504],[86.849,53.32],[86.63,53.249],[86.644,53.18],[87.055,53.041],[86.912,52.847],[87.066,52.696],[87.169,52.696],[87.127,52.615],[86.81,52.648],[86.795,52.515],[86.628,52.527],[86.679,52.437],[86.623,52.406],[86.694,52.295],[86.783,52.293],[86.724,52.197],[86.801,52.159],[86.456,52.128],[86.403,52.036],[86.229,52.014],[85.919,52.106],[85.799,52.052],[85.891,52.026],[85.818,51.971],[85.865,51.897],[85.721,51.845],[85.777,51.82],[85.688,51.719],[85.485,51.694],[85.444,51.563],[85.196,51.486],[84.99,51.514],[84.413,51.271],[84.256,51.283],[84.121,51.071],[84.097,51.143],[83.933,51.138],[83.943,51.069],[84.491,50.948],[84.437,50.86],[84.59,50.824],[84.446,50.68],[84.075,50.641],[83.834,50.88],[83.407,51.013],[83.121,51.011],[82.98,50.884],[82.733,50.927],[82.739,50.85],[82.567,50.747],[82.173,50.73],[81.776,50.821],[81.728,50.76],[81.449,50.756],[81.413,50.976],[81.06,50.948],[81.146,51.212],[81.047,51.181],[80.678,51.317],[80.635,51.207],[80.447,51.208],[80.482,50.969],[80.193,50.9],[80.185,50.827],[80.068,50.853],[80.076,50.738],[79.173,51.93],[77.889,53.367],[77.966,53.39],[77.922,53.448],[78.071,53.439],[77.91,53.572],[78.228,53.618],[78.245,53.501],[78.363,53.476],[78.645,53.513],[78.616,53.637],[79.64,53.744],[79.624,53.795],[79.888,53.842],[79.865,53.915],[80.093,53.991],[80.051,54.045],[80.571,54.125],[80.535,54.17],[80.864,54.246],[80.812,54.343],[80.952,54.375],[81.132,54.112],[81.614,54.02],[81.54,53.906],[81.833,53.964],[81.836,53.871],[81.715,53.777],[81.817,53.685],[82.191,53.678],[82.156,53.604],[82.566,53.498],[82.502,53.547],[82.666,53.642],[82.621,53.669],[82.76,53.75],[82.714,53.778],[83.198,54.066],[83.301,54.085],[83.349,53.934],[83.45,53.947],[83.554,54.109],[84.551,54.162],[84.636,54.277],[85.116,54.438],[85.418,54.186]],[[86.755,53.335],[86.81,53.343],[86.775,53.354],[86.755,53.335]]]}},{"type":"Feature","properties":{"admin_code":"RU-AMU","name":"Amur Oblast","name_local":"Амурская область"},"geometry":{"type":"Polygon","coordinates":[[[121.948,53.617],[121.93,53.848],[121.626,54.093],[121.779,54.176],[121.69,54.405],[122.145,54.448],[121.929,54.571],[121.908,54.811],[121.64,54.765],[121.96,55.001],[121.914,55.12],[122.035,55.199],[121.944,55.233],[121.991,55.507],[121.899,55.62],[121.772,55.633],[121.574,55.514],[121.342,55.522],[121.344,55.811],[121.204,56.041],[120.119,55.866],[120.13,56.024],[120.037,56.156],[120.536,56.287],[120.235,56.403],[120.25,56.479],[119.833,56.566],[119.8,56.617],[119.885,56.681],[119.655,56.757],[119.704,56.829],[120.289,57.028],[120.905,57.061],[121.406,56.986],[121.591,56.845],[121.61,56.738],[122.164,56.746],[122.572,56.485],[122.764,56.491],[122.794,56.585],[122.885,56.596],[123.109,56.458],[123.921,56.388],[124.2,56.175],[124.203,56.088],[124.394,56.053],[124.418,55.92],[124.506,55.885],[124.64,55.938],[124.964,55.838],[125.253,55.908],[125.554,55.74],[125.981,55.771],[126.141,55.651],[126.077,55.595],[126.416,55.56],[126.589,55.657],[126.857,55.612],[126.935,55.691],[127.187,55.718],[127.423,55.579],[127.59,55.594],[127.543,55.666],[127.734,55.731],[127.831,55.663],[128.29,55.697],[128.501,55.549],[128.686,55.572],[128.786,55.488],[129.087,55.525],[129.049,55.694],[129.66,55.786],[130.001,55.713],[130.739,55.754],[131.143,55.644],[132.441,55.743],[132.663,55.625],[132.661,55.521],[132.972,55.402],[132.679,55.356],[132.611,55.235],[132.361,55.245],[132.426,55.085],[132.086,55.062],[131.971,55.019],[132.089,55.001],[131.939,54.892],[131.171,54.636],[131.233,54.553],[131.12,54.335],[130.736,54.299],[130.391,53.92],[130.68,53.902],[130.9,53.774],[131.108,53.822],[131.422,53.753],[131.533,53.334],[131.442,53.221],[131.806,53.258],[131.899,53.136],[132.106,53.241],[132.862,53.235],[133.567,53.55],[133.946,53.439],[134.533,53.622],[134.89,53.435],[134.783,53.34],[134.921,53.261],[134.825,53.194],[134.861,53.094],[134.595,52.901],[134.646,52.722],[134.752,52.68],[134.598,52.54],[134.601,52.425],[133.87,52.514],[133.262,52.682],[133.3,52.517],[133.234,52.447],[133.42,52.234],[133.093,52.153],[132.818,52.183],[132.573,52.081],[132.521,51.958],[132.395,51.978],[132.451,51.886],[132.287,51.805],[131.604,51.666],[131.401,51.692],[131.49,51.347],[131.319,51.384],[131.043,51.239],[130.947,51.04],[130.765,50.993],[130.883,50.891],[130.645,50.662],[130.723,50.606],[130.968,50.648],[131.028,50.579],[130.876,50.456],[130.942,50.362],[131.123,50.434],[131.422,50.258],[131.387,49.974],[131.524,49.902],[131.466,49.802],[131.52,49.758],[131.352,49.699],[131.51,49.615],[131.528,49.428],[131.42,49.255],[131.111,49.233],[131.045,48.975],[130.781,48.978],[130.537,48.853],[130.224,48.865],[129.914,49.042],[129.71,49.291],[129.559,49.289],[129.501,49.425],[129.073,49.354],[128.984,49.457],[128.743,49.483],[128.802,49.55],[128.753,49.593],[128.169,49.536],[127.687,49.667],[127.665,49.77],[127.525,49.819],[127.489,49.99],[127.606,50.235],[127.325,50.335],[127.363,50.434],[127.286,50.47],[127.367,50.574],[127.3,50.745],[126.918,51.057],[126.894,51.203],[126.977,51.32],[126.869,51.315],[126.9,51.245],[126.812,51.289],[126.915,51.39],[126.781,51.435],[126.839,51.529],[126.67,51.599],[126.724,51.717],[126.457,51.944],[126.438,52.025],[126.554,52.13],[126.3,52.206],[126.432,52.292],[126.335,52.303],[126.34,52.396],[126.184,52.47],[126.192,52.538],[125.973,52.609],[126.105,52.77],[125.939,52.763],[125.83,52.895],[125.665,52.861],[125.742,52.984],[125.614,53.078],[125.508,53.048],[125.158,53.204],[124.895,53.171],[124.862,53.099],[124.708,53.193],[124.437,53.214],[124.244,53.375],[124.11,53.347],[123.612,53.548],[123.481,53.496],[123.271,53.561],[122.85,53.456],[122.327,53.502],[122.112,53.431],[121.948,53.617]]]}},{"type":"Feature","properties":{"admin_code":"RU-ARK","name":"Arkhangelsk Oblast","name_local":"Архангельская область"},"geometry":{"type":"MultiPolygon","coordinates":[[[[47.897,61.017],[47.193,61.067],[47.072,60.844],[46.925,60.856],[46.82,60.882],[46.824,60.963],[46.543,60.982],[46.525,61.044],[46.3,60.969],[45.759,61.011],[45.809,61.162],[45.338,61.195],[45.251,60.894],[44.16,60.965],[44.181,61.061],[43.955,61.057],[43.783,61.037],[43.766,60.896],[43.545,60.858],[43.524,60.766],[43.153,60.812],[42.995,60.73],[42.658,60.888],[42.57,60.773],[42.174,60.786],[41.825,60.916],[41.378,60.85],[41.37,60.642],[41.094,60.64],[40.721,60.781],[40.591,60.719],[40.429,60.783],[40.282,60.68],[40.01,60.647],[39.645,60.75],[39.194,60.723],[39.184,60.64],[38.955,60.765],[38.62,60.716],[38.587,60.798],[38.405,60.807],[38.367,60.914],[38.218,60.931],[38.188,61.026],[38.27,61.068],[38.008,61.142],[38.018,61.225],[37.873,61.29],[37.76,61.615],[37.88,61.714],[37.944,61.973],[37.837,61.983],[37.702,62.213],[37.452,62.199],[37.635,62.477],[37.548,62.623],[37.071,62.649],[36.528,62.793],[36.258,63.012],[36.391,63.226],[36.246,63.212],[36.192,63.426],[35.893,63.576],[36.455,63.626],[36.59,63.748],[36.553,63.951],[37.439,63.784],[38.072,64.0],[37.891,64.211],[38.01,64.29],[37.789,64.367],[37.791,64.438],[37.309,64.346],[37.111,64.4],[36.696,64.709],[36.535,64.716],[36.5,64.822],[36.571,64.812],[36.437,64.922],[36.811,64.957],[36.849,65.154],[37.175,65.15],[37.68,65.029],[37.887,64.892],[38.37,64.844],[38.368,64.763],[38.007,64.757],[38.125,64.673],[37.994,64.614],[38.013,64.584],[38.149,64.655],[38.157,64.711],[38.495,64.735],[38.434,64.808],[39.532,64.549],[40.104,65.078],[39.722,65.339],[39.773,65.573],[40.478,65.808],[40.747,65.986],[41.658,66.129],[41.592,66.158],[42.184,66.507],[42.634,66.419],[42.578,66.41],[42.451,66.337],[43.273,66.408],[43.343,66.316],[43.68,66.235],[43.278,66.1],[43.361,66.027],[43.476,66.007],[43.492,65.968],[43.46,65.943],[43.474,65.89],[43.499,65.975],[43.48,66.017],[43.349,66.051],[43.398,66.099],[43.84,66.192],[44.076,66.063],[44.019,65.983],[44.194,65.812],[44.182,65.87],[44.234,65.846],[44.167,65.885],[44.166,65.929],[44.086,65.988],[44.183,66.041],[44.072,66.222],[44.25,66.436],[44.855,66.231],[46.347,66.038],[47.145,65.821],[47.797,65.838],[47.749,65.906],[47.911,66.032],[48.029,66.013],[48.085,66.129],[49.0,66.114],[49.052,65.225],[49.635,65.288],[50.233,64.831],[50.499,64.793],[50.361,64.51],[49.552,64.576],[49.483,64.425],[48.961,64.478],[48.893,64.329],[48.524,64.356],[48.465,64.204],[48.189,64.231],[48.161,64.345],[47.345,64.354],[46.321,64.248],[45.852,64.278],[45.399,64.175],[45.595,64.057],[46.81,63.757],[47.017,63.578],[46.943,63.349],[47.051,63.254],[47.567,63.145],[47.443,62.965],[47.061,62.826],[47.245,62.639],[47.232,62.337],[47.403,62.334],[47.389,62.181],[47.643,62.176],[47.659,62.328],[48.323,62.307],[48.254,62.507],[48.352,62.734],[48.681,62.702],[48.741,62.852],[49.567,62.777],[49.375,62.134],[49.228,62.102],[49.04,61.649],[49.502,61.605],[49.321,61.153],[48.475,61.022],[48.42,60.837],[47.967,60.879],[47.897,61.017]]],[[[36.786,64.026],[36.76,64.014],[36.762,64.061],[36.786,64.026]]],[[[35.639,64.953],[35.635,64.965],[35.667,64.959],[35.639,64.953]]],[[[35.672,64.962],[35.654,64.97],[35.681,64.977],[35.672,64.962]]],[[[35.979,65.008],[35.973,65.019],[35.994,65.02],[35.979,65.008]]],[[[35.979,65.057],[36.025,65.039],[35.913,65.015],[35.979,65.057]]],[[[35.736,64.957],[35.505,65.122],[35.816,65.157],[35.864,65.039],[35.814,65.052],[35.812,65.088],[35.787,65.099],[35.739,65.043],[35.879,64.991],[35.736,64.957]]],[[[36.006,65.186],[36.274,65.157],[36.037,65.127],[35.934,65.143],[35.935,65.18],[36.006,65.186]]],[[[36.822,65.211],[36.841,65.21],[36.786,65.196],[36.822,65.211]]],[[[44.161,65.923],[44.149,65.911],[44.145,65.934],[44.161,65.923]]],[[[42.433,66.757],[42.613,66.757],[42.674,66.672],[42.433,66.757]]],[[[52.898,71.367],[53.078,71.274],[53.082,71.25],[52.905,71.34],[52.798,71.367],[52.771,71.363],[53.101,71.214],[53.154,71.251],[53.234,71.238],[53.242,71.14],[53.051,71.03],[53.182,70.951],[53.038,70.944],[52.671,71.214],[52.235,71.295],[52.668,71.373],[52.898,71.367]]],[[[52.967,71.302],[52.991,71.283],[52.915,71.3],[52.967,71.302]]],[[[53.052,71.365],[53.055,71.353],[53.011,71.379],[53.052,71.365]]],[[[52.542,71.4],[52.504,71.423],[52.548,71.419],[52.542,71.4]]],[[[52.67,71.49],[52.709,71.472],[52.669,71.446],[52.614,71.469],[52.67,71.49]]],[[[52.436,72.059],[52.385,72.056],[52.391,72.065],[52.436,72.059]]],[[[52.347,72.085],[52.37,72.084],[52.328,72.081],[52.347,72.085]]],[[[52.4,72.132],[52.427,72.119],[52.407,72.112],[52.4,72.132]]],[[[52.412,72.163],[52.397,72.155],[52.384,72.179],[52.412,72.163]]],[[[52.572,72.349],[52.589,72.332],[52.528,72.338],[52.572,72.349]]],[[[52.675,72.403],[52.687,72.395],[52.681,72.383],[52.675,72.403]]],[[[52.873,72.546],[52.894,72.539],[52.856,72.534],[52.873,72.546]]],[[[52.729,72.625],[52.741,72.618],[52.713,72.608],[52.729,72.625]]],[[[50.085,79.946],[50.035,79.958],[50.227,79.984],[50.367,79.969],[50.328,79.967],[50.085,79.946]]],[[[50.309,79.956],[50.997,80.098],[51.282,80.048],[51.144,79.968],[51.48,79.927],[50.309,79.956]]],[[[49.127,79.993],[49.117,80.0],[49.315,79.999],[49.127,79.993]]],[[[49.682,80.048],[49.31,80.035],[49.418,80.087],[49.682,80.048]]],[[[52.391,80.066],[52.36,80.075],[52.448,80.07],[52.391,80.066]]],[[[50.384,80.166],[50.065,80.114],[50.147,80.055],[50.005,80.041],[49.529,80.15],[50.23,80.216],[50.384,80.166]]],[[[36.616,80.154],[36.836,80.142],[36.794,80.137],[36.616,80.154]]],[[[51.607,80.316],[51.555,80.325],[51.573,80.337],[51.607,80.316]]],[[[52.357,80.319],[52.241,80.345],[52.414,80.355],[52.655,80.324],[52.357,80.319]]],[[[51.274,80.798],[51.802,80.714],[50.939,80.543],[49.63,80.469],[49.762,80.438],[49.735,80.368],[48.446,80.321],[48.908,80.279],[48.983,80.233],[48.834,80.212],[49.099,80.173],[48.43,80.194],[48.476,80.118],[48.351,80.073],[48.163,80.128],[47.678,80.075],[48.221,80.191],[47.849,80.197],[48.118,80.245],[47.368,80.236],[47.303,80.211],[47.479,80.192],[47.15,80.156],[46.72,80.296],[47.23,80.381],[47.335,80.347],[47.199,80.307],[48.041,80.296],[47.916,80.325],[48.178,80.339],[47.614,80.395],[48.308,80.413],[47.424,80.455],[47.953,80.532],[49.206,80.52],[49.152,80.547],[49.248,80.564],[49.202,80.586],[49.444,80.597],[49.277,80.634],[49.7,80.67],[48.967,80.736],[49.161,80.767],[49.003,80.782],[49.786,80.909],[50.422,80.93],[49.955,80.885],[50.142,80.853],[50.864,80.95],[51.002,80.858],[50.228,80.755],[51.274,80.798]]],[[[46.201,80.662],[47.463,80.857],[48.512,80.794],[48.606,80.752],[48.435,80.739],[48.768,80.65],[48.115,80.659],[47.622,80.773],[47.429,80.734],[47.556,80.679],[47.283,80.688],[47.418,80.59],[47.077,80.608],[46.222,80.444],[46.038,80.459],[46.104,80.554],[45.557,80.509],[44.908,80.598],[46.201,80.662]]],[[[50.376,81.044],[50.496,81.074],[50.382,81.148],[50.523,81.181],[51.003,81.123],[50.376,81.044]]],[[[56.006,70.598],[55.986,70.607],[56.039,70.598],[56.076,70.583],[56.006,70.598]]],[[[55.564,70.649],[55.6,70.637],[55.524,70.652],[55.564,70.649]]],[[[53.482,70.911],[53.477,70.917],[53.563,70.883],[53.482,70.911]]],[[[54.018,71.094],[54.047,71.086],[53.973,71.085],[54.018,71.094]]],[[[54.124,71.082],[54.031,71.108],[53.852,71.093],[54.04,71.112],[54.124,71.082]]],[[[53.548,71.161],[53.656,71.117],[53.589,71.082],[53.461,71.12],[53.585,71.114],[53.548,71.161]]],[[[54.116,71.184],[54.119,71.175],[54.08,71.176],[54.116,71.184]]],[[[53.428,71.214],[53.435,71.201],[53.389,71.196],[53.375,71.206],[53.428,71.214]]],[[[53.16,71.284],[53.166,71.271],[53.122,71.283],[53.107,71.293],[53.16,71.284]]],[[[53.235,71.273],[53.16,71.303],[53.208,71.304],[53.235,71.273]]],[[[53.158,71.353],[53.407,71.278],[53.297,71.285],[53.158,71.353]]],[[[53.223,71.388],[53.318,71.346],[53.182,71.365],[53.154,71.393],[53.223,71.388]]],[[[53.079,71.401],[53.127,71.373],[53.105,71.37],[53.079,71.401]]],[[[53.216,71.431],[53.2,71.449],[53.243,71.432],[53.216,71.431]]],[[[53.023,71.457],[53.108,71.442],[53.083,71.424],[53.023,71.457]]],[[[51.62,71.536],[51.443,71.781],[51.565,72.061],[51.86,72.153],[52.046,72.049],[52.225,72.129],[52.177,72.069],[52.527,72.026],[52.4,72.099],[52.444,72.122],[52.442,72.167],[52.467,72.118],[52.563,72.13],[52.432,72.212],[52.552,72.187],[52.458,72.274],[52.628,72.24],[52.6,72.29],[52.726,72.314],[52.577,72.364],[52.765,72.325],[52.708,72.427],[52.851,72.43],[52.708,72.444],[52.72,72.474],[52.902,72.495],[52.983,72.573],[53.325,72.553],[53.106,72.592],[52.729,72.54],[52.849,72.611],[52.749,72.629],[52.978,72.661],[52.56,72.657],[52.427,72.736],[52.614,72.851],[52.955,72.908],[53.522,72.854],[53.634,72.889],[53.116,72.928],[53.15,72.999],[53.423,72.998],[53.187,73.059],[53.221,73.146],[53.77,73.28],[54.248,73.258],[54.916,73.424],[55.399,73.317],[55.804,73.319],[56.568,73.137],[55.791,73.065],[56.434,73.032],[56.317,72.986],[55.546,72.942],[56.266,72.946],[56.122,72.778],[55.339,72.762],[55.844,72.738],[55.922,72.651],[55.674,72.657],[55.598,72.522],[55.493,72.559],[55.297,72.569],[55.563,72.509],[55.306,72.441],[55.48,72.435],[55.47,72.333],[55.364,72.286],[55.575,72.173],[55.407,72.097],[55.461,72.056],[55.364,71.98],[55.433,71.935],[55.273,71.943],[55.522,71.885],[55.656,71.626],[56.213,71.185],[57.613,70.709],[57.468,70.66],[57.476,70.592],[57.357,70.608],[57.432,70.587],[56.762,70.672],[57.32,70.543],[57.103,70.552],[57.142,70.556],[56.626,70.66],[56.548,70.655],[56.682,70.617],[56.609,70.617],[56.505,70.659],[56.623,70.718],[56.534,70.74],[56.222,70.738],[56.323,70.691],[56.179,70.69],[56.32,70.652],[56.16,70.651],[56.227,70.633],[56.076,70.648],[56.148,70.655],[56.047,70.653],[55.995,70.63],[55.905,70.658],[55.822,70.672],[55.794,70.665],[56.033,70.557],[55.883,70.567],[55.833,70.605],[55.743,70.593],[55.614,70.631],[55.746,70.6],[55.567,70.677],[55.764,70.611],[55.861,70.611],[55.61,70.724],[55.811,70.616],[55.437,70.733],[55.351,70.685],[55.099,70.765],[54.909,70.763],[55.358,70.679],[55.397,70.687],[55.436,70.67],[55.482,70.633],[55.271,70.682],[55.206,70.656],[55.293,70.562],[55.169,70.545],[54.541,70.782],[54.43,70.735],[54.791,70.637],[54.302,70.763],[54.046,70.723],[53.901,70.814],[53.883,70.803],[53.851,70.802],[53.847,70.797],[53.923,70.779],[53.9,70.76],[53.873,70.761],[53.616,70.832],[53.522,70.822],[53.584,70.789],[53.562,70.784],[53.35,70.86],[53.574,70.881],[53.753,70.812],[53.683,70.878],[53.782,70.932],[53.538,71.077],[53.964,71.015],[53.907,71.073],[54.175,71.07],[54.27,71.095],[54.012,71.137],[54.226,71.147],[54.081,71.216],[53.969,71.153],[53.806,71.193],[53.838,71.134],[53.544,71.201],[53.464,71.257],[53.551,71.253],[53.552,71.276],[53.343,71.324],[53.291,71.435],[53.496,71.527],[53.463,71.533],[53.492,71.553],[53.47,71.573],[53.202,71.482],[53.163,71.408],[53.098,71.484],[53.0,71.511],[53.057,71.464],[52.94,71.469],[53.031,71.4],[52.927,71.412],[52.969,71.371],[52.912,71.381],[52.883,71.46],[52.78,71.459],[52.867,71.41],[52.76,71.434],[52.583,71.602],[52.402,71.54],[52.457,71.462],[52.298,71.571],[52.194,71.528],[52.304,71.462],[51.62,71.536]]],[[[53.292,72.901],[53.321,72.889],[53.241,72.896],[53.292,72.901]]],[[[54.112,73.446],[54.175,73.435],[54.008,73.418],[54.112,73.446]]],[[[54.597,73.656],[54.625,73.651],[54.573,73.653],[54.597,73.656]]],[[[54.422,80.23],[54.35,80.203],[54.166,80.19],[54.203,80.239],[54.105,80.262],[54.369,80.292],[54.422,80.23]]],[[[52.924,80.297],[52.749,80.339],[52.93,80.378],[53.322,80.388],[53.406,80.37],[53.329,80.322],[53.934,80.23],[53.522,80.202],[53.536,80.148],[53.429,80.132],[52.405,80.183],[52.217,80.256],[52.924,80.297]]],[[[55.379,80.331],[55.552,80.306],[55.284,80.227],[54.943,80.242],[55.229,80.28],[55.102,80.296],[55.379,80.331]]],[[[53.901,80.302],[53.883,80.323],[54.036,80.334],[53.901,80.302]]],[[[54.601,80.364],[54.869,80.387],[54.818,80.364],[54.601,80.364]]],[[[56.028,80.41],[56.275,80.371],[55.752,80.386],[56.028,80.41]]],[[[55.113,80.373],[54.957,80.411],[55.288,80.437],[55.113,80.373]]],[[[54.574,80.376],[54.39,80.387],[54.648,80.478],[54.835,80.428],[54.574,80.376]]],[[[55.042,80.456],[54.607,80.515],[54.785,80.53],[55.042,80.456]]],[[[54.08,80.545],[54.474,80.486],[54.356,80.419],[53.841,80.455],[54.013,80.519],[53.842,80.56],[53.912,80.601],[54.285,80.581],[54.08,80.545]]],[[[53.547,80.508],[53.276,80.494],[53.194,80.543],[53.33,80.582],[53.081,80.623],[53.416,80.596],[53.547,80.508]]],[[[54.354,80.576],[54.415,80.571],[54.305,80.566],[54.354,80.576]]],[[[55.145,80.875],[55.943,80.772],[54.875,80.715],[54.67,80.746],[54.737,80.788],[54.016,80.816],[55.145,80.875]]],[[[55.439,80.956],[54.42,81.026],[54.714,81.109],[55.468,80.999],[56.095,81.015],[57.746,80.76],[57.088,80.673],[56.71,80.763],[56.765,80.786],[55.998,80.82],[55.439,80.956]]],[[[54.202,81.102],[54.319,81.081],[54.285,81.077],[54.202,81.102]]],[[[54.445,81.269],[54.17,81.347],[54.301,81.337],[54.523,81.268],[54.445,81.269]]],[[[54.887,81.376],[54.807,81.385],[54.926,81.39],[54.887,81.376]]],[[[56.465,70.481],[56.396,70.506],[56.429,70.507],[56.465,70.481]]],[[[56.311,70.508],[56.359,70.507],[56.337,70.502],[56.311,70.508]]],[[[56.693,70.538],[56.763,70.533],[56.663,70.498],[56.589,70.499],[56.693,70.538]]],[[[57.376,70.522],[57.456,70.514],[57.463,70.509],[57.376,70.522]]],[[[57.305,70.532],[57.361,70.529],[57.376,70.522],[57.305,70.532]]],[[[57.161,70.526],[57.22,70.5],[56.966,70.495],[56.81,70.588],[57.161,70.526]]],[[[57.266,70.525],[57.177,70.543],[57.187,70.546],[57.266,70.525]]],[[[56.517,70.521],[56.354,70.562],[56.637,70.557],[56.517,70.521]]],[[[56.303,70.553],[56.264,70.556],[56.281,70.562],[56.303,70.553]]],[[[56.677,70.585],[56.71,70.572],[56.654,70.589],[56.677,70.585]]],[[[56.734,70.599],[56.672,70.589],[56.627,70.61],[56.734,70.599]]],[[[56.096,70.632],[56.186,70.602],[56.153,70.58],[56.004,70.629],[56.096,70.632]]],[[[56.432,70.666],[56.533,70.623],[56.445,70.603],[56.65,70.564],[56.163,70.63],[56.349,70.622],[56.432,70.666]]],[[[57.12,70.622],[57.132,70.617],[57.086,70.626],[57.12,70.622]]],[[[58.319,74.066],[58.348,74.055],[58.308,74.044],[58.319,74.066]]],[[[58.671,74.402],[58.567,74.406],[58.611,74.42],[58.671,74.402]]],[[[58.755,75.773],[58.585,75.751],[58.665,75.779],[58.755,75.773]]],[[[58.943,79.907],[58.263,79.94],[58.669,79.987],[58.943,79.907]]],[[[56.424,80.015],[56.437,80.012],[56.352,80.003],[56.424,80.015]]],[[[55.793,80.091],[56.181,80.183],[55.927,80.304],[57.2,80.308],[57.084,80.27],[57.186,80.198],[57.046,80.182],[57.09,80.105],[57.028,80.074],[55.793,80.091]]],[[[58.609,80.331],[58.181,80.275],[58.041,80.235],[58.456,80.203],[58.407,80.145],[57.971,80.215],[57.844,80.159],[58.051,80.091],[57.868,80.094],[57.333,80.158],[57.262,80.252],[57.3,80.344],[56.976,80.455],[58.287,80.465],[59.294,80.321],[58.609,80.331]]],[[[56.507,80.473],[56.46,80.481],[56.704,80.481],[56.507,80.473]]],[[[57.591,80.528],[57.274,80.583],[58.078,80.621],[57.591,80.528]]],[[[55.429,80.694],[56.491,80.76],[56.985,80.675],[56.006,80.605],[55.429,80.694]]],[[[59.0,80.816],[58.46,80.726],[57.836,80.79],[58.766,80.878],[59.0,80.816]]],[[[58.155,80.956],[57.953,80.966],[57.976,80.975],[58.155,80.956]]],[[[57.558,81.028],[57.843,80.949],[58.319,80.911],[57.657,80.822],[56.811,81.026],[56.102,81.088],[57.558,81.028]]],[[[57.859,81.044],[58.147,81.091],[58.711,81.005],[58.472,80.933],[57.859,81.044]]],[[[58.565,81.052],[58.504,81.097],[58.803,81.089],[58.565,81.052]]],[[[58.374,81.104],[58.47,81.117],[58.125,81.126],[58.543,81.119],[58.374,81.104]]],[[[58.072,81.187],[57.745,81.106],[56.943,81.145],[58.072,81.187]]],[[[58.325,81.198],[58.212,81.185],[58.246,81.192],[58.325,81.198]]],[[[57.516,81.256],[57.543,81.252],[57.434,81.246],[57.516,81.256]]],[[[55.556,81.2],[55.682,81.261],[55.446,81.267],[55.703,81.33],[56.607,81.252],[56.335,81.396],[56.586,81.407],[57.949,81.296],[57.164,81.261],[56.544,81.159],[55.556,81.2]]],[[[57.691,81.56],[58.546,81.418],[57.877,81.376],[56.823,81.466],[57.691,81.56]]],[[[58.497,81.583],[58.26,81.585],[58.7,81.616],[58.497,81.583]]],[[[58.119,81.692],[57.939,81.734],[58.094,81.778],[57.894,81.807],[59.316,81.824],[59.194,81.738],[58.119,81.692]]],[[[58.75,74.339],[58.826,74.328],[58.808,74.32],[58.75,74.339]]],[[[59.082,74.329],[58.963,74.337],[59.056,74.369],[59.063,74.389],[59.141,74.395],[59.082,74.329]]],[[[59.04,74.369],[58.999,74.368],[59.057,74.395],[59.04,74.369]]],[[[59.274,74.384],[59.212,74.427],[59.362,74.43],[59.274,74.384]]],[[[58.715,74.431],[58.736,74.439],[58.705,74.418],[58.715,74.431]]],[[[59.224,74.484],[59.288,74.485],[59.249,74.475],[59.149,74.491],[59.224,74.484]]],[[[59.229,74.509],[59.183,74.534],[59.228,74.558],[59.229,74.509]]],[[[55.569,74.546],[55.824,74.67],[55.994,74.63],[56.413,74.702],[56.561,74.644],[56.941,74.673],[56.592,74.672],[56.429,74.719],[56.462,74.769],[55.837,74.775],[56.449,74.898],[56.295,74.896],[56.39,74.97],[56.294,75.0],[55.842,74.958],[55.933,75.047],[55.747,75.051],[55.798,75.117],[56.015,75.181],[56.293,75.158],[56.377,75.039],[56.59,75.062],[56.614,75.137],[57.011,75.247],[56.714,75.306],[57.041,75.38],[57.875,75.312],[57.555,75.475],[58.345,75.58],[57.983,75.632],[58.78,75.722],[58.822,75.771],[58.734,75.799],[58.884,75.848],[59.141,75.834],[59.367,75.881],[59.41,75.915],[60.432,75.964],[60.041,76.034],[60.267,76.087],[60.784,76.101],[60.467,76.0],[60.554,75.987],[61.091,76.04],[61.202,76.114],[60.907,76.145],[61.102,76.266],[62.404,76.253],[62.344,76.176],[62.547,76.155],[62.77,76.261],[63.038,76.191],[63.72,76.33],[64.068,76.275],[64.541,76.379],[64.835,76.338],[64.705,76.391],[65.488,76.551],[66.094,76.498],[65.822,76.651],[66.039,76.738],[66.365,76.704],[66.232,76.765],[67.048,76.939],[67.7,76.998],[68.579,76.956],[68.502,76.929],[68.823,76.87],[68.756,76.837],[69.092,76.703],[68.794,76.572],[68.957,76.537],[68.199,76.294],[68.31,76.249],[65.965,75.973],[63.796,75.612],[63.732,75.692],[63.585,75.714],[63.687,75.689],[62.313,75.419],[61.933,75.434],[61.513,75.217],[61.383,75.211],[61.414,75.311],[61.304,75.311],[61.345,75.281],[61.09,75.171],[60.736,75.119],[60.816,75.098],[60.749,75.015],[60.498,75.101],[60.312,75.086],[60.485,75.048],[60.387,75.043],[60.417,75.0],[59.913,74.985],[60.629,74.912],[60.527,74.843],[60.157,74.845],[60.305,74.78],[60.247,74.734],[59.657,74.718],[59.626,74.749],[59.492,74.788],[59.45,74.785],[59.575,74.719],[59.837,74.663],[59.862,74.607],[59.762,74.572],[59.145,74.733],[59.09,74.699],[59.269,74.617],[59.143,74.618],[59.123,74.526],[58.776,74.58],[59.115,74.519],[59.064,74.465],[59.143,74.424],[58.25,74.563],[58.202,74.54],[58.591,74.448],[58.567,74.411],[58.399,74.443],[58.312,74.427],[58.604,74.384],[58.722,74.249],[58.635,74.236],[58.733,74.214],[58.534,74.221],[58.64,74.201],[58.473,74.199],[58.543,74.159],[58.506,74.144],[58.285,74.188],[58.537,74.118],[58.142,74.116],[58.192,74.075],[58.113,74.035],[58.25,74.002],[58.145,73.972],[57.709,74.046],[57.406,74.204],[57.541,74.079],[57.248,74.067],[57.523,74.065],[57.866,73.904],[57.761,73.884],[57.885,73.768],[57.725,73.722],[57.396,73.834],[56.612,73.874],[57.304,73.808],[57.621,73.63],[57.335,73.545],[56.953,73.591],[56.793,73.68],[56.686,73.687],[56.888,73.604],[56.755,73.581],[57.242,73.454],[56.905,73.3],[56.767,73.341],[56.731,73.234],[56.122,73.259],[56.048,73.373],[55.934,73.427],[55.966,73.295],[55.74,73.338],[55.41,73.327],[54.955,73.44],[54.223,73.316],[54.068,73.357],[54.487,73.464],[54.233,73.482],[54.389,73.557],[55.406,73.705],[54.576,73.692],[54.22,73.596],[53.675,73.748],[53.984,73.772],[54.319,73.913],[54.832,73.952],[54.578,73.998],[55.028,74.156],[56.078,74.035],[55.109,74.25],[55.695,74.248],[55.757,74.278],[55.666,74.338],[55.299,74.347],[55.377,74.41],[56.029,74.435],[56.218,74.45],[56.295,74.475],[55.569,74.546]]],[[[61.837,75.333],[61.792,75.315],[61.803,75.327],[61.837,75.333]]],[[[59.216,75.913],[59.308,75.88],[59.041,75.881],[59.216,75.913]]],[[[59.293,75.943],[58.803,75.888],[58.828,75.903],[59.293,75.943]]],[[[59.576,76.022],[59.52,76.017],[59.725,76.042],[59.576,76.022]]],[[[59.459,76.049],[59.514,76.04],[59.454,76.019],[59.376,76.024],[59.459,76.049]]],[[[59.91,76.09],[60.495,76.171],[60.268,76.091],[60.096,76.081],[59.91,76.09]]],[[[62.968,76.22],[62.951,76.227],[63.005,76.239],[62.968,76.22]]],[[[61.174,76.277],[61.012,76.277],[61.017,76.283],[61.174,76.277]]],[[[61.225,76.273],[61.211,76.277],[61.38,76.294],[61.482,76.291],[61.225,76.273]]],[[[59.857,79.889],[59.789,79.897],[59.963,79.904],[59.857,79.889]]],[[[59.885,80.043],[59.401,79.907],[58.795,80.01],[59.463,80.092],[59.885,80.043]]],[[[59.235,80.132],[59.038,80.114],[59.112,80.148],[59.235,80.132]]],[[[60.003,80.154],[59.918,80.189],[60.09,80.195],[60.245,80.15],[60.003,80.154]]],[[[58.87,80.3],[58.899,80.289],[58.837,80.277],[58.87,80.3]]],[[[60.317,80.349],[60.084,80.343],[60.245,80.368],[60.317,80.349]]],[[[58.611,80.573],[58.503,80.583],[58.854,80.619],[58.611,80.573]]],[[[62.164,80.67],[61.944,80.631],[62.053,80.593],[61.497,80.531],[61.443,80.495],[61.537,80.463],[61.141,80.372],[60.326,80.458],[59.676,80.384],[59.361,80.483],[59.464,80.52],[59.384,80.562],[59.441,80.662],[59.689,80.798],[62.108,80.823],[62.164,80.67]]],[[[64.086,80.968],[64.179,81.012],[64.12,81.076],[64.181,81.138],[64.522,81.194],[65.191,81.133],[65.365,81.013],[65.128,80.982],[65.355,80.925],[65.225,80.857],[64.379,80.711],[63.018,80.642],[62.515,80.781],[63.144,80.941],[64.086,80.968]]],[[[63.037,80.958],[63.142,80.945],[63.096,80.948],[63.037,80.958]]],[[[61.649,81.095],[61.056,80.907],[59.992,80.977],[61.649,81.095]]],[[[59.759,81.18],[58.968,81.205],[59.207,81.216],[59.759,81.18]]],[[[59.824,81.287],[60.593,81.265],[60.417,81.245],[59.824,81.287]]],[[[59.32,81.329],[58.501,81.344],[58.781,81.412],[58.955,81.423],[59.149,81.417],[59.075,81.404],[59.32,81.329]]],[[[61.989,81.528],[61.788,81.578],[62.264,81.546],[61.989,81.528]]],[[[61.899,81.631],[61.991,81.631],[61.963,81.626],[61.899,81.631]]],[[[63.435,81.704],[63.763,81.638],[63.002,81.582],[62.173,81.665],[63.435,81.704]]]]}},{"type":"Feature","properties":{"admin_code":"RU-AST","name":"Astrakhan Oblast","name_local":"Астраханская область"},"geometry":{"type":"MultiPolygon","coordinates":[[[[46.66,45.547],[46.884,45.524],[46.855,45.451],[46.457,45.483],[46.66,45.547]]],[[[47.492,45.609],[47.538,45.618],[47.537,45.523],[47.492,45.609]]],[[[45.174,48.512],[45.342,48.433],[45.417,48.492],[45.201,48.54],[45.74,48.652],[45.945,48.843],[46.324,48.837],[46.622,48.668],[46.492,48.434],[47.124,48.27],[47.092,48.104],[47.212,48.082],[47.05,47.998],[47.194,47.761],[47.385,47.682],[47.415,47.838],[48.114,47.743],[48.521,47.412],[48.997,46.743],[48.478,46.671],[48.623,46.603],[48.552,46.556],[48.786,46.542],[49.191,46.37],[49.314,46.273],[49.332,46.144],[49.248,46.155],[49.321,46.065],[49.25,46.102],[49.216,45.991],[49.033,46.12],[49.047,45.893],[48.93,45.979],[48.842,45.816],[48.746,45.919],[48.783,45.786],[48.707,45.608],[48.356,45.695],[48.437,45.628],[48.396,45.593],[48.286,45.736],[48.19,45.687],[48.236,45.653],[48.166,45.682],[48.112,45.603],[48.205,45.449],[48.158,45.403],[48.121,45.579],[48.061,45.542],[48.013,45.659],[47.985,45.361],[47.935,45.699],[47.835,45.647],[47.909,45.619],[47.902,45.469],[47.784,45.626],[47.726,45.624],[47.768,45.448],[47.659,45.651],[47.602,45.582],[47.526,45.67],[47.296,45.677],[46.814,45.565],[46.478,45.7],[46.55,45.798],[46.295,45.914],[46.455,45.965],[46.501,46.281],[46.401,46.321],[46.663,46.441],[46.965,46.445],[46.866,46.62],[46.957,46.715],[46.962,46.974],[46.817,46.992],[46.536,47.403],[46.873,47.549],[46.703,47.607],[46.399,47.413],[46.267,47.421],[45.74,47.83],[45.757,48.001],[45.55,47.994],[45.266,48.105],[45.168,48.222],[44.961,48.271],[45.174,48.512]],[[47.117,46.054],[47.129,46.113],[47.015,46.093],[47.117,46.054]],[[46.985,45.781],[46.938,45.769],[46.962,45.72],[46.985,45.781]]]]}},{"type":"Feature","properties":{"admin_code":"RU-BA","name":"Bashkortostan","name_local":"Башкортостан"},"geometry":{"type":"Polygon","coordinates":[[[57.506,56.2],[57.466,56.127],[57.598,56.085],[57.861,56.149],[58.385,56.082],[58.558,56.173],[58.9,56.053],[59.042,56.172],[59.333,56.165],[59.308,56.046],[59.193,56.025],[59.225,55.85],[59.133,55.82],[59.318,55.767],[59.276,55.709],[59.337,55.633],[59.25,55.581],[59.391,55.645],[59.655,55.592],[59.464,55.474],[59.183,55.468],[59.178,55.335],[58.985,55.248],[58.911,55.326],[58.838,55.293],[58.932,55.272],[58.709,55.28],[58.755,55.164],[58.575,55.161],[58.829,55.05],[58.673,54.961],[58.453,54.997],[58.362,55.142],[58.249,55.171],[58.129,55.126],[58.201,55.092],[58.087,55.013],[58.129,54.948],[58.005,54.906],[57.933,54.949],[58.027,54.991],[57.987,55.157],[58.137,55.211],[57.941,55.296],[57.394,55.317],[57.246,55.266],[57.264,55.17],[57.131,55.085],[57.26,54.961],[57.141,54.857],[57.245,54.772],[57.603,54.679],[57.753,54.502],[58.012,54.397],[58.385,54.56],[58.609,54.459],[59.065,54.65],[59.266,54.612],[59.618,54.906],[60.002,54.864],[59.854,54.609],[59.646,54.484],[59.74,54.456],[59.672,54.34],[59.789,54.244],[59.708,54.142],[59.326,54.188],[59.14,53.965],[58.948,53.967],[58.911,53.929],[58.965,53.908],[58.911,53.657],[58.813,53.55],[58.906,53.548],[58.872,53.202],[58.913,53.056],[58.992,53.036],[58.839,53.024],[58.751,52.611],[58.839,52.566],[58.77,52.471],[58.855,52.426],[58.837,52.356],[58.952,52.282],[58.668,52.299],[58.617,52.137],[58.713,52.038],[58.575,51.772],[58.159,51.718],[58.11,51.792],[57.655,51.869],[57.635,51.755],[57.396,51.727],[57.211,51.571],[56.842,51.765],[56.892,51.606],[56.731,51.587],[56.746,51.736],[56.807,51.743],[56.612,51.835],[56.738,51.912],[56.649,51.961],[56.705,52.06],[56.399,52.161],[56.472,52.214],[56.201,52.14],[56.455,52.298],[56.491,52.444],[56.383,52.42],[56.351,52.497],[56.442,52.597],[56.264,52.544],[56.036,52.647],[56.006,52.549],[55.868,52.546],[55.887,52.409],[55.823,52.365],[55.525,52.388],[55.524,52.604],[55.437,52.585],[55.471,52.625],[55.372,52.675],[55.281,52.63],[55.219,52.724],[55.367,52.683],[55.4,52.829],[55.138,52.812],[54.927,53.212],[54.832,53.275],[54.616,53.217],[54.548,53.355],[54.152,53.388],[53.854,53.687],[53.642,53.755],[53.382,54.374],[53.423,54.566],[53.609,54.672],[53.649,54.907],[53.553,54.879],[53.158,55.166],[53.617,55.214],[53.69,55.327],[53.896,55.355],[53.966,55.531],[54.259,55.686],[54.049,55.809],[53.959,55.779],[53.992,55.847],[53.71,55.893],[53.707,55.966],[53.845,56.045],[54.036,56.022],[54.195,56.198],[54.392,56.258],[54.359,56.353],[54.449,56.345],[54.578,56.535],[54.944,56.337],[55.186,56.305],[55.205,56.372],[55.385,56.317],[55.879,56.457],[56.081,56.29],[56.533,56.397],[56.595,56.263],[56.921,56.104],[57.204,56.169],[57.195,56.251],[57.406,56.343],[57.506,56.2]]]}},{"type":"Feature","properties":{"admin_code":"RU-BEL","name":"Belgorod Oblast","name_local":"Белгородская область"},"geometry":{"type":"Polygon","coordinates":[[[35.679,50.908],[36.008,51.052],[35.921,51.125],[36.008,51.158],[36.492,51.063],[36.525,51.135],[36.597,51.066],[37.149,51.229],[37.146,51.357],[38.006,51.423],[38.519,51.211],[38.38,51.15],[38.388,51.077],[38.633,50.998],[38.742,51.072],[38.856,51.036],[38.805,50.984],[38.89,50.892],[38.726,50.9],[38.707,50.8],[39.119,50.625],[39.046,50.619],[39.127,50.507],[38.981,50.439],[39.102,50.34],[39.034,50.287],[39.118,50.268],[39.116,50.156],[39.281,50.035],[39.111,49.838],[38.931,49.797],[38.694,49.935],[38.687,50.008],[38.489,49.963],[38.313,50.088],[38.178,50.08],[38.222,49.979],[38.033,49.9],[37.641,50.176],[37.636,50.311],[37.472,50.369],[37.491,50.457],[36.87,50.338],[36.649,50.218],[36.433,50.331],[36.296,50.292],[36.087,50.448],[35.626,50.352],[35.39,50.58],[35.399,50.655],[35.489,50.659],[35.489,50.777],[35.352,50.973],[35.679,50.908]]]}},{"type":"Feature","properties":{"admin_code":"RU-BRY","name":"Bryansk Oblast","name_local":"Брянская область"},"geometry":{"type":"MultiPolygon","coordinates":[[[[31.576,52.463],[31.533,52.486],[31.574,52.484],[31.576,52.463]]],[[[32.882,53.436],[32.866,53.519],[32.946,53.542],[32.896,53.562],[33.067,53.689],[33.235,53.738],[33.192,53.804],[33.299,53.817],[33.282,53.941],[33.709,54.025],[33.816,53.992],[33.838,53.881],[34.201,53.912],[34.501,53.671],[34.572,53.429],[35.022,53.363],[35.141,53.279],[35.127,53.139],[35.325,53.079],[35.156,52.957],[34.987,52.968],[34.792,52.866],[35.112,52.698],[35.004,52.66],[34.992,52.507],[34.855,52.452],[34.96,52.343],[34.901,52.237],[34.683,52.197],[34.744,52.115],[34.7,52.063],[34.411,52.0],[34.333,51.936],[34.453,51.921],[34.386,51.843],[34.097,52.004],[34.116,52.141],[33.823,52.364],[33.561,52.302],[33.189,52.379],[32.888,52.245],[32.377,52.337],[32.368,52.146],[32.2,52.066],[31.917,52.042],[31.961,52.075],[31.782,52.112],[31.781,52.186],[31.688,52.194],[31.712,52.266],[31.582,52.328],[31.626,52.493],[31.558,52.518],[31.674,52.561],[31.5,52.693],[31.587,52.794],[31.243,53.034],[31.391,53.096],[31.402,53.212],[31.628,53.231],[31.935,53.083],[32.236,53.099],[32.488,53.304],[32.734,53.333],[32.766,53.42],[32.882,53.436]]]]}},{"type":"Feature","properties":{"admin_code":"RU-BU","name":"Buryatia","name_local":"Бурятия"},"geometry":{"type":"Polygon","coordinates":[[[115.583,56.877],[115.589,56.717],[115.412,56.606],[115.678,56.572],[115.805,56.432],[115.679,56.412],[115.67,56.302],[115.83,56.154],[115.755,56.129],[115.779,55.987],[115.906,55.926],[115.83,55.8],[115.83,55.678],[115.908,55.654],[115.877,55.496],[115.962,55.443],[115.902,55.408],[116.102,55.344],[116.374,55.381],[116.473,55.229],[116.841,55.034],[116.922,54.799],[116.747,54.664],[116.722,54.53],[115.603,54.414],[115.168,54.195],[114.981,53.995],[113.8,53.616],[113.949,53.25],[114.206,53.179],[114.146,53.073],[114.376,53.054],[114.236,52.898],[114.26,52.816],[114.078,52.662],[113.742,52.587],[113.591,52.449],[113.152,52.454],[112.919,52.329],[112.547,52.346],[112.383,52.202],[112.075,52.285],[111.715,51.975],[111.016,51.792],[110.706,51.515],[109.974,51.616],[109.421,51.432],[109.394,51.353],[109.227,51.365],[109.061,51.518],[108.916,51.431],[108.625,51.491],[108.617,51.409],[108.501,51.405],[108.375,51.251],[108.563,51.121],[108.342,51.063],[108.267,50.824],[108.061,50.774],[108.182,50.65],[108.689,50.511],[108.207,50.412],[108.115,50.305],[107.967,50.321],[107.734,50.153],[107.754,49.971],[107.173,50.012],[107.012,50.199],[106.789,50.305],[106.261,50.298],[106.084,50.333],[106.057,50.405],[105.355,50.479],[104.392,50.312],[104.135,50.139],[103.256,50.193],[103.238,50.322],[102.942,50.305],[102.648,50.402],[102.536,50.589],[102.302,50.682],[102.34,50.733],[102.21,50.817],[102.243,50.975],[102.123,51.139],[102.114,51.284],[102.184,51.295],[102.124,51.362],[101.542,51.5],[101.37,51.456],[100.586,51.74],[99.911,51.738],[99.801,51.915],[99.614,51.879],[99.522,51.968],[99.306,51.958],[98.823,52.193],[98.833,52.274],[98.648,52.28],[98.633,52.423],[98.96,52.716],[98.942,52.793],[98.849,52.797],[98.924,52.932],[99.226,52.866],[99.241,52.987],[99.372,53.101],[99.842,53.197],[99.87,53.312],[100.265,53.373],[100.426,53.239],[100.337,53.163],[100.386,53.096],[100.91,52.783],[101.416,52.632],[101.686,52.405],[101.963,52.315],[101.927,52.221],[102.156,52.284],[102.565,52.221],[102.762,51.996],[103.227,51.805],[103.182,51.617],[103.242,51.504],[103.362,51.435],[103.588,51.491],[103.801,51.435],[103.81,51.13],[104.196,51.283],[104.591,51.287],[104.672,51.338],[104.593,51.628],[105.583,51.845],[106.173,52.362],[108.013,53.234],[108.373,53.764],[109.0,54.334],[109.068,54.426],[108.546,54.544],[108.712,54.667],[108.761,54.933],[108.685,55.06],[108.796,55.166],[108.605,55.438],[108.703,55.499],[108.681,55.605],[108.791,55.639],[108.824,55.848],[108.971,55.939],[109.266,55.961],[109.24,56.019],[108.988,56.006],[108.816,56.228],[108.551,56.327],[108.74,56.505],[108.672,56.567],[109.425,56.738],[109.745,56.701],[109.892,56.793],[109.846,56.846],[109.915,56.926],[110.084,56.987],[110.579,56.834],[110.758,56.887],[111.16,56.821],[111.342,56.896],[111.335,56.971],[111.531,57.131],[111.791,56.91],[112.082,56.956],[112.212,56.859],[112.405,56.857],[112.68,56.965],[112.738,56.948],[112.678,56.869],[112.721,56.773],[112.868,56.686],[113.365,56.626],[113.486,56.69],[113.791,56.612],[113.858,56.519],[114.152,56.697],[114.768,56.687],[114.916,56.914],[115.084,56.982],[114.988,57.034],[115.068,57.112],[115.655,57.121],[115.854,57.249],[116.154,57.23],[116.252,57.139],[115.583,56.877]]]}},{"type":"Feature","properties":{"admin_code":"RU-CE","name":"Chechnya","name_local":"Чечня"},"geometry":{"type":"Polygon","coordinates":[[[45.247,42.909],[45.114,43.265],[45.159,43.411],[45.059,43.511],[44.87,43.536],[44.833,43.682],[45.066,43.72],[45.054,43.958],[45.438,43.876],[45.44,44.008],[45.859,43.971],[46.071,43.931],[46.003,43.881],[46.078,43.817],[46.359,43.944],[46.321,44.009],[46.44,44.002],[46.445,43.878],[46.662,43.836],[46.328,43.45],[46.424,43.295],[46.386,43.148],[46.504,43.086],[46.528,42.917],[46.368,42.841],[46.309,42.912],[46.183,42.888],[46.115,42.802],[46.175,42.733],[45.721,42.478],[45.572,42.55],[45.342,42.523],[45.087,42.712],[45.247,42.909]]]}},{"type":"Feature","properties":{"admin_code":"RU-CHE","name":"Chelyabinsk Oblast","name_local":"Челябинская область"},"geometry":{"type":"Polygon","coordinates":[[[62.222,56.038],[62.239,55.934],[62.364,55.933],[62.304,55.838],[62.526,55.77],[62.554,55.646],[62.469,55.564],[62.62,55.491],[62.3,55.404],[62.188,55.445],[62.244,55.337],[62.066,55.304],[62.285,55.078],[62.194,54.99],[61.966,55.03],[62.119,54.814],[62.017,54.724],[62.276,54.669],[62.562,54.728],[62.55,54.652],[62.672,54.624],[63.2,54.699],[63.295,54.544],[63.142,54.484],[63.166,54.336],[63.098,54.333],[63.351,54.194],[62.595,54.074],[62.517,53.914],[62.395,54.003],[62.494,54.032],[62.419,54.047],[62.013,54.04],[62.044,53.948],[61.932,53.95],[61.846,54.032],[61.572,53.969],[61.401,54.087],[61.246,54.038],[61.28,53.929],[60.997,53.936],[61.227,53.796],[60.9,53.628],[61.553,53.593],[61.592,53.526],[61.428,53.456],[61.259,53.508],[61.155,53.406],[61.177,53.311],[61.527,53.215],[61.673,53.266],[62.119,53.112],[62.13,52.989],[61.632,52.954],[61.25,53.036],[61.008,52.978],[61.073,52.923],[60.712,52.765],[60.715,52.663],[60.843,52.641],[60.841,52.522],[60.981,52.508],[61.067,52.348],[60.198,51.991],[60.002,51.993],[59.904,52.083],[60.174,52.26],[60.163,52.4],[59.824,52.48],[59.502,52.399],[59.418,52.487],[59.264,52.484],[59.166,52.277],[58.999,52.427],[58.796,52.432],[58.839,52.566],[58.751,52.611],[58.839,53.024],[58.992,53.036],[58.913,53.056],[58.872,53.202],[58.906,53.548],[58.813,53.55],[58.911,53.657],[58.965,53.908],[58.911,53.929],[59.14,53.965],[59.326,54.188],[59.708,54.142],[59.789,54.244],[59.672,54.34],[59.74,54.456],[59.646,54.484],[59.854,54.609],[60.002,54.864],[59.618,54.906],[59.266,54.612],[59.065,54.65],[58.609,54.459],[58.385,54.56],[57.984,54.396],[57.753,54.502],[57.603,54.679],[57.485,54.665],[57.141,54.852],[57.261,54.955],[57.131,55.085],[57.264,55.17],[57.246,55.266],[57.394,55.317],[57.941,55.296],[58.137,55.211],[57.987,55.157],[58.027,54.991],[57.933,54.949],[58.005,54.906],[58.129,54.948],[58.087,55.013],[58.201,55.092],[58.129,55.126],[58.249,55.171],[58.362,55.142],[58.453,54.997],[58.653,54.959],[58.829,55.05],[58.575,55.161],[58.755,55.164],[58.725,55.29],[58.932,55.272],[58.838,55.293],[58.911,55.326],[58.985,55.248],[59.178,55.335],[59.183,55.468],[59.643,55.558],[59.464,55.643],[59.25,55.581],[59.337,55.633],[59.276,55.709],[59.318,55.767],[59.133,55.82],[59.225,55.85],[59.193,56.025],[59.308,56.046],[59.333,56.165],[59.019,56.198],[59.169,56.199],[59.159,56.345],[59.714,56.324],[59.635,56.248],[60.24,56.2],[60.553,56.222],[60.576,56.318],[60.68,56.31],[60.655,56.215],[61.104,56.181],[61.186,56.208],[61.119,56.352],[61.444,56.353],[62.222,56.038]]]}},{"type":"Feature","properties":{"admin_code":"RU-CHU","name":"Chukotka Autonomous Okrug","name_local":"Чукотский автономный округ"},"geometry":{"type":"MultiPolygon","coordinates":[[[[-172.49,64.591],[-172.733,64.623],[-172.691,64.653],[-172.475,64.641],[-172.49,64.591]]],[[[-172.393,64.837],[-172.063,64.758],[-172.561,64.68],[-172.638,64.702],[-172.393,64.837]]],[[[-172.247,65.477],[-172.243,65.492],[-172.22,65.496],[-172.247,65.477]]],[[[-177.608,65.444],[-177.376,65.465],[-177.168,65.532],[-177.298,65.481],[-177.393,65.461],[-177.528,65.447],[-177.608,65.444]]],[[[-177.634,65.442],[-177.992,65.444],[-178.124,65.451],[-178.224,65.447],[-178.372,65.444],[-178.414,65.445],[-178.57,65.452],[-178.74,65.473],[-178.747,65.477],[-178.426,65.446],[-178.127,65.452],[-177.608,65.444],[-177.634,65.442]]],[[[-174.028,66.224],[-174.068,66.223],[-174.062,66.235],[-174.076,66.25],[-174.028,66.224]]],[[[-173.971,66.263],[-174.006,66.231],[-174.02,66.251],[-173.971,66.263]]],[[[-180.0,68.977],[-179.679,68.899],[-179.482,68.932],[-178.873,68.763],[-177.432,68.259],[-177.664,68.326],[-177.61,68.267],[-177.661,68.227],[-177.341,68.243],[-175.281,67.669],[-175.244,67.557],[-174.749,67.31],[-174.865,67.276],[-174.913,67.088],[-174.692,66.915],[-174.764,66.9],[-174.731,66.864],[-174.701,66.722],[-174.774,66.75],[-174.934,66.668],[-174.975,66.672],[-174.998,66.664],[-175.0,66.661],[-174.442,66.532],[-174.382,66.459],[-174.464,66.462],[-174.476,66.391],[-174.395,66.352],[-174.462,66.334],[-174.41,66.277],[-174.147,66.42],[-174.208,66.47],[-174.001,66.468],[-173.932,66.335],[-174.082,66.248],[-174.064,66.235],[-174.073,66.227],[-174.069,66.223],[-174.068,66.223],[-174.06,66.222],[-174.06,66.218],[-173.982,66.208],[-173.689,66.431],[-174.22,66.574],[-174.261,66.498],[-174.264,66.569],[-173.921,66.678],[-174.002,66.979],[-174.205,66.968],[-174.273,66.977],[-174.28,66.98],[-174.194,67.024],[-174.206,67.031],[-174.296,67.039],[-174.295,67.041],[-174.21,67.055],[-174.466,67.026],[-174.536,67.025],[-174.56,67.03],[-174.154,67.08],[-174.616,67.06],[-173.645,67.114],[-172.789,67.034],[-172.685,67.021],[-172.658,67.017],[-172.657,67.014],[-172.792,67.033],[-172.881,67.027],[-172.07,66.942],[-172.185,66.963],[-171.673,66.941],[-171.662,66.849],[-171.338,66.759],[-171.388,66.72],[-171.33,66.659],[-169.652,66.078],[-169.72,66.005],[-170.188,66.011],[-170.594,65.846],[-170.475,65.805],[-170.583,65.605],[-171.177,65.703],[-171.236,65.766],[-171.424,65.835],[-171.476,65.827],[-171.238,65.654],[-170.981,65.589],[-171.046,65.466],[-171.284,65.527],[-171.926,65.471],[-172.071,65.476],[-171.738,65.507],[-172.258,65.546],[-172.21,65.585],[-172.311,65.678],[-172.625,65.686],[-172.659,65.627],[-172.36,65.575],[-172.401,65.534],[-172.306,65.484],[-172.278,65.46],[-172.398,65.477],[-172.456,65.465],[-172.461,65.458],[-172.304,65.418],[-172.082,65.485],[-172.221,65.325],[-172.086,65.081],[-172.389,64.923],[-172.986,64.859],[-173.182,64.749],[-172.91,64.837],[-172.741,64.762],[-173.084,64.65],[-172.828,64.655],[-172.98,64.568],[-172.773,64.611],[-172.419,64.542],[-172.229,64.404],[-172.593,64.372],[-172.725,64.398],[-172.761,64.508],[-172.965,64.491],[-173.026,64.438],[-172.791,64.427],[-172.837,64.3],[-172.926,64.28],[-172.924,64.407],[-172.932,64.263],[-173.109,64.241],[-173.372,64.296],[-173.354,64.346],[-173.362,64.365],[-173.355,64.373],[-173.155,64.439],[-173.255,64.418],[-173.216,64.522],[-173.342,64.604],[-173.3,64.437],[-173.654,64.326],[-173.992,64.416],[-174.042,64.531],[-174.339,64.629],[-174.213,64.632],[-174.232,64.651],[-174.934,64.788],[-175.429,64.775],[-175.356,64.833],[-175.893,65.002],[-175.733,65.134],[-176.044,65.4],[-175.861,65.279],[-175.919,65.412],[-176.917,65.601],[-177.16,65.578],[-177.188,65.568],[-177.321,65.487],[-177.429,65.468],[-178.535,65.493],[-178.405,65.703],[-178.881,65.908],[-178.821,65.945],[-178.85,65.981],[-178.879,65.997],[-178.899,66.015],[-178.923,66.042],[-178.735,65.975],[-178.658,66.086],[-178.483,66.131],[-178.477,66.388],[-178.845,66.156],[-178.962,66.161],[-179.03,66.187],[-179.105,66.248],[-179.043,66.268],[-179.07,66.367],[-179.16,66.264],[-179.389,66.318],[-179.195,66.194],[-179.301,66.126],[-179.41,66.11],[-179.638,66.111],[-179.53,66.123],[-179.681,66.167],[-179.795,65.94],[-179.682,65.782],[-179.716,65.813],[-179.755,65.787],[-179.461,65.63],[-179.274,65.63],[-179.338,65.573],[-179.272,65.527],[-179.488,65.411],[-179.537,65.238],[-179.667,65.139],[-179.996,65.038],[-180.0,68.977]],[[-176.995,65.606],[-177.021,65.618],[-176.802,65.592],[-176.985,65.636],[-176.879,65.655],[-176.916,65.669],[-177.16,65.578],[-176.995,65.606]]],[[[-172.363,66.978],[-172.404,66.988],[-172.186,66.963],[-172.363,66.978]]],[[[-172.42,66.991],[-172.42,66.987],[-172.577,66.996],[-172.627,67.014],[-172.42,66.991]]],[[[-174.697,67.052],[-174.748,67.061],[-174.719,67.146],[-174.668,67.026],[-174.697,67.052]]],[[[-174.676,67.199],[-174.699,67.227],[-174.681,67.215],[-174.665,67.184],[-174.676,67.199]]],[[[-174.682,67.197],[-174.706,67.185],[-174.704,67.202],[-174.682,67.197]]],[[[-174.626,67.477],[-174.587,67.46],[-174.616,67.449],[-174.626,67.477]]],[[[-178.522,71.555],[-177.433,71.225],[-177.584,71.103],[-177.906,71.024],[-179.454,70.902],[-179.398,70.884],[-179.526,70.862],[-179.578,70.863],[-179.453,70.881],[-180.0,70.976],[-179.962,71.535],[-178.522,71.555]]],[[[-175.59,71.351],[-175.746,71.409],[-175.525,71.376],[-175.59,71.351]]],[[[-178.219,71.516],[-178.025,71.462],[-177.914,71.416],[-178.219,71.516]]],[[[-178.522,71.555],[-179.021,71.597],[-178.874,71.591],[-178.735,71.581],[-178.479,71.552],[-178.522,71.555]]],[[[-178.255,71.527],[-178.22,71.517],[-178.479,71.552],[-178.255,71.527]]],[[[-179.385,71.596],[-179.347,71.6],[-179.3,71.6],[-179.335,71.599],[-179.212,71.597],[-179.123,71.589],[-179.385,71.596]]],[[[-179.095,71.602],[-179.282,71.599],[-179.191,71.603],[-179.095,71.602]]],[[[-169.049,65.751],[-169.121,65.762],[-169.081,65.819],[-168.999,65.806],[-169.049,65.751]]],[[[158.37,66.434],[158.504,66.463],[158.72,66.702],[158.96,66.761],[158.714,67.037],[157.811,67.308],[157.909,67.419],[157.731,67.517],[157.81,67.675],[158.364,67.724],[158.249,67.824],[158.082,67.836],[158.098,67.909],[158.374,68.078],[159.637,68.223],[159.778,68.182],[159.85,68.254],[160.732,68.248],[161.45,68.378],[162.448,68.284],[162.617,68.437],[162.564,68.483],[162.752,68.584],[162.592,68.778],[162.855,68.831],[162.54,68.983],[162.577,69.035],[162.511,69.068],[162.826,69.184],[162.563,69.289],[162.543,69.374],[162.348,69.408],[162.432,69.454],[162.324,69.591],[162.587,69.671],[163.784,69.677],[164.091,69.751],[164.607,69.577],[165.242,69.59],[166.237,69.506],[166.495,69.497],[166.688,69.513],[166.729,69.507],[166.578,69.496],[166.523,69.465],[166.554,69.456],[166.574,69.457],[166.586,69.459],[166.587,69.457],[166.606,69.452],[166.612,69.454],[166.666,69.467],[166.692,69.483],[166.734,69.472],[166.79,69.465],[166.872,69.462],[166.98,69.478],[167.733,69.764],[167.945,69.768],[168.102,69.675],[167.938,69.641],[168.284,69.543],[168.212,69.418],[168.305,69.219],[169.332,69.08],[169.421,69.016],[169.42,68.852],[169.59,68.772],[170.424,68.784],[170.579,68.807],[170.432,68.85],[170.945,69.003],[171.033,69.094],[170.889,69.164],[170.927,69.28],[170.768,69.362],[170.655,69.561],[170.156,69.593],[170.249,69.705],[170.61,69.763],[170.569,69.735],[170.588,69.728],[170.6,69.728],[170.611,69.731],[170.581,69.735],[170.629,69.76],[170.572,69.882],[170.523,69.908],[170.582,70.069],[170.427,70.103],[170.55,70.125],[172.753,69.965],[173.219,69.832],[173.297,69.799],[173.206,69.758],[173.338,69.727],[173.527,69.801],[173.289,69.905],[173.181,69.862],[173.276,69.911],[173.467,69.933],[173.757,69.808],[173.773,69.866],[176.107,69.876],[176.893,69.644],[178.761,69.405],[179.204,69.289],[179.399,69.232],[179.207,69.286],[179.98,68.979],[179.632,69.108],[179.574,69.09],[179.701,69.001],[180.0,68.97],[180.0,65.038],[179.512,64.796],[179.14,64.76],[178.792,64.629],[178.609,64.573],[178.552,64.56],[178.82,64.652],[177.632,64.696],[177.562,64.794],[177.406,64.815],[177.539,64.843],[177.532,64.926],[177.251,64.922],[177.219,65.008],[176.981,65.065],[176.603,65.005],[176.414,65.066],[176.627,64.976],[177.01,65.037],[177.343,64.808],[177.069,64.752],[176.916,64.837],[176.448,64.795],[176.222,64.879],[176.439,64.686],[176.213,64.617],[176.285,64.597],[176.539,64.668],[176.772,64.539],[177.086,64.705],[177.508,64.741],[177.414,64.497],[177.618,64.337],[178.145,64.184],[178.124,64.232],[178.333,64.325],[178.228,64.433],[178.293,64.39],[178.687,63.974],[178.884,63.444],[179.453,63.116],[179.462,63.055],[179.336,63.053],[179.284,62.959],[179.555,62.845],[179.626,62.733],[179.597,62.627],[179.413,62.5],[179.147,62.463],[179.184,62.32],[179.113,62.275],[178.089,62.531],[177.125,62.541],[174.475,61.808],[174.452,62.024],[174.161,62.083],[174.146,62.197],[173.999,62.283],[174.151,62.338],[174.132,62.449],[173.898,62.435],[173.672,62.547],[172.855,62.348],[172.561,62.445],[172.29,62.372],[172.219,62.461],[172.078,62.465],[171.842,62.406],[171.893,62.359],[171.482,62.294],[171.248,62.32],[171.315,62.373],[171.258,62.393],[170.843,62.25],[170.246,62.281],[170.074,62.441],[170.119,62.491],[169.989,62.526],[170.093,62.636],[170.048,62.675],[169.833,62.659],[169.156,62.974],[168.922,62.944],[168.466,63.084],[168.745,63.18],[168.714,63.231],[169.227,63.514],[169.642,63.654],[169.575,63.805],[169.376,63.873],[169.387,63.94],[168.877,63.985],[168.8,64.184],[168.652,64.194],[168.53,64.304],[167.688,64.319],[167.232,64.623],[166.788,64.519],[166.186,64.62],[165.851,64.547],[165.903,64.612],[165.73,64.662],[165.685,64.75],[165.445,64.733],[165.137,64.855],[165.005,64.83],[165.013,64.676],[164.895,64.675],[164.8,64.767],[164.225,64.937],[163.908,64.848],[163.545,64.929],[163.363,64.802],[163.126,64.793],[163.265,64.693],[162.962,64.657],[161.848,64.825],[161.718,65.003],[161.361,65.135],[160.502,65.178],[160.093,65.502],[158.911,65.74],[158.927,65.889],[159.258,66.15],[159.23,66.236],[158.783,66.266],[158.37,66.434]]],[[[179.766,69.068],[179.4,69.231],[180.0,68.976],[179.766,69.068]]],[[[166.632,69.466],[166.612,69.454],[166.591,69.466],[166.632,69.466]]],[[[166.564,69.466],[166.58,69.46],[166.544,69.465],[166.564,69.466]]],[[[166.82,69.476],[166.829,69.469],[166.717,69.48],[166.82,69.476]]],[[[166.836,69.469],[166.824,69.483],[166.812,69.486],[166.871,69.476],[166.836,69.469]]],[[[166.629,69.476],[166.659,69.476],[166.567,69.467],[166.629,69.476]]],[[[166.717,69.501],[166.745,69.497],[166.727,69.485],[166.687,69.484],[166.68,69.477],[166.677,69.477],[166.685,69.492],[166.717,69.501]]],[[[166.667,69.498],[166.664,69.482],[166.631,69.484],[166.667,69.498]]],[[[168.227,69.661],[168.259,69.642],[168.209,69.642],[168.227,69.661]]],[[[170.106,69.686],[170.035,69.694],[170.064,69.704],[170.106,69.686]]],[[[169.972,69.733],[170.128,69.771],[170.21,69.775],[170.286,69.772],[170.309,69.767],[169.972,69.733]]],[[[173.364,69.773],[173.34,69.745],[173.339,69.77],[173.364,69.773]]],[[[167.779,69.789],[167.738,69.781],[167.769,69.798],[167.779,69.789]]],[[[167.791,69.812],[168.107,69.984],[168.467,70.034],[169.454,69.839],[169.41,69.759],[169.268,69.754],[169.303,69.649],[169.183,69.554],[168.58,69.604],[167.791,69.812]]],[[[169.224,69.921],[169.17,69.94],[169.301,69.92],[169.373,69.898],[169.224,69.921]]],[[[178.79,70.785],[178.628,71.072],[178.906,71.22],[180.0,71.534],[180.0,70.976],[178.79,70.785]]]]}},{"type":"Feature","properties":{"admin_code":"RU-CU","name":"Chuvashia","name_local":"Чувашия"},"geometry":{"type":"MultiPolygon","coordinates":[[[[47.405,54.638],[47.291,54.674],[47.371,54.698],[47.405,54.638]]],[[[47.854,54.742],[47.837,54.768],[47.851,54.773],[47.854,54.742]]],[[[47.842,54.909],[47.82,54.903],[47.822,54.914],[47.842,54.909]]],[[[48.103,54.991],[48.051,54.989],[48.052,55.003],[48.103,54.991]]],[[[46.245,54.978],[46.294,55.029],[46.216,55.084],[46.155,54.974],[46.012,55.163],[46.392,55.461],[46.133,55.515],[45.911,55.688],[46.1,55.799],[46.073,55.87],[46.169,55.886],[46.169,55.893],[46.079,55.949],[46.214,56.056],[46.415,56.13],[46.656,56.098],[46.757,56.21],[47.393,56.323],[47.425,56.157],[47.889,56.12],[47.968,55.966],[48.419,55.797],[48.266,55.781],[48.129,55.646],[48.084,55.695],[48.014,55.599],[48.145,55.57],[48.108,55.524],[47.97,55.515],[47.794,55.335],[47.645,55.336],[47.67,55.214],[47.923,55.322],[48.108,55.146],[47.902,55.092],[48.028,55.04],[47.976,54.953],[47.767,54.959],[47.824,54.803],[47.736,54.909],[47.715,54.901],[47.741,54.892],[47.723,54.859],[47.755,54.816],[47.744,54.81],[47.406,54.894],[47.388,54.753],[47.265,54.663],[47.034,54.705],[46.826,54.632],[46.437,54.791],[46.245,54.978]],[[47.743,55.368],[47.716,55.392],[47.699,55.389],[47.743,55.368]],[[47.351,54.879],[47.346,54.882],[47.342,54.876],[47.351,54.879]],[[47.33,54.847],[47.294,54.848],[47.297,54.842],[47.33,54.847]],[[47.314,54.884],[47.33,54.888],[47.316,54.888],[47.291,54.869],[47.314,54.884]],[[47.257,54.847],[47.237,54.847],[47.239,54.843],[47.257,54.847]]]]}},{"type":"Feature","properties":{"admin_code":"RU-DA","name":"Dagestan","name_local":"Дагестан"},"geometry":{"type":"MultiPolygon","coordinates":[[[[46.175,42.733],[46.115,42.802],[46.183,42.888],[46.309,42.912],[46.368,42.841],[46.534,42.923],[46.466,43.013],[46.504,43.086],[46.386,43.148],[46.424,43.295],[46.328,43.45],[46.662,43.836],[46.445,43.878],[46.44,44.002],[46.321,44.009],[46.359,43.944],[46.044,43.82],[46.003,43.881],[46.071,43.931],[45.491,44.008],[45.503,44.176],[45.103,44.191],[45.372,44.29],[45.429,44.429],[45.227,44.468],[45.239,44.557],[45.522,44.679],[45.705,44.977],[46.505,44.934],[46.818,44.76],[46.907,44.799],[46.698,44.687],[46.68,44.468],[46.775,44.37],[47.005,44.366],[47.112,44.221],[47.224,44.22],[47.46,43.82],[47.547,43.786],[47.58,43.881],[47.7,43.888],[47.502,43.471],[47.484,43.31],[47.511,43.279],[47.552,43.296],[47.516,43.36],[47.547,43.33],[47.556,43.283],[47.469,43.005],[47.698,42.87],[47.734,42.669],[47.887,42.581],[48.361,41.957],[48.592,41.842],[48.377,41.591],[48.065,41.492],[47.886,41.219],[47.557,41.199],[47.271,41.328],[47.124,41.583],[47.019,41.556],[46.76,41.862],[46.582,41.803],[46.257,42.006],[45.928,42.031],[45.609,42.212],[45.752,42.308],[45.819,42.499],[46.175,42.733]]],[[[47.72,43.896],[47.679,43.904],[47.701,43.908],[47.72,43.896]]],[[[47.715,43.905],[47.7,43.915],[47.718,43.919],[47.715,43.905]]],[[[47.638,43.984],[47.722,43.997],[47.767,43.977],[47.638,43.984]]],[[[47.544,44.427],[47.543,44.488],[47.564,44.425],[47.546,44.421],[47.483,44.452],[47.544,44.427]]]]}},{"type":"Feature","properties":{"admin_code":"RU-IN","name":"Ingushetia","name_local":"Ингушетия"},"geometry":{"type":"Polygon","coordinates":[[[45.159,43.411],[45.114,43.265],[45.247,42.909],[45.065,42.696],[44.887,42.747],[44.804,42.615],[44.632,42.892],[44.854,42.836],[44.957,43.049],[44.682,43.277],[44.681,43.211],[44.571,43.236],[44.578,43.414],[44.478,43.468],[44.503,43.588],[44.848,43.566],[45.159,43.411]]]}},{"type":"Feature","properties":{"admin_code":"RU-IRK","name":"Irkutsk Oblast","name_local":"Иркутская область"},"geometry":{"type":"Polygon","coordinates":[[[96.485,53.692],[96.063,53.992],[96.087,54.072],[95.646,54.297],[95.71,54.414],[95.919,54.397],[96.065,54.575],[96.539,54.53],[96.717,54.902],[96.594,55.024],[96.685,55.083],[96.657,55.239],[96.945,55.319],[96.808,55.551],[96.855,55.599],[96.744,55.656],[96.826,55.689],[96.755,55.732],[96.786,55.79],[96.989,55.85],[96.991,56.004],[97.132,56.113],[97.36,56.032],[97.409,56.164],[97.574,56.187],[97.557,56.376],[97.88,56.375],[97.88,56.534],[97.741,56.549],[97.786,56.798],[97.469,56.827],[97.673,56.973],[97.343,57.032],[97.953,57.83],[98.748,57.797],[98.981,57.718],[99.437,57.791],[99.682,58.083],[100.072,58.074],[100.137,57.856],[100.38,57.742],[100.323,57.684],[100.403,57.552],[100.763,57.4],[100.972,57.483],[100.815,57.638],[100.909,57.771],[100.819,57.875],[101.006,57.873],[101.139,57.968],[101.108,58.103],[101.531,58.242],[101.791,58.453],[102.202,58.522],[102.569,58.74],[102.561,58.905],[102.443,58.943],[102.494,59.009],[102.403,59.083],[102.498,59.186],[102.824,59.193],[103.014,59.318],[103.331,59.273],[103.215,59.234],[103.394,59.029],[103.986,58.875],[103.888,58.739],[104.211,58.786],[104.466,58.609],[104.813,58.677],[104.894,58.747],[104.755,58.807],[104.789,58.867],[105.365,59.114],[105.305,59.245],[105.172,59.304],[105.237,59.442],[104.968,59.471],[104.762,59.688],[105.023,59.778],[104.979,59.853],[105.064,59.876],[105.514,59.842],[105.41,59.948],[105.505,60.002],[105.422,60.154],[105.509,60.226],[105.343,60.299],[104.904,60.3],[104.657,60.406],[104.645,60.519],[104.502,60.618],[104.602,60.741],[104.46,60.844],[104.634,60.906],[104.576,60.946],[104.625,61.079],[104.853,61.192],[105.044,61.178],[104.95,61.316],[104.777,61.347],[105.281,61.424],[105.363,61.542],[105.98,61.691],[105.898,61.845],[106.396,62.043],[106.465,62.26],[106.347,62.281],[106.483,62.34],[106.43,62.395],[106.753,62.494],[106.67,62.562],[106.796,62.623],[106.47,62.699],[106.513,62.791],[106.187,62.923],[106.111,63.089],[106.397,63.126],[106.439,63.216],[106.345,63.246],[106.417,63.357],[106.621,63.317],[106.737,63.398],[106.469,63.547],[106.598,63.562],[106.689,63.661],[106.602,63.723],[106.79,63.871],[106.606,63.985],[106.664,64.044],[107.043,63.927],[107.285,63.981],[107.345,63.906],[107.566,63.897],[107.764,64.021],[108.327,64.017],[108.389,64.058],[108.293,64.215],[108.086,64.246],[108.503,64.306],[108.597,64.193],[108.52,64.137],[108.762,64.017],[108.711,63.932],[108.803,63.871],[108.306,63.847],[108.299,63.716],[108.136,63.608],[109.081,63.577],[109.286,63.372],[109.43,63.34],[109.457,63.11],[109.516,63.109],[109.469,63.023],[109.534,63.015],[109.484,62.971],[109.683,62.844],[109.508,62.795],[109.391,62.612],[109.252,62.577],[109.445,62.425],[109.911,62.437],[109.886,62.372],[109.996,62.315],[109.918,62.261],[109.989,62.165],[109.575,61.915],[109.6,61.745],[109.87,61.549],[109.76,61.332],[110.111,61.278],[110.227,61.167],[110.52,61.182],[110.549,61.1],[110.272,60.86],[110.289,60.702],[110.057,60.683],[110.138,60.597],[109.95,60.505],[109.949,60.417],[109.726,60.241],[109.692,60.078],[109.76,60.034],[109.475,59.768],[109.543,59.667],[109.252,59.467],[109.352,59.431],[109.246,59.332],[109.506,59.308],[109.505,59.197],[109.63,59.164],[109.643,59.061],[109.727,59.091],[109.822,58.989],[110.263,58.991],[110.492,59.048],[110.604,59.14],[110.549,59.183],[110.721,59.281],[111.189,59.201],[111.451,59.292],[111.65,59.224],[111.944,59.279],[112.274,59.532],[112.341,59.427],[112.273,59.302],[112.651,59.314],[112.445,59.15],[112.442,58.918],[112.52,58.891],[112.599,58.992],[112.512,59.054],[112.606,59.108],[112.608,59.048],[112.74,59.05],[112.805,59.127],[113.278,59.158],[113.465,59.266],[113.532,59.351],[113.431,59.402],[113.615,59.515],[113.589,59.593],[114.15,59.746],[114.32,59.907],[114.573,59.989],[114.49,60.052],[114.565,60.131],[115.023,60.236],[115.213,60.49],[115.731,60.548],[116.184,60.394],[116.594,60.382],[116.61,60.293],[116.935,60.199],[116.99,60.048],[117.347,60.024],[117.007,59.919],[117.226,59.873],[117.206,59.681],[117.112,59.61],[117.249,59.513],[117.57,59.478],[117.774,59.566],[117.824,59.446],[117.913,59.451],[118.052,59.642],[118.248,59.652],[118.388,59.513],[118.759,59.43],[118.749,59.345],[118.837,59.316],[118.67,59.183],[118.696,59.058],[118.841,59.036],[118.873,58.965],[118.75,58.921],[118.873,58.827],[118.755,58.629],[119.131,58.488],[119.062,58.368],[119.117,58.238],[118.68,58.179],[118.255,58.397],[117.677,58.429],[117.472,58.326],[117.595,58.185],[117.411,58.144],[117.432,57.93],[117.076,57.826],[117.182,57.77],[117.137,57.65],[117.335,57.635],[117.342,57.559],[117.255,57.536],[117.345,57.364],[117.449,57.363],[117.449,57.26],[117.582,57.355],[117.779,57.319],[117.721,57.209],[117.576,57.167],[117.678,57.028],[117.452,56.836],[117.321,56.965],[117.118,56.819],[116.753,56.738],[116.321,56.871],[116.08,56.826],[115.731,56.966],[116.252,57.139],[116.154,57.23],[115.845,57.248],[115.655,57.121],[115.06,57.108],[114.988,57.034],[115.084,56.982],[114.916,56.914],[114.768,56.687],[114.152,56.697],[113.858,56.519],[113.791,56.612],[113.486,56.69],[113.365,56.626],[112.868,56.686],[112.721,56.773],[112.678,56.869],[112.738,56.948],[112.68,56.965],[112.405,56.857],[112.212,56.859],[112.082,56.956],[111.791,56.91],[111.531,57.131],[111.335,56.971],[111.342,56.896],[111.16,56.821],[110.758,56.887],[110.579,56.834],[110.084,56.987],[109.915,56.926],[109.846,56.846],[109.892,56.793],[109.745,56.701],[109.425,56.738],[108.672,56.567],[108.74,56.505],[108.551,56.327],[108.816,56.228],[108.988,56.006],[109.24,56.019],[109.266,55.961],[108.971,55.939],[108.824,55.848],[108.791,55.639],[108.681,55.605],[108.703,55.499],[108.605,55.438],[108.796,55.166],[108.685,55.06],[108.761,54.933],[108.712,54.667],[108.546,54.544],[109.068,54.426],[109.0,54.334],[108.373,53.764],[108.013,53.234],[106.173,52.362],[105.583,51.845],[104.593,51.628],[104.672,51.338],[104.591,51.287],[104.196,51.283],[103.81,51.13],[103.801,51.435],[103.588,51.491],[103.362,51.435],[103.242,51.504],[103.182,51.617],[103.227,51.805],[102.762,51.996],[102.565,52.221],[102.156,52.284],[101.927,52.221],[101.963,52.315],[101.686,52.405],[101.416,52.632],[100.91,52.783],[100.386,53.096],[100.337,53.163],[100.426,53.239],[100.265,53.373],[99.87,53.312],[99.842,53.197],[99.372,53.101],[99.23,52.963],[99.0,53.027],[99.062,53.104],[98.917,53.155],[98.304,53.096],[98.297,53.227],[98.005,53.248],[97.982,53.348],[97.6,53.37],[97.329,53.589],[96.894,53.728],[96.731,53.723],[96.688,53.646],[96.485,53.692]]]}},{"type":"Feature","properties":{"admin_code":"RU-IVA","name":"Ivanovo Oblast","name_local":"Ивановская область"},"geometry":{"type":"Polygon","coordinates":[[[41.018,57.318],[41.152,57.423],[41.567,57.453],[41.633,57.538],[41.602,57.741],[42.211,57.555],[42.46,57.636],[42.715,57.614],[42.781,57.691],[42.884,57.655],[42.807,57.527],[42.885,57.374],[43.174,57.413],[43.186,57.577],[43.199,57.445],[43.325,57.419],[43.086,57.148],[43.301,56.821],[43.152,56.879],[42.871,56.809],[42.797,56.692],[42.927,56.635],[42.821,56.516],[42.897,56.47],[42.646,56.467],[42.601,56.399],[42.204,56.45],[42.046,56.352],[41.96,56.361],[41.887,56.528],[41.15,56.474],[40.767,56.594],[40.491,56.584],[40.226,56.44],[39.984,56.461],[39.822,56.602],[39.898,56.772],[39.379,56.777],[39.631,57.074],[40.43,57.286],[41.018,57.318]]]}},{"type":"Feature","properties":{"admin_code":"RU-KAM","name":"Kamchatka Krai","name_local":"Камчатский край"},"geometry":{"type":"MultiPolygon","coordinates":[[[[162.946,59.124],[162.944,59.133],[162.955,59.142],[162.955,59.138],[162.946,59.124]]],[[[162.995,59.152],[163.005,59.141],[162.974,59.134],[162.983,59.148],[162.995,59.152]]],[[[162.956,59.162],[162.982,59.148],[162.972,59.139],[162.972,59.136],[162.974,59.134],[162.975,59.133],[162.956,59.139],[162.96,59.147],[162.959,59.152],[162.945,59.18],[162.956,59.162]]],[[[163.21,59.54],[163.191,59.523],[163.207,59.558],[163.21,59.54]]],[[[162.782,60.803],[162.765,60.798],[162.771,60.804],[162.782,60.803]]],[[[163.299,60.86],[163.271,60.852],[163.279,60.858],[163.299,60.86]]],[[[163.012,61.469],[163.026,61.462],[162.987,61.451],[163.012,61.469]]],[[[162.518,61.565],[162.509,61.573],[162.581,61.59],[162.633,61.562],[162.518,61.565]]],[[[163.19,62.422],[163.159,62.417],[163.169,62.427],[163.19,62.422]]],[[[167.935,54.655],[168.101,54.498],[167.437,54.862],[167.935,54.655]]],[[[165.753,55.286],[165.967,55.365],[166.3,55.301],[166.248,55.18],[166.643,54.866],[166.671,54.679],[166.179,54.956],[165.971,55.23],[165.753,55.286]]],[[[162.39,61.761],[162.475,61.8],[162.289,61.931],[162.491,61.955],[162.524,62.083],[162.163,62.166],[162.735,62.265],[162.781,62.451],[162.681,62.571],[162.827,62.661],[162.28,62.903],[162.292,63.043],[162.781,63.194],[162.776,63.319],[162.654,63.378],[162.934,63.448],[163.0,63.62],[162.705,63.793],[162.946,63.872],[162.809,64.13],[163.18,64.157],[163.262,64.298],[163.496,64.358],[163.193,64.537],[163.266,64.71],[163.126,64.793],[163.363,64.802],[163.55,64.929],[163.908,64.848],[164.225,64.937],[164.914,64.673],[165.013,64.676],[165.005,64.83],[165.191,64.847],[165.337,64.754],[165.685,64.75],[165.73,64.662],[165.903,64.612],[165.851,64.547],[166.186,64.62],[166.788,64.519],[167.232,64.623],[167.688,64.319],[168.53,64.304],[168.652,64.194],[168.8,64.184],[168.877,63.985],[169.387,63.94],[169.376,63.873],[169.575,63.805],[169.642,63.654],[169.227,63.514],[168.714,63.231],[168.745,63.18],[168.466,63.084],[168.922,62.944],[169.156,62.974],[169.833,62.659],[170.048,62.675],[170.093,62.636],[169.989,62.526],[170.119,62.491],[170.074,62.441],[170.194,62.295],[170.843,62.25],[171.258,62.393],[171.315,62.373],[171.248,62.32],[171.482,62.294],[171.893,62.359],[171.842,62.406],[172.078,62.465],[172.219,62.461],[172.29,62.372],[172.561,62.445],[172.855,62.348],[173.672,62.547],[173.898,62.435],[174.132,62.449],[174.151,62.338],[173.999,62.283],[174.146,62.197],[174.161,62.083],[174.452,62.024],[174.437,61.911],[174.519,61.87],[173.837,61.644],[173.52,61.723],[173.507,61.556],[173.319,61.523],[173.164,61.392],[172.79,61.439],[172.741,61.398],[172.97,61.284],[172.65,61.166],[172.374,61.22],[172.431,61.122],[172.241,61.131],[172.472,61.072],[172.423,61.012],[172.007,61.087],[172.215,60.948],[172.074,60.837],[172.003,60.887],[171.713,60.834],[171.634,60.719],[171.395,60.614],[170.643,60.41],[170.691,60.313],[170.516,60.248],[170.427,59.97],[170.323,59.931],[169.958,60.072],[169.668,60.425],[169.234,60.55],[168.476,60.597],[167.799,60.531],[167.787,60.47],[167.228,60.339],[167.068,60.405],[167.118,60.409],[167.003,60.415],[167.074,60.307],[166.787,60.227],[166.861,60.214],[166.286,59.81],[166.09,59.812],[166.208,60.127],[166.313,60.195],[166.284,60.244],[166.29,60.32],[166.252,60.369],[166.258,60.395],[166.388,60.408],[166.273,60.473],[165.227,60.087],[165.171,60.143],[165.027,60.102],[165.164,60.08],[165.215,59.987],[164.837,59.782],[164.719,59.996],[164.484,60.102],[164.344,60.09],[164.344,59.994],[164.142,59.934],[164.204,59.853],[164.067,59.895],[164.224,59.986],[163.647,60.01],[163.696,59.956],[163.835,59.992],[163.691,59.877],[163.446,59.845],[163.37,59.732],[163.417,59.622],[163.408,59.615],[163.349,59.586],[163.275,59.59],[163.248,59.573],[163.228,59.58],[163.189,59.559],[163.214,59.568],[163.206,59.561],[163.19,59.529],[163.191,59.523],[163.193,59.511],[163.216,59.532],[163.275,59.55],[163.213,59.522],[163.195,59.5],[163.196,59.486],[163.348,59.324],[163.343,59.273],[163.292,59.226],[163.272,59.216],[163.338,59.286],[163.076,59.25],[163.079,59.174],[163.229,59.14],[163.251,59.083],[163.232,59.049],[163.223,59.038],[163.045,59.184],[162.945,59.18],[162.941,59.18],[162.907,59.108],[163.066,58.983],[162.682,58.862],[162.814,58.86],[162.411,58.656],[161.898,57.975],[162.001,57.927],[161.994,58.025],[162.136,57.847],[162.483,57.773],[162.468,57.768],[162.446,57.777],[162.398,57.774],[162.449,57.74],[162.34,57.673],[162.355,57.662],[162.531,57.752],[162.553,57.931],[162.698,57.95],[163.212,57.819],[163.322,57.725],[163.097,57.484],[162.783,57.35],[162.853,57.037],[162.777,56.78],[162.935,56.693],[163.234,56.739],[163.25,56.441],[163.362,56.184],[163.053,56.006],[162.818,56.061],[162.618,56.228],[162.085,56.087],[161.772,55.607],[161.741,55.398],[161.829,55.129],[162.154,54.853],[162.139,54.753],[161.715,54.505],[161.288,54.481],[161.071,54.593],[160.706,54.525],[159.99,54.111],[160.037,54.163],[159.993,54.162],[159.841,53.778],[159.957,53.498],[159.838,53.434],[159.973,53.328],[159.903,53.256],[159.948,53.21],[159.964,53.252],[160.023,53.264],[160.036,53.098],[159.743,53.205],[159.814,53.276],[159.091,53.108],[158.704,52.885],[158.611,53.051],[158.399,53.005],[158.471,52.963],[158.43,52.894],[158.551,52.889],[158.495,52.933],[158.645,52.897],[158.481,52.77],[158.602,52.694],[158.548,52.625],[158.388,52.65],[158.526,52.528],[158.405,52.406],[158.508,52.437],[158.561,52.417],[158.483,52.345],[158.549,52.29],[158.393,52.226],[158.274,51.964],[157.911,51.629],[157.563,51.501],[157.472,51.359],[156.666,50.865],[156.761,51.072],[156.715,51.199],[156.535,51.321],[156.46,52.159],[156.147,52.848],[155.558,55.199],[155.651,55.966],[155.959,56.633],[156.118,56.81],[156.496,56.976],[156.552,57.101],[156.73,57.07],[156.959,57.365],[156.968,57.584],[156.774,57.724],[156.855,57.802],[157.005,57.855],[157.361,57.773],[157.529,57.824],[157.677,58.016],[158.012,57.982],[158.337,58.076],[159.53,58.725],[159.738,58.876],[159.719,58.978],[159.858,59.128],[160.396,59.388],[160.494,59.555],[160.879,59.619],[161.493,60.042],[161.92,60.207],[161.948,60.423],[162.696,60.605],[162.891,60.752],[163.729,60.871],[163.773,60.917],[163.487,61.006],[163.936,61.222],[164.028,61.346],[163.75,61.464],[163.871,61.651],[164.058,61.685],[164.137,62.256],[164.532,62.441],[165.115,62.448],[164.439,62.694],[163.275,62.526],[163.153,62.416],[163.373,62.334],[163.083,62.221],[163.1,62.089],[163.196,62.059],[162.964,61.811],[163.337,61.71],[163.325,61.658],[163.118,61.617],[163.019,61.513],[162.853,61.603],[162.942,61.646],[162.836,61.715],[162.616,61.663],[162.748,61.627],[162.754,61.591],[162.39,61.761]],[[163.189,59.513],[163.19,59.492],[163.196,59.486],[163.189,59.513]]],[[[164.591,59.24],[164.731,59.046],[164.699,58.913],[164.172,58.811],[163.603,58.582],[163.49,58.448],[163.441,58.488],[163.414,58.554],[163.594,58.596],[163.773,58.885],[163.951,59.013],[163.688,58.988],[164.591,59.24]]],[[[164.669,59.589],[164.642,59.62],[164.675,59.626],[164.669,59.589]]],[[[163.786,59.981],[163.77,59.99],[163.793,59.997],[163.786,59.981]]],[[[172.497,61.106],[172.462,61.097],[172.46,61.105],[172.497,61.106]]],[[[163.487,62.355],[163.492,62.344],[163.463,62.341],[163.487,62.355]]]]}},{"type":"Feature","properties":{"admin_code":"RU-KB","name":"Kabardino-Balkaria","name_local":"Кабардино-Балкария"},"geometry":{"type":"Polygon","coordinates":[[[44.297,43.689],[44.429,43.685],[44.475,43.583],[44.442,43.428],[44.355,43.392],[44.32,43.45],[44.175,43.349],[44.106,43.431],[44.038,43.352],[44.098,43.267],[44.003,43.212],[44.002,43.273],[43.92,43.242],[43.83,43.323],[43.572,42.943],[43.443,42.969],[43.335,42.89],[42.932,43.148],[42.667,43.136],[42.397,43.29],[42.456,43.621],[42.676,43.698],[42.678,43.81],[43.148,43.895],[43.146,43.959],[43.225,43.959],[43.317,43.8],[43.474,43.866],[43.745,43.819],[43.771,43.928],[43.922,44.02],[44.225,43.918],[44.419,44.016],[44.297,43.689]]]}},{"type":"Feature","properties":{"admin_code":"RU-KC","name":"Karachay-Cherkessia","name_local":"Карачаево-Черкесия"},"geometry":{"type":"Polygon","coordinates":[[[42.676,43.698],[42.453,43.616],[42.41,43.25],[42.045,43.187],[41.885,43.25],[41.614,43.221],[41.394,43.366],[40.933,43.426],[40.713,43.532],[40.675,43.716],[40.935,44.017],[40.891,44.143],[41.291,44.085],[41.247,44.01],[41.315,43.98],[41.48,44.001],[41.744,44.268],[41.598,44.374],[41.865,44.498],[42.03,44.353],[42.408,44.308],[42.553,44.368],[42.61,44.269],[42.379,44.169],[42.293,44.04],[42.48,43.966],[42.585,44.026],[42.676,43.698]]]}},{"type":"Feature","properties":{"admin_code":"RU-KDA","name":"Krasnodar Krai","name_local":"Краснодарский край"},"geometry":{"type":"MultiPolygon","coordinates":[[[[38.933,46.841],[38.869,46.732],[38.902,46.56],[38.902,46.635],[39.202,46.61],[39.263,46.794],[40.063,46.772],[40.146,46.734],[40.064,46.534],[40.221,46.538],[40.329,46.28],[40.926,46.23],[40.99,46.298],[40.979,46.113],[41.108,46.078],[41.272,45.759],[41.169,45.76],[41.167,45.674],[40.848,45.694],[40.846,45.517],[40.923,45.517],[41.035,45.226],[41.279,45.264],[41.446,44.995],[41.654,44.986],[41.594,44.768],[41.427,44.708],[41.59,44.516],[41.737,44.483],[41.592,44.364],[41.744,44.268],[41.699,44.171],[41.36,43.978],[41.247,44.01],[41.291,44.085],[40.891,44.143],[40.935,44.017],[40.675,43.716],[40.713,43.532],[40.109,43.57],[39.992,43.385],[38.791,44.282],[38.206,44.416],[37.806,44.732],[37.737,44.65],[37.483,44.694],[37.241,44.986],[36.633,45.14],[36.592,45.246],[36.992,45.289],[36.798,45.304],[36.766,45.375],[36.859,45.379],[36.763,45.415],[36.735,45.378],[36.683,45.336],[36.622,45.305],[36.785,45.442],[37.377,45.316],[37.554,45.395],[37.616,45.665],[37.834,45.756],[37.971,46.034],[38.116,46.054],[38.065,45.968],[38.107,45.95],[38.277,46.262],[38.255,46.154],[38.582,46.039],[38.569,46.115],[38.139,46.378],[37.911,46.411],[37.699,46.7],[37.996,46.635],[38.291,46.743],[38.332,46.664],[38.507,46.643],[38.6,46.696],[38.401,46.72],[38.442,46.846],[38.933,46.841]],[[39.091,44.817],[39.56,44.807],[39.653,44.874],[39.471,45.036],[39.622,45.049],[39.599,44.983],[39.692,44.951],[39.885,45.023],[40.029,44.747],[39.91,44.713],[39.844,44.353],[40.094,44.247],[40.093,44.13],[39.988,44.076],[39.769,44.18],[39.831,44.079],[39.778,43.962],[40.19,43.872],[40.249,43.762],[40.368,43.775],[40.48,43.965],[40.36,44.247],[40.483,44.315],[40.415,44.535],[40.337,44.568],[40.368,44.717],[40.564,44.744],[40.67,44.546],[40.62,44.465],[40.776,44.465],[40.588,44.864],[40.227,45.118],[39.894,45.085],[39.62,45.217],[39.221,44.989],[39.022,44.968],[38.9,45.054],[38.806,44.996],[38.693,45.065],[38.684,44.951],[39.091,44.817]]],[[[37.416,45.352],[37.403,45.339],[37.396,45.346],[37.416,45.352]]],[[[38.339,46.772],[38.358,46.77],[38.36,46.769],[38.362,46.767],[38.363,46.766],[38.339,46.772]]]]}},{"type":"Feature","properties":{"admin_code":"RU-KEM","name":"Kemerovo Oblast","name_local":"Кемеровская область"},"geometry":{"type":"MultiPolygon","coordinates":[[[[86.8,53.35],[86.81,53.343],[86.755,53.335],[86.8,53.35]]],[[[87.164,52.71],[87.066,52.696],[86.912,52.847],[87.055,53.041],[86.627,53.239],[86.849,53.32],[86.93,53.504],[86.814,53.451],[86.394,53.597],[86.3,53.83],[86.184,53.812],[86.124,53.981],[85.871,54.038],[85.624,54.215],[85.418,54.186],[84.931,54.609],[85.004,54.68],[84.903,54.746],[85.079,54.856],[84.837,54.997],[84.927,55.164],[84.818,55.227],[84.917,55.324],[84.621,55.404],[84.785,55.529],[84.711,55.669],[84.54,55.718],[84.608,55.8],[84.456,55.894],[84.571,56.005],[84.448,56.042],[84.885,56.162],[85.003,56.109],[85.228,56.228],[85.685,56.212],[85.562,56.281],[86.116,56.501],[86.205,56.624],[86.339,56.636],[86.44,56.548],[86.678,56.643],[87.092,56.534],[87.227,56.571],[87.139,56.658],[87.384,56.646],[87.365,56.593],[87.597,56.664],[87.654,56.544],[88.363,56.828],[88.524,56.769],[88.648,56.82],[88.624,56.719],[88.718,56.682],[88.501,56.622],[88.606,56.531],[88.593,56.431],[89.04,56.3],[89.037,56.201],[89.282,56.057],[89.271,55.897],[89.4,55.84],[88.914,55.66],[88.441,55.305],[88.561,55.119],[88.548,55.003],[88.76,54.85],[88.595,54.683],[88.547,54.432],[88.364,54.382],[88.633,54.281],[88.851,54.419],[88.975,54.288],[89.126,54.346],[89.238,54.266],[89.005,54.004],[89.045,53.939],[89.197,53.952],[89.165,53.885],[89.239,53.819],[89.038,53.786],[88.994,53.654],[88.838,53.595],[88.875,53.493],[88.757,53.359],[88.911,53.392],[89.036,53.28],[89.006,53.196],[89.076,53.154],[88.912,52.99],[89.075,52.958],[89.24,52.801],[89.053,52.706],[89.117,52.591],[88.699,52.364],[88.704,52.252],[88.43,52.163],[88.375,52.193],[88.464,52.342],[88.413,52.445],[88.232,52.4],[87.891,52.539],[87.653,52.422],[87.13,52.617],[87.164,52.71]]]]}},{"type":"Feature","properties":{"admin_code":"RU-KGD","name":"Kaliningrad Oblast","name_local":"Калининградская область"},"geometry":{"type":"MultiPolygon","coordinates":[[[[19.866,54.647],[19.887,54.633],[19.735,54.496],[19.639,54.458],[19.866,54.647]]],[[[20.864,55.153],[20.512,54.954],[21.208,54.919],[21.281,55.025],[21.214,55.009],[21.179,55.197],[21.288,55.187],[21.381,55.294],[21.502,55.187],[22.073,55.026],[22.589,55.07],[22.887,54.814],[22.744,54.731],[22.684,54.586],[22.792,54.363],[21.446,54.318],[19.804,54.442],[19.993,54.577],[20.287,54.632],[20.274,54.692],[20.082,54.652],[20.022,54.727],[19.964,54.64],[19.903,54.635],[19.869,54.649],[19.977,54.96],[20.5,54.969],[20.984,55.278],[20.864,55.153]]]]}},{"type":"Feature","properties":{"admin_code":"RU-KGN","name":"Kurgan Oblast","name_local":"Курганская область"},"geometry":{"type":"Polygon","coordinates":[[[62.07,56.296],[62.268,56.34],[62.271,56.42],[62.516,56.563],[62.651,56.487],[62.889,56.591],[63.184,56.587],[63.358,56.491],[63.4,56.61],[63.493,56.613],[63.829,56.481],[64.179,56.461],[64.184,56.588],[64.343,56.644],[64.303,56.745],[64.831,56.842],[64.994,56.714],[64.997,56.505],[65.213,56.364],[65.122,56.308],[65.683,56.27],[65.834,56.073],[66.021,55.994],[66.161,56.069],[66.473,55.956],[66.723,56.042],[66.764,55.976],[67.303,55.963],[67.404,55.728],[67.822,55.729],[67.921,55.655],[68.162,55.724],[68.189,55.589],[68.723,55.326],[68.62,55.198],[68.177,55.199],[68.316,55.077],[68.235,54.969],[67.819,54.971],[67.692,54.863],[67.333,54.873],[65.999,54.625],[65.982,54.717],[65.747,54.607],[65.49,54.656],[65.504,54.571],[65.214,54.541],[65.222,54.334],[64.975,54.424],[64.739,54.354],[64.616,54.398],[63.987,54.301],[63.975,54.202],[63.794,54.272],[63.365,54.187],[63.098,54.333],[63.166,54.336],[63.142,54.484],[63.295,54.544],[63.2,54.699],[62.672,54.624],[62.55,54.652],[62.562,54.728],[62.276,54.669],[62.017,54.724],[62.119,54.814],[61.966,55.03],[62.194,54.99],[62.285,55.078],[62.066,55.304],[62.244,55.337],[62.188,55.445],[62.3,55.404],[62.62,55.491],[62.469,55.564],[62.554,55.646],[62.526,55.77],[62.304,55.838],[62.364,55.933],[62.239,55.934],[62.222,56.038],[62.061,56.131],[62.07,56.296]]]}},{"type":"Feature","properties":{"admin_code":"RU-KHA","name":"Khabarovsk Krai","name_local":"Хабаровский край"},"geometry":{"type":"MultiPolygon","coordinates":[[[[137.789,54.338],[137.785,54.341],[137.818,54.353],[137.789,54.338]]],[[[137.955,54.461],[137.712,54.355],[137.703,54.373],[137.955,54.461]]],[[[137.554,54.509],[137.623,54.559],[137.657,54.379],[137.546,54.396],[137.554,54.509]]],[[[137.097,54.614],[137.06,54.603],[137.062,54.607],[137.097,54.614]]],[[[136.288,54.65],[136.257,54.682],[136.466,54.642],[136.288,54.65]]],[[[138.203,54.699],[138.182,54.716],[138.247,54.715],[138.203,54.699]]],[[[137.632,55.197],[138.222,55.024],[137.997,54.921],[138.001,54.786],[137.711,54.616],[137.485,54.868],[137.236,54.762],[137.632,55.197]]],[[[136.519,54.944],[136.5,54.955],[136.529,54.962],[136.519,54.944]]],[[[136.682,54.951],[136.787,55.012],[137.197,55.111],[137.064,54.916],[136.9,54.961],[136.74,54.888],[136.682,54.951]]],[[[138.407,55.094],[138.429,55.078],[138.324,55.054],[138.407,55.094]]],[[[141.208,52.4],[141.219,52.387],[141.198,52.385],[141.208,52.4]]],[[[141.376,52.469],[141.389,52.464],[141.329,52.455],[141.376,52.469]]],[[[141.318,53.344],[141.358,53.352],[141.402,53.344],[141.481,53.298],[141.318,53.344]]],[[[141.175,53.439],[141.296,53.392],[141.323,53.377],[141.327,53.372],[141.175,53.439]]],[[[139.758,54.353],[139.809,54.354],[139.803,54.343],[139.758,54.353]]],[[[131.528,49.428],[131.51,49.615],[131.352,49.699],[131.52,49.758],[131.466,49.802],[131.524,49.902],[131.387,49.974],[131.39,50.165],[131.455,50.189],[131.305,50.376],[131.024,50.435],[130.942,50.362],[130.876,50.456],[131.028,50.579],[130.968,50.648],[130.723,50.606],[130.645,50.662],[130.883,50.891],[130.765,50.993],[130.947,51.04],[131.043,51.239],[131.174,51.256],[131.256,51.365],[131.49,51.347],[131.401,51.692],[131.604,51.666],[132.287,51.805],[132.451,51.886],[132.395,51.978],[132.521,51.958],[132.573,52.081],[132.818,52.183],[133.093,52.153],[133.42,52.234],[133.234,52.447],[133.3,52.517],[133.262,52.682],[133.87,52.514],[134.601,52.425],[134.598,52.54],[134.752,52.68],[134.646,52.722],[134.595,52.901],[134.861,53.094],[134.825,53.194],[134.921,53.261],[134.783,53.34],[134.89,53.435],[134.533,53.622],[133.946,53.439],[133.567,53.55],[132.862,53.235],[132.106,53.241],[131.899,53.136],[131.806,53.258],[131.442,53.221],[131.533,53.334],[131.422,53.753],[131.108,53.822],[130.9,53.774],[130.68,53.902],[130.391,53.92],[130.736,54.299],[131.12,54.335],[131.233,54.553],[131.171,54.636],[131.939,54.892],[132.089,55.001],[131.971,55.019],[132.086,55.062],[132.426,55.085],[132.361,55.245],[132.611,55.235],[132.679,55.356],[132.972,55.402],[132.661,55.521],[132.663,55.625],[132.441,55.743],[131.827,55.648],[131.638,55.709],[131.143,55.644],[130.953,55.712],[130.963,55.81],[130.86,55.917],[131.132,56.268],[131.104,56.41],[131.222,56.521],[131.428,56.453],[131.492,56.566],[131.731,56.474],[131.644,56.539],[131.68,56.681],[131.837,56.77],[131.5,57.024],[131.498,57.109],[131.192,57.168],[131.122,57.259],[131.281,57.337],[131.488,57.264],[131.609,57.309],[131.605,57.427],[131.781,57.539],[131.724,57.578],[132.071,57.687],[131.755,57.874],[131.799,57.934],[131.575,58.024],[131.644,58.08],[131.453,58.197],[131.705,58.201],[131.985,58.052],[132.137,58.08],[131.985,58.157],[132.111,58.278],[132.198,58.255],[132.226,58.386],[132.14,58.515],[132.431,58.511],[132.387,58.561],[132.546,58.659],[132.489,58.796],[132.592,58.893],[132.774,58.884],[132.846,58.99],[132.749,59.019],[132.827,59.118],[133.486,59.31],[133.634,59.229],[134.032,59.262],[134.486,59.139],[134.721,59.219],[134.749,59.153],[135.178,59.111],[135.349,59.335],[135.688,59.509],[136.763,59.337],[137.5,59.555],[137.45,59.646],[137.622,59.75],[137.899,59.741],[138.031,59.825],[138.032,59.656],[138.208,59.643],[138.272,59.706],[138.176,59.827],[138.262,60.069],[138.178,60.208],[138.319,60.319],[138.267,60.481],[138.429,60.704],[138.207,60.857],[138.356,60.992],[138.336,61.107],[138.703,61.207],[138.636,61.28],[138.733,61.337],[138.97,61.316],[139.057,61.432],[139.554,61.474],[139.692,61.662],[139.776,61.64],[139.938,61.804],[139.988,61.977],[140.276,62.038],[140.341,62.374],[140.643,62.407],[140.788,62.526],[141.061,62.49],[141.127,62.397],[141.314,62.416],[141.559,62.156],[141.854,62.084],[141.844,62.011],[142.173,62.074],[142.451,61.872],[142.713,61.973],[142.954,61.897],[143.23,62.117],[143.333,62.034],[143.646,62.019],[143.644,61.857],[143.922,61.994],[143.999,61.895],[143.945,61.755],[144.224,61.728],[144.545,61.845],[144.62,61.905],[144.58,61.97],[144.727,62.046],[144.956,62.067],[145.451,61.949],[145.641,61.983],[145.649,62.058],[145.965,62.004],[146.348,61.841],[146.595,61.637],[146.579,61.533],[146.74,61.468],[146.687,61.404],[146.752,61.402],[146.698,61.305],[146.764,61.097],[146.661,61.061],[146.757,61.006],[146.498,60.94],[146.535,60.844],[146.444,60.671],[146.082,60.736],[145.531,60.496],[145.53,60.422],[145.657,60.388],[145.562,60.312],[145.857,60.17],[146.382,60.249],[146.537,60.097],[146.689,60.087],[146.801,59.905],[147.063,59.933],[147.217,59.734],[147.126,59.696],[147.177,59.644],[147.11,59.409],[146.854,59.36],[146.439,59.461],[146.303,59.391],[146.352,59.206],[146.047,59.141],[145.827,59.245],[145.971,59.404],[145.803,59.366],[145.698,59.427],[143.159,59.346],[143.25,59.372],[143.247,59.407],[142.423,59.188],[142.069,59.024],[141.562,58.612],[140.777,58.304],[140.489,57.843],[140.009,57.706],[139.794,57.486],[138.927,57.143],[138.87,57.013],[138.627,56.967],[138.579,56.785],[138.562,56.867],[138.458,56.848],[138.272,56.62],[138.111,56.581],[138.227,56.425],[137.916,56.364],[137.724,56.137],[137.432,56.04],[137.395,55.947],[137.307,55.968],[136.757,55.644],[136.42,55.568],[136.136,55.29],[135.468,55.059],[135.174,54.849],[135.261,54.738],[135.668,54.657],[135.766,54.563],[136.51,54.587],[136.666,54.684],[136.684,54.604],[136.831,54.645],[136.882,54.564],[136.803,54.514],[136.832,54.429],[136.74,54.413],[136.819,54.321],[136.749,54.288],[136.816,54.134],[136.675,53.952],[136.711,53.794],[136.794,53.762],[136.944,53.853],[137.194,53.848],[137.305,54.03],[137.159,54.036],[137.083,54.127],[137.19,54.21],[137.394,54.305],[137.735,54.32],[137.477,54.094],[137.366,54.136],[137.301,54.052],[137.596,53.953],[137.855,53.965],[137.607,53.832],[137.497,53.654],[137.22,53.595],[137.314,53.533],[137.95,53.581],[138.305,53.742],[138.371,53.902],[138.582,53.995],[138.586,53.805],[138.26,53.532],[138.463,53.524],[138.646,53.687],[138.769,53.978],[138.772,54.08],[138.662,54.06],[138.738,54.247],[138.661,54.286],[139.304,54.177],[139.729,54.296],[139.792,54.203],[140.328,53.956],[140.256,53.871],[140.54,53.652],[140.732,53.563],[141.109,53.46],[141.131,53.448],[140.945,53.497],[140.909,53.428],[141.417,53.295],[141.328,53.226],[141.443,53.163],[141.198,53.01],[141.24,52.866],[141.163,52.793],[141.268,52.592],[141.104,52.472],[141.131,52.384],[141.385,52.223],[141.528,52.236],[141.546,52.152],[141.348,52.101],[141.39,51.916],[141.185,51.843],[141.106,51.682],[140.876,51.628],[140.881,51.491],[140.727,51.466],[140.859,51.371],[140.671,51.327],[140.703,51.25],[140.631,51.229],[140.622,51.235],[140.593,51.24],[140.557,51.241],[140.537,51.235],[140.658,51.221],[140.679,51.036],[140.5,50.87],[140.429,50.716],[140.492,50.629],[140.413,50.542],[140.53,50.342],[140.511,50.15],[140.687,50.09],[140.399,49.881],[140.529,49.786],[140.547,49.565],[140.311,49.217],[140.351,49.104],[140.281,49.093],[140.26,49.078],[140.331,49.044],[140.2,49.014],[140.286,49.017],[140.215,48.97],[140.254,48.949],[140.333,49.023],[140.391,48.976],[140.193,48.759],[140.174,48.447],[139.276,47.815],[139.048,47.404],[138.537,47.482],[138.631,47.603],[138.507,47.677],[138.775,47.77],[138.832,47.867],[138.577,48.032],[138.724,48.141],[138.703,48.21],[138.522,48.214],[138.474,48.414],[138.308,48.465],[137.883,48.211],[137.592,48.245],[137.308,48.104],[137.606,47.923],[137.413,47.806],[138.056,47.696],[137.972,47.616],[138.078,47.512],[137.465,47.209],[137.047,47.289],[136.925,47.079],[136.978,47.025],[136.619,46.795],[136.234,46.775],[136.063,46.87],[135.949,46.797],[135.705,46.917],[135.736,46.968],[135.362,46.921],[135.43,47.05],[135.089,47.214],[134.997,47.129],[134.662,47.124],[134.549,46.965],[134.432,46.967],[134.433,46.697],[134.021,46.635],[134.056,46.975],[134.222,47.118],[134.169,47.318],[134.311,47.433],[134.563,47.478],[134.77,47.715],[134.545,48.032],[134.774,48.375],[134.992,48.527],[134.977,48.603],[134.559,48.598],[134.408,48.746],[134.114,48.633],[133.925,48.636],[133.719,48.76],[133.589,48.73],[133.281,48.848],[133.224,48.961],[133.28,49.032],[133.055,49.215],[132.811,49.236],[132.773,49.335],[132.385,49.296],[132.385,49.414],[132.241,49.489],[132.066,49.463],[132.095,49.385],[131.993,49.377],[131.989,49.256],[131.802,49.339],[131.487,49.21],[131.428,49.273],[131.528,49.428]]],[[[139.246,54.582],[139.212,54.586],[139.278,54.615],[139.246,54.582]]],[[[143.139,59.347],[143.153,59.348],[143.149,59.342],[143.062,59.325],[143.139,59.347]]],[[[144.778,59.373],[144.624,59.372],[144.668,59.375],[144.778,59.373]]]]}},{"type":"Feature","properties":{"admin_code":"RU-KHM","name":"Khanty-Mansi Autonomous Okrug","name_local":"Ханты-Мансийский автономный округ"},"geometry":{"type":"Polygon","coordinates":[[[62.425,65.504],[62.367,65.432],[62.455,65.339],[62.872,65.291],[62.695,64.873],[62.807,64.841],[62.812,64.736],[62.558,64.559],[62.914,64.467],[63.247,64.52],[63.478,64.456],[63.517,64.363],[63.41,64.334],[63.611,64.271],[65.177,64.468],[65.376,64.556],[66.199,64.591],[66.957,64.517],[66.982,64.432],[66.847,64.34],[66.837,64.212],[67.783,64.019],[68.452,64.288],[68.912,64.224],[69.045,64.331],[68.858,64.439],[69.266,64.48],[69.397,64.387],[70.292,64.343],[70.771,64.191],[70.766,64.112],[70.559,64.015],[70.923,63.703],[71.456,63.683],[71.563,63.571],[71.645,63.193],[72.128,63.297],[72.663,63.282],[73.054,63.427],[73.498,63.188],[74.253,63.173],[74.524,63.036],[75.778,63.117],[76.34,62.951],[76.667,63.035],[77.026,62.972],[77.137,62.811],[78.093,62.464],[78.739,62.602],[79.843,62.609],[79.925,62.794],[80.552,62.99],[80.681,63.116],[81.036,63.148],[81.096,63.011],[81.32,62.91],[81.291,62.859],[81.741,62.705],[82.159,62.813],[82.762,62.749],[82.759,62.66],[83.324,62.458],[83.814,62.57],[84.425,62.23],[84.523,61.922],[84.678,61.808],[85.843,61.594],[85.977,61.483],[85.641,61.367],[85.697,61.284],[84.263,60.863],[83.95,60.836],[83.477,61.036],[83.157,61.027],[82.376,60.707],[82.41,60.608],[82.167,60.516],[81.88,60.64],[81.104,60.642],[81.052,60.756],[80.705,60.803],[80.201,60.675],[79.39,60.635],[79.213,60.826],[77.97,60.741],[77.11,60.859],[77.098,60.705],[76.956,60.628],[77.064,60.612],[77.072,60.523],[76.799,60.469],[76.756,60.378],[76.867,60.275],[76.714,60.116],[76.773,59.991],[76.665,59.571],[76.177,59.53],[75.988,59.383],[75.898,59.4],[75.84,59.281],[75.638,59.212],[75.701,58.969],[75.131,58.664],[74.145,58.73],[73.719,58.856],[73.025,58.875],[73.1,58.952],[72.928,59.053],[72.976,59.126],[72.525,59.148],[72.418,59.21],[72.442,59.3],[72.087,59.531],[71.258,59.788],[71.179,59.907],[70.999,59.828],[70.738,59.883],[70.396,59.84],[70.148,59.948],[69.651,59.91],[69.623,59.968],[69.27,59.99],[69.07,59.904],[69.309,59.77],[68.733,59.57],[68.573,59.589],[68.395,59.298],[68.261,59.238],[67.724,59.191],[67.054,58.927],[66.772,58.923],[66.785,58.657],[66.357,58.58],[65.655,58.658],[65.373,58.899],[65.236,59.206],[65.122,59.216],[65.072,59.312],[64.02,59.382],[63.874,59.461],[63.803,59.802],[63.606,60.137],[63.181,60.224],[63.226,60.294],[62.76,60.853],[62.826,61.001],[62.484,61.261],[61.166,61.669],[59.989,61.719],[59.973,61.883],[59.438,62.0],[59.399,62.157],[59.614,62.375],[59.635,62.548],[59.443,62.565],[59.359,62.751],[59.462,62.898],[59.204,63.028],[59.323,63.124],[59.374,63.369],[59.311,63.387],[59.471,63.553],[59.561,63.909],[59.837,64.087],[59.559,64.243],[59.645,64.447],[59.464,64.496],[59.618,64.65],[59.752,64.668],[59.626,64.724],[59.625,64.803],[60.218,65.079],[60.729,64.926],[60.808,65.025],[61.077,65.082],[61.108,65.162],[61.286,65.172],[61.365,65.25],[61.299,65.328],[62.0,65.718],[62.425,65.504]]]}},{"type":"Feature","properties":{"admin_code":"RU-KIR","name":"Kirov Oblast","name_local":"Кировская область"},"geometry":{"type":"MultiPolygon","coordinates":[[[[47.193,61.067],[47.603,61.061],[47.941,61.002],[47.967,60.879],[48.42,60.837],[48.561,60.552],[48.496,60.472],[48.633,60.424],[48.531,60.4],[48.785,60.353],[48.492,60.195],[48.523,59.707],[49.102,59.662],[49.04,59.482],[49.572,59.393],[49.522,59.217],[49.817,59.211],[49.859,59.655],[50.085,59.68],[49.991,59.779],[50.27,59.748],[50.403,59.839],[50.831,59.863],[51.179,60.049],[51.467,59.916],[52.065,60.308],[52.442,60.187],[52.878,60.156],[53.373,60.156],[53.437,60.224],[53.687,60.01],[53.63,59.742],[53.45,59.703],[53.226,59.33],[53.384,59.153],[53.722,59.118],[53.725,59.181],[53.871,59.12],[53.754,58.965],[53.931,58.774],[53.739,58.691],[53.703,58.602],[53.786,58.456],[53.214,58.401],[53.248,58.444],[53.099,58.546],[52.893,58.534],[52.843,58.393],[52.18,58.489],[51.787,58.362],[51.82,58.286],[51.681,58.151],[51.778,58.154],[51.814,58.022],[51.925,58.001],[51.82,57.844],[51.955,57.765],[51.865,57.729],[51.836,57.571],[51.59,57.461],[51.165,57.441],[51.124,57.243],[51.246,57.135],[51.217,57.045],[51.536,56.885],[51.391,56.767],[51.393,56.667],[51.18,56.685],[51.128,56.512],[51.299,56.422],[51.286,56.307],[51.404,56.286],[51.35,56.203],[51.499,56.206],[51.32,56.061],[50.875,56.196],[50.832,56.241],[50.913,56.308],[50.824,56.398],[50.742,56.409],[50.827,56.347],[50.748,56.314],[50.58,56.349],[50.64,56.405],[50.548,56.408],[50.438,56.551],[50.491,56.61],[50.41,56.576],[50.346,56.675],[50.081,56.611],[50.026,56.658],[50.104,56.792],[50.021,56.869],[49.738,56.886],[49.695,57.058],[49.242,57.046],[49.139,57.18],[49.2,57.222],[49.174,57.343],[49.007,57.289],[49.054,57.207],[48.949,57.083],[48.811,57.169],[48.417,57.11],[48.329,57.166],[48.138,57.07],[48.206,57.014],[47.954,56.958],[47.764,57.039],[47.511,56.851],[47.156,56.797],[47.102,56.923],[46.704,56.941],[46.816,57.079],[46.749,57.162],[46.857,57.221],[46.683,57.341],[46.772,57.409],[46.688,57.406],[46.822,57.447],[46.753,57.522],[47.481,57.515],[47.606,57.741],[47.563,57.795],[47.772,57.889],[47.417,58.007],[46.439,58.003],[46.323,58.117],[46.416,58.215],[46.396,58.375],[46.579,58.399],[46.558,58.488],[46.658,58.588],[47.018,58.619],[47.009,58.718],[47.111,58.781],[47.317,58.797],[47.249,58.869],[47.293,58.922],[47.64,58.917],[47.444,59.094],[47.479,59.159],[47.209,59.201],[47.248,59.353],[47.049,59.369],[47.153,59.752],[46.922,59.765],[47.035,60.126],[46.598,60.065],[46.353,60.11],[46.264,60.237],[46.763,60.234],[46.844,60.358],[46.758,60.365],[46.872,60.414],[46.874,60.514],[47.038,60.545],[46.961,60.655],[47.193,61.067]]],[[[48.622,60.023],[48.626,60.017],[48.601,60.023],[48.622,60.023]]],[[[51.996,60.639],[52.001,60.628],[51.981,60.628],[51.996,60.639]]],[[[52.06,60.721],[52.06,60.706],[52.057,60.704],[52.015,60.738],[52.06,60.721]]],[[[52.381,60.8],[52.375,60.788],[52.358,60.793],[52.381,60.8]]]]}},{"type":"Feature","properties":{"admin_code":"RU-KK","name":"Khakassia","name_local":"Хакасия"},"geometry":{"type":"Polygon","coordinates":[[[89.011,55.324],[89.01,55.234],[89.116,55.18],[89.064,55.12],[89.241,55.112],[89.278,55.042],[89.454,55.013],[89.43,55.062],[89.58,55.088],[89.666,55.0],[89.724,55.068],[90.217,55.154],[90.246,55.076],[90.499,55.061],[90.506,54.907],[90.946,54.848],[90.919,54.654],[91.26,54.507],[91.308,54.334],[91.577,54.087],[91.428,53.858],[91.571,53.705],[91.567,53.597],[91.864,53.457],[91.925,53.354],[91.738,53.178],[91.45,53.136],[91.476,52.894],[91.263,52.639],[90.883,52.597],[90.485,52.194],[90.143,52.148],[90.158,52.061],[90.011,51.962],[90.095,51.736],[89.927,51.757],[89.66,51.539],[89.433,51.608],[89.249,51.543],[89.207,51.659],[88.763,51.561],[88.658,51.528],[88.701,51.391],[88.445,51.285],[87.941,51.479],[87.9,51.552],[88.11,51.74],[87.891,51.813],[88.152,52.096],[88.252,52.046],[88.377,52.178],[88.704,52.252],[88.699,52.364],[89.117,52.591],[89.053,52.706],[89.24,52.801],[89.075,52.958],[88.912,52.99],[89.076,53.154],[89.006,53.196],[89.036,53.28],[88.911,53.392],[88.757,53.359],[88.875,53.493],[88.838,53.595],[88.994,53.654],[89.038,53.786],[89.239,53.819],[89.165,53.885],[89.197,53.952],[89.045,53.939],[89.005,54.004],[89.238,54.266],[89.126,54.346],[88.975,54.288],[88.851,54.419],[88.633,54.281],[88.364,54.382],[88.547,54.432],[88.636,54.757],[88.754,54.791],[88.433,55.257],[88.601,55.427],[89.011,55.324]],[[88.656,55.292],[88.658,55.292],[88.657,55.295],[88.656,55.292]],[[88.585,55.387],[88.587,55.392],[88.583,55.394],[88.585,55.387]]]}},{"type":"Feature","properties":{"admin_code":"RU-KL","name":"Kalmykia","name_local":"Калмыкия"},"geometry":{"type":"MultiPolygon","coordinates":[[[[46.962,45.72],[46.938,45.719],[46.938,45.769],[46.962,45.72]]],[[[47.125,46.114],[47.129,46.069],[47.008,46.056],[47.125,46.114]]],[[[43.715,47.718],[43.946,47.753],[44.083,47.899],[44.359,47.852],[44.424,48.042],[44.325,48.041],[44.326,48.239],[44.544,48.188],[44.541,48.05],[44.81,48.051],[44.926,48.12],[44.961,48.271],[45.55,47.994],[45.757,48.001],[45.74,47.83],[46.267,47.421],[46.399,47.413],[46.703,47.607],[46.873,47.549],[46.536,47.403],[46.817,46.992],[46.962,46.974],[46.957,46.715],[46.866,46.62],[46.965,46.445],[46.663,46.441],[46.401,46.321],[46.501,46.281],[46.455,45.965],[46.295,45.914],[46.55,45.798],[46.478,45.7],[46.769,45.577],[47.52,45.661],[47.527,45.517],[47.368,45.431],[47.415,45.367],[47.257,45.249],[47.149,44.946],[47.033,44.991],[47.105,44.874],[47.013,44.871],[46.976,45.006],[46.943,44.831],[46.821,44.76],[46.505,44.934],[45.705,44.977],[45.59,45.126],[44.831,45.437],[44.316,45.553],[43.915,45.947],[43.47,45.989],[42.932,46.236],[42.557,46.008],[42.318,45.97],[42.322,46.135],[42.171,46.11],[42.152,45.943],[41.714,45.982],[41.637,46.187],[41.863,46.144],[41.963,46.176],[41.911,46.203],[41.962,46.298],[42.17,46.298],[42.05,46.546],[42.397,46.511],[42.68,46.368],[42.932,46.447],[43.339,46.167],[43.63,46.175],[43.739,46.408],[43.89,46.314],[43.859,46.27],[43.959,46.319],[43.931,46.535],[43.813,46.572],[43.912,46.714],[44.266,46.909],[44.312,47.478],[44.135,47.545],[44.133,47.414],[43.964,47.4],[43.94,47.259],[43.793,47.268],[43.668,47.549],[43.715,47.718]],[[46.855,45.451],[46.884,45.524],[46.66,45.547],[46.444,45.453],[46.855,45.451]]]]}},{"type":"Feature","properties":{"admin_code":"RU-KLU","name":"Kaluga Oblast","name_local":"Калужская область"},"geometry":{"type":"Polygon","coordinates":[[[37.127,54.554],[36.895,54.563],[36.928,54.534],[36.96,54.528],[36.962,54.522],[36.857,54.479],[36.972,54.429],[36.967,54.292],[36.486,54.288],[36.206,54.156],[35.981,54.192],[36.217,54.089],[36.098,54.006],[36.141,53.94],[35.899,53.85],[35.973,53.816],[35.958,53.718],[36.074,53.682],[35.772,53.506],[35.685,53.545],[35.612,53.539],[35.238,53.28],[34.638,53.383],[34.515,53.508],[34.501,53.671],[34.201,53.912],[33.912,53.867],[33.806,53.896],[33.816,53.992],[33.442,54.053],[33.688,54.295],[33.574,54.395],[33.702,54.466],[33.634,54.477],[33.699,54.541],[33.952,54.584],[34.436,54.51],[34.518,54.661],[34.481,54.659],[34.406,54.689],[34.824,54.697],[34.928,54.784],[34.869,54.903],[35.124,54.975],[35.33,55.271],[35.741,55.296],[36.265,55.171],[36.385,55.294],[36.617,55.349],[36.614,55.269],[36.763,55.27],[36.809,55.196],[36.949,55.24],[37.116,55.098],[37.166,54.867],[37.269,54.842],[37.127,54.554]]]}},{"type":"Feature","properties":{"admin_code":"RU-KO","name":"Komi Republic","name_local":"Республика Коми"},"geometry":{"type":"Polygon","coordinates":[[[61.299,65.328],[61.365,65.25],[61.286,65.172],[61.108,65.162],[61.077,65.082],[60.808,65.025],[60.729,64.926],[60.218,65.079],[59.625,64.803],[59.626,64.724],[59.752,64.668],[59.618,64.65],[59.464,64.496],[59.645,64.447],[59.559,64.243],[59.837,64.087],[59.561,63.909],[59.471,63.553],[59.311,63.387],[59.374,63.369],[59.323,63.124],[59.204,63.028],[59.462,62.898],[59.359,62.751],[59.443,62.565],[59.635,62.548],[59.614,62.375],[59.399,62.157],[59.489,61.947],[59.328,61.843],[59.419,61.754],[59.349,61.663],[58.844,61.495],[56.653,61.524],[56.566,61.419],[56.378,61.443],[56.275,61.192],[55.813,61.247],[55.731,61.096],[55.276,61.149],[55.2,60.992],[55.05,61.009],[54.977,60.86],[53.876,60.983],[53.814,60.832],[53.664,60.847],[53.355,60.883],[53.414,61.033],[52.871,61.09],[52.806,60.938],[52.431,60.976],[52.361,60.829],[51.892,60.882],[51.772,60.58],[52.153,60.541],[52.124,60.465],[52.355,60.438],[52.317,60.227],[51.974,60.279],[51.467,59.916],[51.179,60.049],[50.831,59.863],[50.403,59.839],[50.27,59.748],[49.991,59.779],[50.085,59.68],[49.859,59.655],[49.798,59.485],[49.872,59.479],[49.869,59.36],[49.817,59.211],[49.728,59.198],[49.522,59.217],[49.572,59.393],[49.04,59.482],[49.102,59.662],[48.523,59.707],[48.492,60.195],[48.785,60.353],[48.531,60.4],[48.633,60.424],[48.496,60.472],[48.561,60.552],[48.42,60.837],[48.475,61.022],[49.321,61.153],[49.502,61.605],[49.04,61.649],[49.228,62.102],[49.375,62.134],[49.567,62.777],[48.741,62.852],[48.681,62.702],[48.352,62.734],[48.254,62.507],[48.323,62.307],[47.659,62.328],[47.643,62.176],[47.389,62.181],[47.403,62.334],[47.232,62.337],[47.245,62.639],[47.061,62.826],[47.443,62.965],[47.567,63.145],[47.051,63.254],[46.943,63.349],[47.017,63.578],[46.81,63.757],[45.595,64.057],[45.399,64.175],[45.852,64.278],[46.321,64.248],[47.345,64.354],[48.161,64.345],[48.189,64.231],[48.465,64.204],[48.524,64.356],[48.893,64.329],[48.961,64.478],[49.483,64.425],[49.552,64.576],[50.361,64.51],[50.499,64.793],[50.233,64.831],[49.635,65.288],[49.052,65.225],[49.0,66.114],[51.545,66.775],[51.484,66.835],[51.52,66.939],[51.778,66.922],[52.152,67.101],[53.875,67.001],[61.601,66.992],[61.739,67.102],[62.866,67.37],[62.917,67.448],[62.836,67.515],[63.153,67.694],[63.429,67.77],[63.758,67.724],[63.706,67.806],[63.997,67.893],[63.868,68.033],[64.577,68.194],[64.543,68.34],[64.802,68.409],[65.474,68.418],[65.275,68.235],[65.355,67.952],[66.077,67.939],[66.133,67.914],[66.023,67.807],[66.252,67.734],[66.161,67.649],[65.786,67.642],[65.823,67.539],[66.05,67.58],[66.093,67.495],[66.01,67.409],[65.699,67.381],[65.747,67.334],[65.181,67.15],[65.245,67.093],[65.082,67.04],[65.14,66.909],[63.418,66.467],[63.23,66.331],[63.278,66.219],[63.109,66.248],[62.792,66.001],[62.904,65.966],[62.776,65.904],[62.823,65.867],[62.0,65.718],[61.299,65.328]],[[59.518,66.823],[59.589,66.834],[59.534,66.85],[59.518,66.823]],[[48.614,60.014],[48.626,60.017],[48.622,60.023],[48.614,60.014]]]}},{"type":"Feature","properties":{"admin_code":"RU-KOS","name":"Kostroma Oblast","name_local":"Костромская область"},"geometry":{"type":"Polygon","coordinates":[[[47.049,59.369],[47.248,59.353],[47.209,59.201],[47.479,59.159],[47.444,59.094],[47.64,58.917],[47.293,58.922],[47.249,58.869],[47.317,58.797],[47.111,58.781],[47.009,58.718],[47.018,58.619],[46.658,58.588],[46.558,58.488],[46.579,58.399],[46.396,58.375],[46.345,58.062],[45.81,58.044],[45.614,57.919],[45.509,58.029],[44.869,58.077],[44.801,57.96],[44.881,57.882],[44.767,57.712],[43.924,57.421],[43.509,57.605],[43.297,57.423],[43.199,57.445],[43.228,57.519],[43.186,57.577],[43.174,57.413],[42.896,57.371],[42.814,57.431],[42.884,57.655],[42.829,57.683],[42.211,57.555],[41.602,57.741],[41.633,57.538],[41.567,57.453],[41.422,57.48],[41.018,57.318],[40.471,57.272],[40.39,57.399],[40.421,57.508],[40.507,57.51],[40.448,57.559],[40.707,57.626],[40.598,57.897],[40.823,58.02],[40.771,58.061],[40.897,58.108],[40.907,58.199],[41.19,58.334],[40.93,58.576],[41.221,58.713],[41.156,58.803],[41.271,58.887],[41.184,58.952],[41.729,59.111],[42.057,59.123],[42.099,59.25],[42.029,59.242],[41.894,59.293],[41.962,59.282],[42.035,59.43],[42.216,59.408],[42.279,59.262],[42.636,59.328],[42.692,59.224],[42.867,59.161],[43.144,59.293],[43.383,59.204],[43.337,59.266],[43.504,59.306],[43.535,59.179],[43.757,59.269],[44.171,59.237],[44.353,59.133],[45.04,59.122],[45.056,59.198],[45.34,59.216],[45.979,59.172],[46.02,59.324],[46.369,59.342],[46.409,59.619],[47.118,59.599],[47.049,59.369]]]}},{"type":"Feature","properties":{"admin_code":"RU-KR","name":"Republic of Karelia","name_local":"Карелия"},"geometry":{"type":"MultiPolygon","coordinates":[[[[29.886,61.209],[30.044,61.154],[29.944,61.159],[29.926,61.19],[29.886,61.209]]],[[[30.709,61.196],[30.709,61.188],[30.68,61.201],[30.709,61.196]]],[[[30.01,61.22],[29.983,61.23],[29.99,61.232],[30.026,61.223],[30.029,61.219],[30.01,61.22]]],[[[29.966,61.23],[29.971,61.223],[29.963,61.222],[29.966,61.23]]],[[[29.92,61.225],[29.924,61.231],[29.935,61.221],[29.92,61.225]]],[[[30.442,61.243],[30.4,61.231],[30.42,61.247],[30.442,61.243]]],[[[29.926,61.266],[30.005,61.231],[29.942,61.236],[29.926,61.266]]],[[[30.136,61.29],[30.141,61.282],[30.089,61.277],[30.136,61.29]]],[[[30.182,61.275],[30.172,61.281],[30.25,61.284],[30.182,61.275]]],[[[30.234,61.296],[30.23,61.307],[30.213,61.319],[30.271,61.318],[30.234,61.296]]],[[[30.416,61.309],[30.408,61.318],[30.435,61.306],[30.416,61.309]]],[[[30.299,61.318],[30.256,61.324],[30.304,61.325],[30.299,61.318]]],[[[30.286,61.34],[30.325,61.339],[30.311,61.335],[30.286,61.34]]],[[[30.261,61.333],[30.246,61.349],[30.28,61.341],[30.261,61.333]]],[[[30.277,61.345],[30.243,61.355],[30.257,61.357],[30.277,61.345]]],[[[30.352,61.364],[30.365,61.358],[30.276,61.359],[30.352,61.364]]],[[[30.25,61.386],[30.354,61.381],[30.349,61.367],[30.3,61.37],[30.267,61.357],[30.221,61.362],[30.25,61.386]]],[[[30.244,61.386],[30.225,61.403],[30.247,61.404],[30.244,61.386]]],[[[30.302,61.443],[30.306,61.407],[30.254,61.432],[30.302,61.443]]],[[[30.235,61.486],[30.359,61.452],[30.327,61.428],[30.302,61.451],[30.235,61.486]]],[[[30.349,61.496],[30.402,61.483],[30.4,61.466],[30.331,61.475],[30.349,61.496]]],[[[30.293,61.482],[30.269,61.5],[30.326,61.509],[30.293,61.482]]],[[[30.657,61.554],[30.567,61.589],[30.695,61.563],[30.657,61.554]]],[[[30.699,61.586],[30.684,61.59],[30.706,61.607],[30.735,61.603],[30.712,61.596],[30.699,61.586]]],[[[31.917,61.282],[31.659,61.377],[31.718,61.371],[31.917,61.282]]],[[[31.537,61.354],[31.552,61.411],[31.661,61.355],[31.61,61.296],[31.537,61.354]]],[[[30.987,61.411],[31.036,61.406],[31.005,61.346],[30.883,61.359],[30.945,61.372],[30.987,61.411]]],[[[30.9,61.387],[30.898,61.397],[30.944,61.384],[30.9,61.387]]],[[[31.417,61.563],[31.464,61.56],[31.458,61.554],[31.417,61.563]]],[[[31.344,61.575],[31.345,61.595],[31.354,61.58],[31.344,61.575]]],[[[30.728,61.58],[30.71,61.593],[30.775,61.584],[30.728,61.58]]],[[[31.256,61.593],[31.259,61.616],[31.269,61.592],[31.256,61.593]]],[[[30.807,61.601],[30.77,61.615],[30.778,61.623],[30.807,61.601]]],[[[30.992,61.607],[31.0,61.63],[31.013,61.624],[30.992,61.607]]],[[[30.837,61.636],[30.841,61.597],[30.806,61.635],[30.837,61.636]]],[[[30.956,61.613],[30.94,61.622],[30.946,61.628],[30.956,61.613]]],[[[31.191,61.637],[31.204,61.611],[31.195,61.618],[31.191,61.637]]],[[[30.882,61.612],[30.865,61.646],[30.945,61.607],[30.882,61.612]]],[[[30.767,61.62],[30.758,61.627],[30.777,61.634],[30.767,61.62]]],[[[31.014,61.654],[31.057,61.633],[31.049,61.624],[31.014,61.654]]],[[[31.001,61.664],[31.003,61.637],[30.944,61.664],[31.001,61.664]]],[[[30.915,61.631],[30.83,61.691],[30.848,61.706],[30.915,61.631]]],[[[31.048,61.666],[31.032,61.665],[30.987,61.679],[31.048,61.666]]],[[[30.811,61.641],[30.701,61.645],[30.717,61.699],[30.811,61.641]]],[[[30.656,62.209],[31.163,62.445],[31.587,62.909],[31.272,63.108],[31.238,63.219],[30.484,63.467],[29.972,63.757],[30.26,63.822],[30.553,64.132],[30.482,64.262],[30.045,64.402],[29.989,64.588],[30.13,64.635],[30.041,64.741],[30.087,64.774],[29.74,64.79],[29.615,64.917],[29.627,65.061],[29.897,65.105],[29.819,65.144],[29.886,65.206],[29.602,65.26],[29.747,65.347],[29.733,65.473],[29.864,65.56],[29.722,65.637],[30.134,65.7],[29.924,66.126],[29.323,66.663],[31.576,66.654],[31.621,66.502],[31.792,66.495],[31.83,66.371],[31.937,66.351],[32.343,66.345],[32.36,66.475],[32.548,66.479],[32.587,66.582],[33.1,66.555],[33.196,66.538],[33.068,66.538],[33.138,66.529],[32.97,66.531],[32.932,66.519],[33.719,66.415],[33.464,66.378],[33.667,66.335],[33.41,66.324],[33.216,66.28],[33.078,66.276],[32.982,66.249],[33.599,66.313],[33.563,66.276],[33.879,66.2],[34.106,66.228],[34.141,66.167],[34.605,66.038],[34.72,65.968],[34.634,65.92],[34.69,65.871],[34.857,65.866],[34.777,65.811],[35.023,65.763],[34.839,65.757],[34.977,65.717],[34.928,65.675],[34.687,65.764],[34.728,65.776],[34.661,65.794],[34.681,65.7],[34.773,65.686],[34.687,65.669],[34.797,65.581],[34.635,65.486],[34.69,65.435],[34.271,65.371],[34.501,65.327],[34.457,65.269],[34.66,65.194],[34.599,65.196],[34.691,65.157],[34.637,65.133],[34.686,65.079],[34.783,65.079],[34.774,64.995],[34.831,65.022],[34.782,64.98],[34.608,64.951],[34.769,64.953],[34.829,64.901],[34.762,64.889],[34.961,64.836],[34.78,64.732],[34.996,64.618],[34.859,64.538],[34.781,64.526],[34.759,64.534],[34.731,64.531],[34.7,64.524],[34.691,64.508],[35.011,64.506],[34.965,64.418],[35.404,64.284],[35.698,64.362],[35.961,64.189],[36.241,64.128],[36.176,64.074],[36.3,63.971],[36.553,63.951],[36.59,63.748],[36.455,63.626],[35.893,63.576],[36.192,63.426],[36.246,63.212],[36.391,63.226],[36.258,63.012],[36.528,62.793],[36.822,62.696],[37.52,62.649],[37.635,62.477],[37.452,62.199],[37.702,62.213],[37.812,62.007],[37.947,61.958],[37.88,61.714],[37.76,61.615],[37.817,61.53],[37.305,61.51],[37.03,61.614],[36.584,61.539],[36.459,61.407],[36.247,61.485],[36.021,61.673],[36.005,61.784],[35.83,61.849],[35.909,61.925],[35.675,62.041],[35.862,62.31],[35.861,62.437],[35.747,62.54],[35.543,62.559],[35.594,62.609],[35.506,62.638],[35.48,62.599],[35.544,62.551],[35.558,62.532],[35.423,62.609],[35.416,62.657],[34.811,62.846],[34.717,62.795],[34.494,62.916],[34.454,62.848],[35.078,62.34],[34.823,62.611],[34.994,62.596],[34.946,62.646],[35.334,62.498],[35.327,62.575],[35.372,62.557],[35.606,62.234],[35.373,62.124],[35.02,62.25],[35.218,62.049],[35.165,61.998],[34.915,62.139],[34.825,62.259],[34.884,62.221],[34.84,62.307],[34.838,62.262],[34.705,62.443],[34.441,62.607],[34.451,62.564],[34.578,62.435],[34.774,62.323],[34.811,62.227],[34.42,62.477],[34.572,62.311],[34.692,62.238],[34.722,62.162],[34.544,62.239],[34.737,62.019],[34.237,62.203],[34.286,62.097],[34.63,61.896],[34.499,61.902],[34.617,61.857],[34.54,61.865],[34.572,61.791],[34.306,61.827],[34.708,61.576],[35.487,61.369],[35.602,61.179],[35.402,61.139],[35.394,61.282],[35.087,61.242],[34.769,61.312],[34.546,61.276],[34.444,61.144],[34.238,61.244],[33.576,61.219],[33.45,61.155],[33.591,61.064],[33.738,61.131],[33.92,61.073],[33.785,60.937],[33.449,61.003],[33.467,60.928],[33.18,60.821],[33.259,60.799],[32.915,60.68],[32.821,60.708],[32.81,60.839],[32.586,60.987],[32.542,61.11],[31.907,61.296],[31.611,61.492],[31.679,61.388],[31.61,61.408],[31.396,61.638],[31.291,61.585],[31.272,61.65],[31.177,61.639],[31.19,61.612],[31.166,61.631],[31.168,61.668],[31.15,61.648],[31.183,61.603],[31.109,61.597],[31.098,61.688],[30.749,61.784],[30.806,61.76],[30.656,61.664],[30.721,61.614],[30.537,61.588],[30.591,61.578],[30.64,61.548],[30.409,61.541],[30.469,61.478],[30.31,61.531],[30.212,61.527],[30.249,61.421],[30.141,61.362],[30.243,61.35],[30.159,61.329],[30.232,61.295],[30.061,61.292],[30.079,61.226],[29.902,61.298],[29.822,61.261],[29.921,61.236],[29.851,61.227],[29.915,61.189],[29.855,61.211],[29.786,61.222],[29.904,61.165],[29.583,61.178],[29.306,61.329],[30.656,62.209]],[[34.819,62.35],[34.803,62.355],[34.84,62.307],[34.819,62.35]]],[[[33.492,66.315],[33.425,66.315],[33.449,66.321],[33.492,66.315]]],[[[33.61,66.314],[33.603,66.321],[33.662,66.315],[33.61,66.314]]],[[[33.447,66.48],[33.428,66.478],[33.403,66.483],[33.447,66.48]]],[[[33.113,66.524],[33.14,66.515],[33.007,66.516],[33.113,66.524]]],[[[34.633,61.985],[34.679,61.929],[34.55,61.993],[34.633,61.985]]],[[[34.416,62.067],[34.369,62.093],[34.394,62.081],[34.416,62.067]]],[[[34.611,62.307],[34.609,62.311],[34.633,62.297],[34.611,62.307]]],[[[34.567,62.336],[34.537,62.356],[34.552,62.353],[34.567,62.336]]],[[[34.645,62.428],[34.683,62.392],[34.66,62.394],[34.645,62.428]]],[[[34.508,62.515],[34.478,62.553],[34.492,62.547],[34.508,62.515]]],[[[34.972,64.7],[34.969,64.708],[35.003,64.707],[34.972,64.7]]],[[[35.022,64.744],[34.825,64.709],[34.846,64.747],[35.022,64.744]]],[[[34.962,64.792],[34.939,64.798],[34.948,64.805],[34.962,64.792]]],[[[34.899,64.898],[34.875,64.913],[34.893,64.917],[34.899,64.898]]],[[[34.99,64.945],[34.977,64.954],[35.009,64.952],[34.99,64.945]]],[[[34.839,64.994],[34.844,64.988],[34.804,64.975],[34.839,64.994]]],[[[34.792,65.075],[34.831,65.082],[34.816,65.062],[34.792,65.075]]],[[[34.681,65.115],[34.727,65.115],[34.708,65.103],[34.677,65.102],[34.681,65.115]]],[[[34.648,65.188],[34.697,65.194],[34.727,65.191],[34.648,65.188]]],[[[34.832,65.699],[34.85,65.696],[34.805,65.69],[34.832,65.699]]],[[[34.72,65.726],[34.73,65.721],[34.692,65.715],[34.72,65.726]]],[[[34.208,66.181],[34.269,66.163],[34.259,66.161],[34.208,66.181]]],[[[33.93,66.224],[33.894,66.218],[33.901,66.224],[33.93,66.224]]],[[[33.787,66.276],[33.972,66.269],[33.911,66.253],[33.787,66.276]]],[[[33.71,66.282],[33.626,66.287],[33.64,66.297],[33.71,66.282]]],[[[33.788,66.339],[33.789,66.329],[33.808,66.316],[33.666,66.313],[33.788,66.339]]],[[[33.8,66.324],[33.885,66.314],[33.825,66.318],[33.8,66.324]]],[[[33.797,66.361],[33.861,66.354],[33.829,66.33],[33.797,66.361]]],[[[33.802,66.416],[33.726,66.422],[33.755,66.426],[33.802,66.416]]],[[[35.233,62.058],[35.323,62.084],[35.336,61.878],[35.192,61.841],[35.233,62.058]]],[[[35.096,61.943],[35.087,62.03],[35.156,61.967],[35.096,61.943]]],[[[35.161,61.991],[35.16,61.997],[35.181,61.982],[35.161,61.991]]],[[[35.679,61.999],[35.698,61.986],[35.673,61.987],[35.679,61.999]]],[[[35.233,62.073],[35.228,62.061],[35.192,62.108],[35.233,62.073]]],[[[35.202,62.126],[35.227,62.1],[35.196,62.113],[35.202,62.126]]],[[[35.197,62.152],[35.215,62.147],[35.232,62.13],[35.197,62.152]]],[[[35.609,62.441],[35.629,62.423],[35.567,62.457],[35.609,62.441]]],[[[35.256,62.556],[35.232,62.572],[35.258,62.572],[35.256,62.556]]],[[[35.203,62.581],[35.189,62.585],[35.225,62.599],[35.203,62.581]]],[[[36.671,64.109],[36.695,64.108],[36.664,64.09],[36.671,64.109]]],[[[36.696,64.216],[36.563,64.228],[36.585,64.243],[36.696,64.216]]],[[[36.419,64.294],[36.38,64.313],[36.399,64.311],[36.419,64.294]]],[[[35.896,64.306],[35.845,64.331],[35.854,64.334],[35.896,64.306]]],[[[36.425,64.34],[36.46,64.335],[36.445,64.328],[36.425,64.34]]],[[[35.869,64.368],[35.867,64.38],[36.006,64.352],[35.869,64.368]]],[[[35.302,64.369],[35.219,64.385],[35.252,64.385],[35.302,64.369]]],[[[35.708,64.389],[35.763,64.381],[35.736,64.374],[35.708,64.389]]],[[[35.454,64.405],[35.469,64.398],[35.438,64.39],[35.454,64.405]]],[[[35.529,64.405],[35.58,64.405],[35.544,64.389],[35.529,64.405]]],[[[35.669,64.629],[35.709,64.605],[35.639,64.618],[35.669,64.629]]],[[[35.566,64.659],[35.505,64.679],[35.553,64.692],[35.566,64.659]]],[[[35.12,64.92],[35.097,64.94],[35.162,64.924],[35.12,64.92]]],[[[35.174,64.953],[35.177,64.942],[35.151,64.942],[35.174,64.953]]],[[[35.008,64.97],[35.016,64.964],[34.999,64.956],[35.008,64.97]]]]}},{"type":"Feature","properties":{"admin_code":"RU-KRS","name":"Kursk Oblast","name_local":"Курская область"},"geometry":{"type":"Polygon","coordinates":[[[37.95,51.427],[37.701,51.352],[37.146,51.357],[37.149,51.229],[36.642,51.078],[36.05,51.167],[35.922,51.13],[36.008,51.052],[35.865,50.959],[35.571,50.902],[35.352,50.973],[35.375,51.067],[35.148,51.082],[35.15,51.223],[34.817,51.169],[34.662,51.247],[34.231,51.265],[34.339,51.356],[34.221,51.417],[34.308,51.519],[34.081,51.666],[34.433,51.73],[34.382,51.878],[34.453,51.921],[34.333,51.936],[34.531,52.07],[34.742,52.087],[34.683,52.197],[34.869,52.202],[34.924,52.37],[35.066,52.321],[35.599,52.441],[35.654,52.247],[36.323,52.382],[36.524,52.22],[37.207,52.083],[37.178,52.042],[37.425,51.935],[37.508,52.016],[37.738,52.019],[37.923,51.892],[38.429,51.945],[38.399,51.782],[38.519,51.748],[38.139,51.639],[38.298,51.521],[38.293,51.394],[38.376,51.388],[38.289,51.296],[37.95,51.427]]]}},{"type":"Feature","properties":{"admin_code":"RU-KYA","name":"Krasnoyarsk Krai","name_local":"Красноярский край"},"geometry":{"type":"MultiPolygon","coordinates":[[[[81.027,72.301],[81.05,72.288],[80.958,72.303],[81.027,72.301]]],[[[82.352,72.3],[82.262,72.284],[82.3,72.309],[82.352,72.3]]],[[[80.776,72.402],[80.731,72.433],[80.779,72.443],[80.87,72.39],[80.776,72.402]]],[[[79.168,73.083],[79.381,73.014],[79.522,72.922],[79.51,72.774],[79.576,72.745],[79.043,72.722],[78.612,72.812],[79.168,73.083]]],[[[78.987,73.241],[78.786,73.186],[78.896,73.234],[78.987,73.241]]],[[[80.348,73.421],[80.289,73.423],[80.3,73.427],[80.348,73.421]]],[[[80.16,73.452],[80.139,73.465],[80.163,73.464],[80.22,73.455],[80.16,73.452]]],[[[80.462,73.488],[80.364,73.475],[80.231,73.5],[80.462,73.488]]],[[[84.727,73.858],[84.601,73.847],[84.609,73.859],[84.727,73.858]]],[[[86.627,73.897],[86.65,73.891],[86.6,73.889],[86.627,73.897]]],[[[86.575,73.939],[86.636,73.928],[86.611,73.926],[86.575,73.939]]],[[[84.11,73.987],[83.87,74.007],[83.937,74.029],[84.095,74.003],[84.294,74.028],[84.358,74.03],[84.403,74.03],[84.412,74.026],[84.306,74.012],[84.368,73.963],[84.11,73.987]]],[[[86.607,74.02],[86.503,74.029],[86.544,74.04],[86.607,74.02]]],[[[83.608,74.099],[83.633,74.081],[82.945,74.075],[83.608,74.099]]],[[[82.489,74.058],[82.433,74.086],[82.637,74.146],[82.827,74.09],[82.489,74.058]]],[[[85.384,74.179],[85.366,74.194],[85.735,74.172],[85.763,74.15],[85.478,74.126],[85.611,74.153],[85.384,74.179]]],[[[85.295,74.19],[85.287,74.195],[85.357,74.192],[85.295,74.19]]],[[[85.005,74.297],[84.93,74.299],[84.961,74.302],[85.005,74.297]]],[[[85.196,74.32],[85.257,74.315],[85.17,74.296],[85.111,74.293],[85.047,74.299],[85.196,74.32]]],[[[85.266,74.347],[85.15,74.351],[85.178,74.354],[85.266,74.347]]],[[[85.264,74.372],[85.144,74.372],[85.155,74.383],[85.264,74.372]]],[[[85.194,74.419],[85.616,74.419],[85.409,74.397],[85.194,74.419]]],[[[84.305,74.454],[84.36,74.436],[84.328,74.433],[84.239,74.463],[84.305,74.454]]],[[[84.566,74.466],[84.832,74.411],[84.445,74.449],[84.696,74.504],[84.983,74.499],[84.566,74.466]]],[[[85.364,74.45],[85.154,74.516],[85.289,74.576],[85.67,74.53],[85.364,74.45]]],[[[85.775,74.474],[85.664,74.483],[85.797,74.577],[86.263,74.524],[85.721,74.459],[85.775,74.474]]],[[[85.138,74.572],[84.811,74.536],[84.959,74.589],[85.138,74.572]]],[[[85.695,74.552],[85.633,74.559],[85.689,74.583],[85.695,74.552]]],[[[79.411,74.587],[79.299,74.613],[79.308,74.625],[79.561,74.597],[79.6,74.588],[79.624,74.576],[79.505,74.514],[79.275,74.545],[79.26,74.552],[79.411,74.587]]],[[[86.126,74.61],[86.181,74.606],[86.032,74.595],[86.126,74.61]]],[[[79.259,74.625],[79.282,74.639],[79.349,74.64],[79.259,74.625]]],[[[84.24,74.625],[84.215,74.653],[84.22,74.659],[84.24,74.625]]],[[[85.724,74.654],[85.67,74.659],[85.683,74.671],[85.724,74.654]]],[[[85.628,74.744],[85.096,74.753],[85.63,74.792],[85.673,74.705],[85.628,74.744]]],[[[85.266,74.806],[85.331,74.803],[85.274,74.798],[85.266,74.806]]],[[[86.374,74.814],[86.404,74.808],[86.398,74.798],[86.374,74.814]]],[[[85.842,74.872],[85.868,74.875],[85.897,74.873],[85.866,74.817],[85.991,74.81],[85.731,74.796],[85.842,74.872]]],[[[85.693,74.848],[85.635,74.83],[85.595,74.833],[85.693,74.848]]],[[[85.229,74.857],[85.117,74.849],[85.182,74.861],[85.229,74.857]]],[[[85.514,74.87],[85.563,74.885],[85.697,74.881],[85.514,74.87]]],[[[86.318,74.96],[86.38,74.954],[86.319,74.943],[86.301,74.962],[86.318,74.96]]],[[[86.311,75.288],[86.199,75.277],[86.221,75.289],[86.311,75.288]]],[[[81.728,75.198],[81.585,75.327],[81.941,75.488],[82.358,75.521],[82.21,75.482],[82.432,75.351],[82.212,75.282],[82.177,75.212],[82.309,75.204],[82.249,75.163],[82.016,75.157],[81.916,75.282],[81.743,75.247],[82.028,75.111],[82.188,75.141],[82.143,75.067],[81.728,75.198]]],[[[81.822,75.843],[81.83,75.824],[81.746,75.818],[81.822,75.843]]],[[[82.002,75.906],[82.435,75.865],[81.67,75.917],[82.034,75.953],[82.002,75.906]]],[[[82.614,75.9],[82.577,75.912],[82.583,75.917],[82.693,75.917],[82.614,75.9]]],[[[83.303,75.953],[83.333,75.938],[82.286,75.933],[82.679,75.991],[83.303,75.953]]],[[[82.392,77.537],[82.727,77.476],[82.275,77.462],[82.14,77.515],[82.392,77.537]]],[[[77.527,79.515],[77.575,79.5],[76.794,79.486],[76.098,79.654],[77.527,79.515]]],[[[79.851,80.756],[78.82,80.785],[79.456,80.9],[80.134,80.855],[79.851,80.756]]],[[[86.676,73.914],[86.771,73.919],[86.681,73.911],[86.676,73.914]]],[[[86.57,73.943],[86.911,73.932],[86.685,73.918],[86.57,73.943]]],[[[86.939,73.934],[86.911,73.95],[86.961,73.948],[86.939,73.934]]],[[[86.773,73.956],[86.696,73.944],[86.563,73.957],[86.712,73.951],[86.773,73.956]]],[[[86.692,73.955],[86.67,73.959],[86.745,73.957],[86.692,73.955]]],[[[86.91,73.976],[86.944,73.966],[86.762,73.966],[86.91,73.976]]],[[[86.989,73.984],[86.974,73.997],[86.998,73.997],[87.06,73.976],[86.989,73.984]]],[[[86.72,73.97],[86.582,73.984],[86.621,74.0],[86.72,73.97]]],[[[86.836,73.993],[86.893,73.981],[86.773,73.993],[86.836,73.993]]],[[[86.812,74.052],[86.967,73.997],[86.948,73.988],[86.812,74.052]]],[[[86.615,74.025],[86.606,74.033],[86.675,74.023],[86.615,74.025]]],[[[86.768,74.05],[86.768,74.041],[86.798,74.008],[86.755,74.031],[86.768,74.05]]],[[[86.736,74.05],[86.745,74.026],[86.725,74.029],[86.736,74.05]]],[[[86.915,74.036],[86.87,74.048],[86.9,74.046],[86.915,74.036]]],[[[86.772,74.04],[86.776,74.052],[86.796,74.049],[86.772,74.04]]],[[[87.205,74.042],[87.317,74.047],[87.347,74.041],[87.095,74.041],[87.056,74.053],[87.205,74.042]]],[[[87.303,74.071],[87.296,74.062],[87.309,74.056],[87.234,74.058],[87.303,74.071]]],[[[86.767,74.099],[86.78,74.094],[86.593,74.099],[86.767,74.099]]],[[[87.388,74.381],[87.341,74.364],[87.358,74.381],[87.388,74.381]]],[[[87.368,74.383],[87.333,74.394],[87.349,74.395],[87.368,74.383]]],[[[86.549,74.743],[86.456,74.82],[86.824,74.784],[86.619,74.769],[86.681,74.758],[86.549,74.743]]],[[[86.921,74.86],[86.806,74.868],[86.84,74.878],[86.921,74.86]]],[[[86.225,74.887],[86.666,74.896],[86.527,74.977],[87.183,74.944],[86.967,74.867],[86.707,74.897],[86.97,74.814],[86.225,74.887]]],[[[88.258,75.202],[88.29,75.175],[88.127,75.162],[88.258,75.202]]],[[[88.057,75.636],[88.032,75.626],[87.893,75.635],[88.057,75.636]]],[[[91.849,75.759],[91.814,75.747],[91.762,75.747],[91.849,75.759]]],[[[92.65,75.825],[92.851,75.866],[92.992,75.841],[92.65,75.825]]],[[[92.58,75.999],[92.706,75.99],[92.678,75.968],[92.58,75.999]]],[[[91.804,76.043],[91.768,76.052],[91.904,76.053],[91.804,76.043]]],[[[93.281,76.082],[93.178,76.096],[93.274,76.117],[93.281,76.082]]],[[[88.73,77.052],[89.181,76.994],[88.886,76.985],[88.772,77.017],[88.696,77.075],[89.031,77.124],[88.73,77.052]]],[[[90.166,77.092],[89.983,77.1],[89.938,77.105],[89.908,77.112],[89.887,77.122],[90.204,77.102],[90.169,77.091],[90.112,77.087],[90.166,77.092]]],[[[89.571,77.274],[89.736,77.241],[89.521,77.159],[89.201,77.198],[89.365,77.294],[89.764,77.265],[89.571,77.274]]],[[[90.775,77.27],[90.677,77.286],[90.765,77.281],[90.708,77.323],[90.766,77.296],[90.775,77.27]]],[[[91.851,77.65],[92.096,77.625],[91.994,77.598],[91.851,77.65]]],[[[93.809,78.158],[93.63,78.185],[93.7,78.212],[93.809,78.158]]],[[[92.366,79.117],[92.896,79.063],[92.672,79.074],[92.276,79.128],[92.366,79.117]]],[[[92.319,79.383],[91.803,79.424],[92.136,79.412],[92.109,79.416],[92.277,79.442],[92.472,79.45],[92.691,79.452],[93.044,79.426],[92.839,79.383],[92.768,79.393],[92.692,79.422],[92.822,79.434],[92.669,79.449],[92.445,79.448],[92.409,79.443],[92.496,79.439],[92.319,79.383]]],[[[93.828,79.431],[93.804,79.438],[93.907,79.436],[93.828,79.431]]],[[[91.74,79.435],[91.614,79.453],[91.848,79.427],[91.74,79.435]]],[[[91.26,79.518],[91.547,79.461],[91.485,79.461],[91.764,79.429],[91.393,79.457],[91.478,79.462],[90.87,79.548],[90.76,79.539],[90.627,79.542],[90.554,79.554],[90.814,79.555],[91.26,79.518]]],[[[91.044,79.518],[91.112,79.501],[91.016,79.512],[90.948,79.528],[91.044,79.518]]],[[[91.898,79.73],[91.792,79.713],[92.002,79.673],[91.73,79.635],[91.2,79.738],[91.898,79.73]]],[[[91.975,79.685],[92.387,79.762],[91.193,79.839],[91.142,79.866],[91.382,79.914],[91.144,79.954],[91.295,79.976],[91.266,80.021],[90.984,80.063],[91.951,80.083],[92.592,80.018],[92.952,80.033],[93.878,79.907],[93.146,79.706],[91.975,79.685]]],[[[92.868,80.042],[92.872,80.04],[92.668,80.035],[92.868,80.042]]],[[[91.735,80.377],[91.707,80.378],[91.569,80.395],[91.53,80.402],[91.735,80.377]]],[[[92.686,80.495],[92.702,80.51],[92.857,80.524],[92.877,80.52],[92.686,80.495]]],[[[92.52,80.696],[92.503,80.704],[92.575,80.706],[92.52,80.696]]],[[[91.633,81.122],[90.946,81.035],[90.157,81.141],[91.125,81.221],[91.633,81.122]]],[[[85.641,61.367],[85.965,61.459],[85.961,61.545],[84.678,61.808],[84.523,61.922],[84.441,62.196],[84.938,62.483],[84.919,62.577],[85.1,62.632],[85.218,62.802],[85.519,62.901],[85.503,62.982],[85.619,63.031],[85.502,63.181],[85.707,63.357],[85.421,63.364],[85.298,63.525],[85.023,63.582],[85.303,63.648],[85.366,63.855],[85.506,63.928],[85.967,64.049],[86.007,64.272],[85.804,64.497],[85.906,64.599],[85.819,64.68],[85.834,64.784],[85.722,64.828],[85.133,64.764],[85.132,64.827],[84.945,64.836],[85.032,64.915],[84.921,64.954],[84.271,64.936],[84.395,65.057],[84.284,65.102],[84.555,65.269],[84.508,65.48],[84.175,65.585],[84.303,65.684],[84.0,65.787],[83.474,65.815],[83.551,65.903],[83.267,66.044],[83.543,66.184],[83.074,66.465],[83.091,66.595],[83.328,66.659],[83.124,66.841],[82.117,67.234],[82.367,67.32],[82.232,67.409],[82.397,67.526],[82.028,67.645],[82.099,67.72],[81.87,67.785],[81.739,67.926],[82.362,67.94],[82.337,68.114],[82.552,68.167],[82.556,68.262],[82.715,68.395],[82.629,68.59],[82.838,68.642],[82.859,68.711],[82.566,68.819],[82.494,68.972],[82.316,69.047],[82.473,69.08],[82.465,69.153],[81.835,69.199],[81.805,69.254],[81.964,69.333],[81.822,69.427],[81.688,69.448],[81.611,69.333],[81.676,69.317],[81.586,69.27],[80.961,69.2],[80.766,69.317],[79.824,69.346],[79.795,69.424],[79.617,69.457],[79.465,69.66],[79.042,69.695],[79.165,69.744],[78.881,69.88],[79.203,69.973],[79.117,69.997],[79.239,70.011],[79.221,70.06],[79.37,70.046],[79.333,70.15],[79.55,70.117],[79.666,70.233],[79.791,70.237],[79.755,70.276],[79.907,70.263],[80.223,70.436],[80.618,70.454],[80.74,70.376],[80.889,70.437],[80.636,70.489],[80.822,70.631],[80.64,70.693],[80.715,70.809],[80.639,70.833],[80.584,71.043],[79.997,71.116],[79.129,71.388],[79.314,71.454],[79.367,71.606],[79.824,71.581],[80.143,71.665],[80.072,71.75],[80.127,71.796],[80.037,71.828],[80.356,71.882],[79.794,72.041],[79.048,72.062],[78.553,72.195],[78.658,72.245],[78.454,72.348],[79.558,72.336],[80.83,72.073],[80.853,72.0],[80.781,72.076],[80.68,72.048],[81.37,71.75],[81.681,71.694],[83.457,71.756],[83.201,71.87],[82.68,71.883],[82.556,72.011],[82.26,72.101],[82.368,72.142],[82.246,72.275],[82.357,72.3],[82.36,72.304],[82.351,72.311],[82.284,72.313],[82.222,72.284],[82.15,72.286],[82.123,72.281],[82.217,72.261],[81.234,72.355],[80.84,72.457],[80.767,72.508],[80.888,72.616],[80.719,72.627],[80.693,72.728],[80.835,72.787],[80.882,72.947],[80.798,73.032],[80.513,73.08],[80.631,73.131],[80.322,73.166],[80.748,73.202],[80.355,73.291],[80.775,73.433],[80.659,73.413],[80.646,73.457],[80.719,73.469],[80.709,73.511],[80.566,73.464],[80.529,73.554],[83.873,73.648],[84.778,73.755],[85.393,73.705],[85.562,73.797],[86.106,73.859],[87.211,73.865],[87.196,73.932],[86.94,74.03],[87.025,74.049],[87.094,74.04],[87.252,74.032],[87.242,74.036],[87.353,74.039],[87.369,74.052],[87.301,74.073],[86.831,74.078],[86.89,74.11],[86.725,74.127],[86.797,74.174],[86.731,74.228],[85.908,74.36],[86.12,74.401],[86.32,74.322],[86.284,74.413],[86.064,74.431],[86.442,74.479],[86.788,74.385],[86.984,74.412],[86.692,74.317],[86.998,74.361],[86.997,74.278],[87.1,74.298],[87.036,74.393],[87.224,74.36],[87.312,74.354],[87.408,74.384],[87.347,74.396],[87.313,74.397],[87.247,74.361],[87.043,74.416],[87.11,74.431],[87.147,74.477],[87.111,74.491],[86.811,74.43],[86.573,74.513],[86.83,74.563],[86.01,74.635],[85.79,74.603],[85.883,74.622],[85.757,74.661],[86.17,74.777],[85.9,74.85],[86.405,74.778],[86.27,74.771],[86.35,74.697],[86.657,74.716],[86.575,74.661],[86.744,74.656],[86.702,74.609],[86.978,74.6],[86.867,74.645],[86.994,74.673],[86.747,74.702],[87.085,74.72],[87.137,74.773],[87.031,74.765],[87.076,74.854],[87.39,74.944],[87.178,74.978],[87.42,75.003],[87.477,74.974],[87.401,74.947],[87.624,74.909],[87.562,74.953],[87.835,75.013],[86.913,75.111],[88.189,75.143],[88.087,75.113],[88.22,75.075],[88.223,75.064],[88.183,75.045],[88.187,75.036],[88.23,75.06],[88.243,75.092],[88.165,75.109],[88.337,75.154],[88.278,75.201],[88.499,75.281],[88.613,75.241],[88.691,75.241],[88.563,75.295],[89.09,75.392],[88.74,75.395],[89.287,75.511],[89.498,75.503],[89.284,75.494],[89.467,75.457],[89.412,75.43],[89.773,75.43],[89.68,75.476],[90.141,75.496],[89.94,75.544],[90.192,75.597],[90.915,75.665],[90.966,75.597],[91.217,75.665],[91.717,75.613],[91.637,75.686],[91.729,75.731],[92.061,75.704],[93.885,75.867],[94.198,75.938],[93.684,75.884],[93.584,75.946],[93.512,75.87],[93.287,75.984],[92.943,75.923],[93.128,75.892],[92.868,75.888],[92.944,75.915],[92.833,75.964],[92.998,75.994],[92.934,76.052],[93.097,76.067],[93.046,76.038],[93.112,76.005],[93.364,76.102],[93.507,76.098],[93.361,76.069],[93.478,76.041],[93.419,76.022],[93.426,76.007],[94.047,76.053],[93.724,76.121],[94.827,76.109],[94.548,76.149],[94.734,76.159],[95.074,76.09],[95.457,76.163],[96.276,76.096],[96.011,76.064],[96.159,76.046],[95.597,75.877],[95.755,75.827],[96.428,76.004],[96.709,75.97],[96.543,75.873],[97.362,76.025],[97.173,75.925],[97.87,75.97],[97.562,76.038],[98.227,76.069],[98.286,76.086],[97.953,76.116],[98.831,76.256],[98.773,76.209],[99.34,76.204],[99.192,76.147],[99.616,76.153],[99.448,76.096],[99.527,76.091],[99.536,76.077],[99.561,76.071],[99.584,76.069],[99.67,76.088],[99.702,76.079],[99.798,76.054],[99.86,76.055],[99.896,76.09],[99.618,76.198],[99.617,76.26],[99.103,76.333],[98.862,76.467],[100.296,76.437],[101.08,76.537],[101.183,76.68],[101.436,76.679],[101.081,76.751],[100.931,76.859],[101.064,76.964],[101.294,76.923],[101.375,77.053],[101.28,77.049],[101.394,77.109],[103.038,77.551],[102.979,77.569],[103.782,77.61],[104.092,77.717],[104.358,77.655],[104.778,77.678],[104.849,77.599],[105.347,77.539],[105.929,77.551],[105.913,77.462],[106.308,77.365],[105.795,77.364],[105.452,77.263],[105.609,77.248],[105.268,77.204],[105.429,77.211],[105.366,77.194],[104.445,77.149],[104.141,77.076],[105.081,77.055],[105.933,77.132],[105.763,77.045],[105.813,77.024],[105.401,76.995],[106.868,77.047],[107.315,77.009],[107.221,76.993],[107.531,76.914],[107.24,76.893],[107.398,76.866],[106.933,76.713],[106.766,76.724],[106.842,76.665],[106.659,76.544],[106.399,76.579],[106.503,76.487],[107.724,76.5],[107.992,76.571],[108.043,76.64],[107.952,76.723],[108.023,76.735],[109.427,76.752],[110.102,76.654],[110.369,76.735],[111.097,76.758],[111.236,76.742],[111.138,76.71],[111.196,76.686],[111.588,76.686],[111.665,76.674],[111.585,76.685],[111.643,76.661],[111.527,76.616],[111.63,76.616],[111.539,76.593],[112.003,76.549],[112.243,76.443],[112.025,76.356],[112.337,76.446],[112.488,76.388],[112.808,76.32],[112.728,76.203],[112.556,76.237],[112.478,76.229],[112.88,76.125],[112.709,76.048],[113.058,76.08],[112.992,76.116],[113.087,76.148],[113.359,76.105],[112.951,76.234],[113.285,76.255],[113.478,76.151],[113.439,76.059],[113.594,75.951],[113.545,75.938],[113.478,75.944],[113.397,75.946],[113.378,75.942],[113.61,75.926],[113.514,75.909],[113.62,75.859],[113.464,75.85],[113.437,75.827],[113.573,75.821],[113.516,75.842],[113.675,75.851],[113.612,75.876],[113.696,75.884],[113.579,75.916],[113.907,75.901],[113.849,75.886],[113.924,75.845],[113.889,75.763],[113.555,75.536],[113.401,75.553],[113.597,75.649],[112.334,75.848],[112.887,75.713],[112.756,75.681],[112.885,75.635],[112.798,75.547],[113.278,75.661],[113.363,75.524],[113.743,75.476],[113.736,75.407],[113.523,75.389],[113.692,75.387],[113.657,75.288],[113.098,75.06],[112.944,75.067],[113.057,75.045],[112.84,74.962],[112.138,74.885],[111.992,74.76],[111.949,74.748],[111.872,74.775],[111.831,74.767],[111.942,74.734],[111.984,74.744],[111.804,74.649],[111.448,74.684],[110.986,74.516],[111.038,74.555],[110.4,74.5],[110.421,74.436],[110.228,74.374],[109.788,74.299],[109.578,74.345],[109.479,74.311],[109.661,74.284],[109.761,74.286],[109.935,74.317],[109.949,74.253],[109.531,74.078],[109.009,74.019],[108.122,73.632],[106.94,73.63],[106.851,73.595],[106.875,73.583],[106.939,73.574],[106.933,73.572],[107.059,73.565],[107.182,73.557],[107.209,73.539],[106.876,73.427],[106.797,73.319],[106.126,73.273],[106.063,73.141],[105.907,73.107],[105.923,73.007],[105.775,72.951],[105.724,72.883],[104.775,72.75],[104.342,72.613],[104.758,72.6],[105.166,72.674],[105.25,72.746],[105.133,72.755],[105.517,72.742],[105.937,72.853],[106.236,72.964],[106.218,73.127],[106.351,73.187],[106.856,73.128],[108.371,73.208],[108.415,73.242],[108.201,73.26],[109.317,73.394],[109.254,73.472],[109.387,73.409],[109.458,73.416],[109.209,73.49],[109.219,73.552],[109.57,73.427],[109.785,73.435],[110.465,73.636],[111.003,73.695],[111.294,73.616],[110.811,73.546],[110.643,73.428],[110.122,73.403],[110.626,73.267],[110.349,73.198],[110.374,73.152],[110.85,73.161],[110.746,73.103],[110.86,73.054],[110.658,72.952],[110.908,72.939],[110.627,72.882],[110.748,72.808],[110.657,72.791],[110.713,72.678],[110.909,72.632],[110.884,72.576],[111.309,72.51],[111.009,72.389],[111.575,72.324],[111.668,72.258],[111.593,72.212],[112.001,72.124],[112.001,71.402],[112.724,71.251],[112.512,71.171],[112.583,71.097],[112.246,71.0],[112.038,71.054],[111.935,70.974],[110.619,70.785],[110.124,70.637],[110.116,70.476],[110.313,70.409],[109.64,70.372],[109.558,70.352],[109.576,70.252],[109.301,70.208],[109.355,70.079],[109.546,70.028],[109.404,69.963],[109.386,69.824],[109.296,69.774],[108.249,69.854],[108.023,69.788],[107.953,69.669],[106.852,69.523],[106.479,69.58],[106.145,69.416],[106.907,68.858],[106.822,67.334],[106.711,67.257],[106.545,67.291],[106.071,67.168],[105.948,67.04],[105.508,67.016],[106.094,66.886],[106.014,66.789],[106.213,66.798],[106.133,66.752],[106.257,66.683],[106.233,66.566],[106.332,66.473],[106.112,66.372],[106.106,66.197],[106.33,66.157],[106.518,66.001],[106.416,65.669],[106.968,65.507],[106.817,65.378],[106.436,65.318],[106.429,65.247],[106.526,65.22],[105.95,65.04],[106.208,64.873],[105.915,64.903],[105.987,64.829],[105.853,64.833],[105.872,64.677],[105.685,64.681],[105.751,64.641],[105.713,64.583],[105.773,64.483],[106.021,64.541],[106.139,64.416],[106.559,64.462],[106.579,64.543],[106.737,64.423],[106.915,64.438],[107.354,64.264],[107.641,64.311],[107.973,64.182],[108.247,64.25],[108.387,64.047],[107.764,64.021],[107.419,63.895],[107.307,63.978],[107.043,63.927],[106.664,64.044],[106.606,63.985],[106.79,63.871],[106.602,63.723],[106.689,63.661],[106.598,63.562],[106.469,63.547],[106.737,63.398],[106.621,63.317],[106.417,63.357],[106.345,63.246],[106.439,63.216],[106.397,63.126],[106.111,63.089],[106.187,62.923],[106.513,62.791],[106.47,62.699],[106.796,62.623],[106.67,62.562],[106.753,62.494],[106.43,62.395],[106.483,62.34],[106.347,62.281],[106.465,62.26],[106.396,62.043],[105.898,61.845],[105.98,61.691],[105.363,61.542],[105.281,61.424],[104.777,61.347],[104.95,61.316],[105.044,61.178],[104.853,61.192],[104.619,61.073],[104.576,60.946],[104.634,60.906],[104.46,60.844],[104.609,60.722],[104.502,60.618],[104.645,60.519],[104.639,60.419],[104.863,60.311],[105.343,60.299],[105.509,60.226],[105.422,60.154],[105.505,60.002],[105.41,59.948],[105.515,59.844],[105.064,59.876],[104.979,59.853],[105.023,59.778],[104.762,59.688],[104.968,59.471],[105.237,59.442],[105.172,59.304],[105.367,59.119],[104.789,58.867],[104.755,58.807],[104.894,58.747],[104.813,58.677],[104.466,58.609],[104.211,58.786],[103.891,58.737],[103.965,58.771],[103.946,58.904],[103.616,58.925],[103.239,59.173],[103.218,59.238],[103.356,59.264],[103.014,59.318],[102.824,59.193],[102.425,59.144],[102.494,59.009],[102.443,58.943],[102.561,58.905],[102.569,58.74],[102.202,58.522],[101.709,58.416],[101.531,58.242],[101.108,58.103],[101.161,58.004],[101.022,57.881],[100.819,57.875],[100.909,57.771],[100.815,57.638],[100.954,57.566],[100.923,57.444],[100.763,57.4],[100.403,57.552],[100.323,57.684],[100.38,57.742],[100.137,57.856],[100.072,58.074],[99.682,58.083],[99.437,57.791],[98.981,57.718],[98.748,57.797],[97.953,57.83],[97.343,57.032],[97.673,56.973],[97.469,56.827],[97.786,56.798],[97.741,56.549],[97.88,56.534],[97.88,56.375],[97.557,56.376],[97.574,56.187],[97.409,56.164],[97.36,56.032],[97.132,56.113],[96.991,56.004],[96.989,55.85],[96.786,55.79],[96.755,55.732],[96.826,55.689],[96.744,55.656],[96.855,55.599],[96.808,55.551],[96.945,55.319],[96.657,55.239],[96.685,55.083],[96.594,55.024],[96.717,54.902],[96.539,54.53],[96.065,54.575],[95.919,54.397],[95.71,54.414],[95.646,54.297],[96.087,54.072],[96.063,53.992],[96.485,53.692],[96.688,53.646],[96.659,53.564],[96.44,53.513],[96.241,53.619],[96.232,53.517],[96.113,53.513],[96.111,53.452],[95.732,53.525],[95.405,53.366],[95.218,53.469],[95.036,53.366],[94.618,53.331],[94.716,53.237],[94.602,53.168],[94.526,52.91],[94.142,52.831],[94.096,52.678],[93.768,52.451],[93.677,52.212],[93.331,52.126],[92.874,51.836],[92.078,51.772],[91.804,51.887],[91.26,51.877],[91.072,51.952],[90.837,51.904],[90.752,52.07],[90.551,52.132],[90.51,52.228],[90.883,52.597],[91.263,52.639],[91.476,52.894],[91.45,53.136],[91.738,53.178],[91.924,53.35],[91.864,53.457],[91.625,53.534],[91.571,53.705],[91.45,53.79],[91.577,54.087],[91.308,54.334],[91.26,54.507],[90.919,54.654],[90.946,54.848],[90.506,54.907],[90.499,55.061],[90.126,55.154],[89.666,55.0],[89.58,55.088],[89.423,55.011],[89.064,55.12],[89.116,55.18],[89.01,55.234],[89.011,55.324],[88.598,55.432],[88.914,55.66],[89.35,55.771],[89.403,55.867],[89.271,55.897],[89.282,56.057],[89.037,56.201],[89.04,56.3],[88.695,56.366],[88.501,56.622],[88.663,56.62],[88.736,56.715],[88.624,56.719],[88.648,56.82],[88.598,56.802],[88.715,57.092],[88.517,57.09],[88.504,57.125],[88.734,57.208],[88.87,57.477],[89.058,57.455],[89.161,57.494],[89.099,57.517],[89.13,57.615],[89.355,57.616],[89.361,57.901],[88.107,58.113],[87.924,58.511],[88.384,58.894],[88.829,59.023],[88.576,59.212],[88.626,59.295],[87.902,59.256],[87.514,59.664],[87.174,59.683],[87.078,59.879],[86.636,59.949],[84.708,59.892],[84.581,59.962],[84.614,60.166],[84.791,60.352],[84.263,60.863],[85.701,61.316],[85.641,61.367]]],[[[93.884,76.166],[93.869,76.168],[93.931,76.177],[93.884,76.166]]],[[[95.157,76.216],[95.268,76.162],[95.13,76.149],[95.027,76.163],[95.157,76.216]]],[[[95.332,76.233],[95.889,76.316],[95.928,76.305],[95.891,76.268],[95.923,76.257],[96.164,76.287],[96.139,76.223],[96.427,76.308],[96.486,76.276],[96.402,76.232],[96.499,76.206],[96.236,76.218],[96.477,76.173],[96.369,76.101],[95.332,76.233]]],[[[94.876,76.24],[94.921,76.177],[94.452,76.194],[95.043,76.268],[94.876,76.24]]],[[[94.791,76.277],[94.793,76.272],[94.758,76.264],[94.693,76.272],[94.791,76.277]]],[[[96.65,76.348],[96.772,76.329],[96.667,76.292],[96.359,76.337],[96.65,76.348]]],[[[96.129,76.318],[96.089,76.333],[96.186,76.349],[96.129,76.318]]],[[[94.55,76.341],[94.548,76.348],[94.628,76.35],[94.55,76.341]]],[[[95.098,76.38],[95.111,76.358],[95.082,76.354],[95.098,76.38]]],[[[95.196,76.404],[95.225,76.39],[95.209,76.388],[95.13,76.4],[95.196,76.404]]],[[[94.988,76.402],[94.964,76.409],[95.15,76.451],[94.988,76.402]]],[[[95.374,76.442],[95.445,76.433],[95.413,76.427],[95.374,76.442]]],[[[95.343,76.443],[95.323,76.467],[95.377,76.455],[95.427,76.456],[95.343,76.443]]],[[[95.242,76.462],[95.217,76.464],[95.264,76.475],[95.298,76.47],[95.242,76.462]]],[[[95.47,76.538],[95.328,76.521],[95.373,76.54],[95.47,76.538]]],[[[95.594,76.543],[95.644,76.533],[95.595,76.519],[95.594,76.543]]],[[[96.016,76.533],[96.005,76.533],[95.996,76.537],[96.077,76.544],[96.016,76.533]]],[[[96.155,76.561],[96.261,76.556],[96.169,76.535],[96.149,76.548],[96.155,76.561]]],[[[96.446,76.564],[96.51,76.565],[96.464,76.55],[96.446,76.564]]],[[[94.435,76.548],[93.939,76.571],[94.001,76.586],[94.435,76.548]]],[[[95.521,76.577],[95.578,76.564],[95.564,76.56],[95.521,76.577]]],[[[95.016,76.563],[95.072,76.581],[95.097,76.573],[95.016,76.563]]],[[[94.499,76.625],[94.556,76.614],[94.326,76.618],[94.499,76.625]]],[[[94.72,76.644],[94.78,76.64],[94.61,76.612],[94.72,76.644]]],[[[96.192,76.686],[96.465,76.673],[96.231,76.577],[95.883,76.578],[96.192,76.686]]],[[[94.891,76.6],[94.817,76.62],[95.152,76.692],[95.413,76.632],[94.891,76.6]]],[[[95.426,76.66],[95.861,76.656],[95.727,76.624],[95.426,76.66]]],[[[94.417,76.68],[94.557,76.679],[94.518,76.652],[94.417,76.68]]],[[[94.717,76.693],[94.832,76.696],[94.795,76.681],[94.717,76.693]]],[[[95.906,76.664],[95.902,76.67],[95.995,76.719],[96.068,76.664],[95.906,76.664]]],[[[95.812,76.69],[95.67,76.704],[95.837,76.726],[95.812,76.69]]],[[[95.439,76.719],[95.518,76.701],[95.432,76.685],[95.439,76.719]]],[[[94.557,76.712],[94.569,76.699],[94.484,76.694],[94.42,76.735],[94.557,76.712]]],[[[94.816,76.727],[94.825,76.735],[94.808,76.738],[94.916,76.733],[94.816,76.727]]],[[[95.703,76.856],[95.868,76.867],[95.86,76.857],[95.703,76.856]]],[[[96.18,76.919],[96.366,76.897],[96.196,76.866],[95.855,76.883],[96.18,76.919]]],[[[95.9,76.933],[95.956,76.926],[95.941,76.91],[95.803,76.903],[95.9,76.933]]],[[[96.075,76.955],[96.02,76.957],[96.086,76.985],[96.075,76.955]]],[[[95.289,76.969],[96.417,77.173],[96.577,77.124],[96.234,76.974],[96.128,76.992],[96.086,76.985],[95.934,76.959],[95.829,76.929],[95.856,76.923],[95.716,76.91],[96.032,76.997],[95.604,76.975],[95.731,76.953],[95.289,76.969]]],[[[96.176,80.083],[97.668,80.166],[97.748,80.129],[97.986,80.083],[98.091,80.062],[97.93,80.016],[97.996,80.007],[97.883,79.954],[97.97,79.943],[97.938,79.9],[97.666,79.85],[97.923,79.816],[98.322,79.83],[98.547,79.939],[98.48,79.999],[98.597,80.066],[99.338,80.039],[99.137,80.013],[99.811,79.919],[100.107,79.77],[99.847,79.739],[99.951,79.67],[99.779,79.548],[99.874,79.497],[99.748,79.436],[99.82,79.412],[99.763,79.364],[99.807,79.271],[99.146,79.289],[99.72,79.141],[99.581,79.113],[99.917,79.073],[99.853,79.015],[99.988,78.923],[99.494,78.807],[98.592,78.807],[98.418,78.768],[97.518,78.824],[97.655,78.849],[97.177,78.883],[96.901,79.006],[95.729,78.992],[95.762,79.056],[95.534,79.104],[95.082,79.025],[94.27,79.297],[94.407,79.347],[94.347,79.408],[94.436,79.456],[94.034,79.493],[93.974,79.488],[94.026,79.434],[93.909,79.437],[93.752,79.47],[94.022,79.503],[93.673,79.572],[93.82,79.572],[93.909,79.608],[93.795,79.617],[93.445,79.537],[93.532,79.493],[93.278,79.447],[93.161,79.466],[93.369,79.53],[92.905,79.561],[93.343,79.545],[94.057,79.763],[94.734,79.797],[94.321,79.918],[94.409,79.934],[94.355,79.98],[94.507,79.965],[94.718,79.985],[95.018,80.064],[94.943,80.103],[95.386,80.026],[95.508,80.105],[96.176,80.083]]],[[[93.985,79.504],[93.882,79.51],[93.893,79.511],[93.985,79.504]]],[[[94.513,79.997],[94.54,79.988],[94.493,79.981],[94.513,79.997]]],[[[93.953,79.982],[94.097,80.022],[94.265,79.994],[93.953,79.982]]],[[[94.448,80.006],[94.461,79.995],[94.428,79.997],[94.448,80.006]]],[[[94.331,80.018],[94.177,80.025],[94.325,80.049],[94.398,80.043],[94.331,80.018]]],[[[94.903,80.08],[94.895,80.09],[94.918,80.097],[94.903,80.08]]],[[[96.381,80.11],[96.331,80.117],[96.426,80.12],[96.381,80.11]]],[[[96.016,80.127],[95.984,80.133],[96.18,80.145],[96.016,80.127]]],[[[92.155,80.166],[92.437,80.184],[92.362,80.203],[93.007,80.161],[92.272,80.264],[92.417,80.267],[91.487,80.263],[91.771,80.349],[92.756,80.365],[92.169,80.407],[92.926,80.471],[92.857,80.595],[93.462,80.764],[92.586,80.73],[93.275,80.897],[93.193,80.957],[95.812,81.212],[95.182,81.235],[95.225,81.25],[95.916,81.243],[96.804,80.993],[96.737,80.978],[96.783,80.922],[97.85,80.792],[97.787,80.782],[97.948,80.732],[97.757,80.71],[98.066,80.681],[97.144,80.638],[97.317,80.589],[97.149,80.554],[97.331,80.54],[97.085,80.521],[97.348,80.451],[97.167,80.352],[97.522,80.302],[97.309,80.223],[94.592,80.142],[93.8,79.998],[92.155,80.166]]],[[[104.552,72.616],[104.707,72.642],[104.664,72.62],[104.552,72.616]]],[[[104.706,72.624],[104.688,72.62],[104.756,72.654],[104.706,72.624]]],[[[104.519,72.666],[104.657,72.672],[104.555,72.634],[104.486,72.624],[104.519,72.666]]],[[[97.061,76.066],[97.371,76.088],[97.194,76.007],[96.757,75.979],[97.061,76.066]]],[[[99.559,76.074],[99.538,76.083],[99.578,76.082],[99.559,76.074]]],[[[99.748,76.107],[99.795,76.061],[99.702,76.079],[99.628,76.111],[99.748,76.107]]],[[[99.784,76.101],[99.811,76.086],[99.805,76.083],[99.784,76.101]]],[[[96.487,76.279],[96.71,76.257],[96.585,76.208],[96.629,76.15],[96.536,76.136],[96.487,76.279]]],[[[99.416,76.22],[99.355,76.215],[99.415,76.229],[99.489,76.224],[99.416,76.22]]],[[[96.761,76.166],[96.681,76.179],[96.945,76.323],[96.856,76.351],[97.124,76.294],[96.943,76.287],[96.745,76.191],[96.96,76.256],[97.091,76.228],[96.761,76.166]]],[[[96.861,76.367],[96.813,76.389],[96.825,76.396],[96.861,76.367]]],[[[97.615,76.582],[97.326,76.583],[97.462,76.645],[97.307,76.678],[97.452,76.715],[97.506,76.649],[97.615,76.582]]],[[[98.029,76.707],[98.004,76.714],[98.057,76.726],[98.029,76.707]]],[[[97.201,76.736],[97.159,76.752],[97.649,76.772],[97.201,76.736]]],[[[97.857,76.792],[97.702,76.815],[97.928,76.828],[97.857,76.792]]],[[[97.676,76.815],[97.676,76.81],[97.61,76.82],[97.676,76.815]]],[[[97.453,76.856],[97.475,76.842],[97.309,76.831],[97.453,76.856]]],[[[97.595,76.864],[97.62,76.852],[97.507,76.837],[97.595,76.864]]],[[[96.848,76.857],[96.907,76.86],[96.894,76.835],[96.848,76.857]]],[[[96.777,76.87],[96.818,76.858],[96.791,76.849],[96.777,76.87]]],[[[100.149,77.145],[100.11,77.153],[100.133,77.158],[100.149,77.145]]],[[[102.255,77.376],[102.06,77.351],[102.073,77.359],[102.255,77.376]]],[[[102.538,77.517],[102.549,77.512],[102.517,77.499],[102.538,77.517]]],[[[101.562,77.611],[101.659,77.611],[101.512,77.604],[101.562,77.611]]],[[[101.466,77.64],[101.502,77.633],[101.366,77.624],[101.466,77.64]]],[[[101.227,77.681],[101.286,77.677],[101.14,77.665],[101.227,77.681]]],[[[104.417,77.685],[104.475,77.688],[104.421,77.675],[104.359,77.686],[104.417,77.685]]],[[[98.673,78.497],[98.759,78.508],[98.751,78.501],[98.673,78.497]]],[[[98.735,78.58],[98.775,78.582],[98.67,78.576],[98.735,78.58]]],[[[98.668,78.605],[98.641,78.624],[98.713,78.65],[98.668,78.605]]],[[[101.69,79.232],[101.595,79.295],[101.669,79.348],[101.884,79.354],[101.997,79.238],[102.26,79.215],[102.323,79.222],[102.207,79.327],[102.313,79.414],[102.878,79.382],[103.225,79.302],[102.905,79.216],[102.833,79.132],[102.889,79.121],[102.756,79.065],[102.776,78.962],[102.437,78.818],[102.671,78.833],[102.977,79.048],[103.517,79.096],[103.636,79.183],[103.699,79.111],[103.899,79.175],[104.095,79.13],[104.027,79.051],[104.131,78.995],[104.542,78.945],[104.533,78.884],[104.667,78.864],[104.424,78.85],[104.74,78.787],[104.658,78.764],[104.778,78.779],[104.925,78.854],[105.269,78.8],[105.463,78.543],[104.829,78.295],[103.095,78.228],[102.812,78.135],[102.545,78.204],[101.373,78.175],[99.99,77.939],[99.576,77.92],[99.387,78.013],[100.151,78.346],[100.049,78.406],[100.245,78.458],[100.173,78.487],[100.607,78.779],[101.268,78.741],[100.817,78.852],[101.018,79.008],[101.672,78.964],[101.072,79.053],[101.453,79.111],[101.227,79.142],[101.69,79.232]]],[[[97.843,78.744],[97.917,78.757],[97.883,78.742],[97.843,78.744]]],[[[97.88,78.76],[97.807,78.76],[97.921,78.762],[97.88,78.76]]],[[[98.641,78.77],[98.551,78.772],[98.625,78.799],[98.641,78.77]]],[[[104.708,78.879],[104.767,78.868],[104.709,78.861],[104.708,78.879]]],[[[104.275,79.032],[104.421,79.037],[104.355,79.019],[104.219,79.02],[104.275,79.032]]],[[[103.445,79.128],[103.382,79.141],[103.455,79.145],[103.497,79.11],[103.445,79.128]]],[[[103.512,79.193],[103.48,79.162],[103.329,79.187],[103.512,79.193]]],[[[99.735,79.237],[99.714,79.25],[99.824,79.228],[99.735,79.237]]],[[[99.933,79.347],[99.99,79.337],[99.963,79.331],[99.933,79.347]]],[[[100.062,79.407],[99.952,79.4],[100.0,79.448],[100.126,79.436],[100.062,79.407]]],[[[100.125,79.577],[100.138,79.557],[100.091,79.555],[100.125,79.577]]],[[[100.111,79.688],[100.356,79.662],[99.938,79.591],[100.033,79.703],[100.111,79.688]]],[[[100.152,79.719],[100.224,79.719],[100.211,79.711],[100.152,79.719]]],[[[97.805,79.867],[97.856,79.854],[97.812,79.853],[97.805,79.867]]],[[[98.654,80.085],[98.694,80.076],[98.651,80.068],[98.596,80.076],[98.654,80.085]]],[[[98.038,80.088],[97.986,80.083],[97.985,80.097],[98.038,80.088]]],[[[96.822,80.15],[96.838,80.148],[96.69,80.136],[96.822,80.15]]],[[[97.49,80.249],[97.411,80.248],[97.428,80.262],[97.545,80.274],[97.49,80.249]]],[[[98.098,80.659],[98.043,80.656],[98.084,80.673],[98.098,80.659]]],[[[105.086,72.697],[105.033,72.687],[104.965,72.684],[105.086,72.697]]],[[[104.826,72.719],[105.027,72.742],[104.929,72.72],[104.826,72.719]]],[[[104.923,72.702],[105.037,72.739],[105.0,72.717],[104.923,72.702]]],[[[104.981,72.754],[105.007,72.748],[104.988,72.745],[104.926,72.745],[104.981,72.754]]],[[[105.444,72.787],[105.372,72.786],[105.52,72.819],[105.444,72.787]]],[[[105.706,72.846],[105.747,72.846],[105.732,72.842],[105.706,72.846]]],[[[105.844,72.89],[105.755,72.879],[105.811,72.908],[105.815,72.924],[105.844,72.89]]],[[[105.793,72.901],[105.747,72.893],[105.768,72.92],[105.793,72.901]]],[[[105.782,72.93],[105.782,72.946],[105.82,72.948],[105.782,72.93]]],[[[106.008,72.984],[106.019,72.981],[106.022,72.966],[106.008,72.984]]],[[[105.986,73.031],[106.01,73.028],[105.99,73.019],[105.986,73.031]]],[[[107.252,73.557],[107.21,73.56],[107.226,73.574],[107.252,73.557]]],[[[107.144,73.564],[107.125,73.572],[107.139,73.568],[107.18,73.572],[107.204,73.566],[107.144,73.564]]],[[[107.016,73.571],[107.118,73.567],[107.059,73.565],[107.016,73.571]]],[[[107.06,73.571],[107.029,73.576],[107.097,73.576],[107.06,73.571]]],[[[107.181,73.588],[107.167,73.604],[107.318,73.585],[107.181,73.588]]],[[[107.027,73.607],[107.052,73.599],[107.09,73.597],[107.13,73.604],[107.16,73.599],[107.168,73.572],[106.872,73.598],[107.027,73.607]]],[[[107.184,73.605],[107.334,73.6],[107.321,73.594],[107.184,73.605]]],[[[107.037,73.615],[107.075,73.613],[107.107,73.615],[107.149,73.604],[107.13,73.604],[107.095,73.605],[107.083,73.599],[107.037,73.615]]],[[[107.344,73.606],[107.285,73.615],[107.373,73.611],[107.344,73.606]]],[[[107.04,73.617],[107.031,73.628],[107.103,73.617],[107.04,73.617]]],[[[109.772,73.652],[109.543,73.801],[109.84,73.869],[109.975,73.999],[110.46,74.006],[111.014,73.9],[111.177,74.029],[111.6,74.022],[111.238,73.993],[111.297,73.846],[109.772,73.652]]],[[[113.006,75.666],[113.108,75.68],[113.078,75.671],[113.006,75.666]]],[[[113.688,75.942],[113.618,75.941],[113.723,75.964],[113.754,75.956],[113.789,75.937],[113.688,75.942]]],[[[112.778,76.191],[112.806,76.189],[112.781,76.181],[112.778,76.191]]],[[[113.101,76.263],[113.212,76.269],[113.25,76.259],[113.101,76.263]]],[[[113.32,76.425],[113.272,76.394],[113.486,76.358],[113.171,76.363],[113.32,76.425]]],[[[112.625,76.397],[112.516,76.397],[112.729,76.429],[112.625,76.397]]],[[[113.144,76.447],[113.106,76.468],[113.149,76.464],[113.144,76.447]]],[[[112.474,76.438],[111.972,76.593],[112.351,76.587],[112.475,76.611],[112.604,76.538],[112.531,76.502],[112.736,76.503],[112.599,76.498],[112.617,76.417],[112.419,76.442],[112.474,76.438]]],[[[112.268,76.637],[112.351,76.637],[112.477,76.621],[112.268,76.637]]],[[[111.725,76.621],[111.839,76.635],[111.867,76.632],[111.897,76.617],[111.725,76.621]]],[[[110.719,76.771],[110.798,76.788],[110.844,76.783],[110.719,76.771]]],[[[107.997,76.976],[108.022,76.957],[107.921,76.94],[107.997,76.976]]],[[[107.964,76.995],[108.111,77.003],[108.019,76.99],[107.964,76.995]]],[[[105.854,77.198],[105.97,77.216],[105.912,77.195],[105.854,77.198]]],[[[105.559,77.217],[105.534,77.223],[105.592,77.224],[105.559,77.217]]],[[[105.639,77.228],[105.599,77.228],[105.649,77.241],[105.639,77.228]]],[[[105.965,77.284],[106.022,77.274],[105.902,77.236],[105.83,77.273],[105.965,77.284]]],[[[107.22,77.217],[107.483,77.243],[107.3,77.269],[107.412,77.338],[107.755,77.316],[107.475,77.231],[107.22,77.217]]],[[[107.095,77.297],[107.188,77.294],[107.126,77.295],[107.095,77.297]]],[[[106.095,77.305],[105.987,77.296],[106.016,77.316],[106.095,77.305]]],[[[106.448,77.312],[106.488,77.31],[106.309,77.311],[106.448,77.312]]],[[[107.607,77.352],[107.669,77.347],[107.604,77.34],[107.607,77.352]]],[[[106.752,77.37],[106.532,77.37],[106.957,77.451],[106.752,77.37]]],[[[107.537,78.185],[107.779,78.123],[107.495,78.038],[107.444,78.058],[107.549,78.08],[106.556,78.131],[107.537,78.185]]],[[[106.579,78.329],[106.842,78.272],[106.368,78.184],[106.12,78.214],[106.415,78.235],[106.579,78.329]]]]}},{"type":"Feature","properties":{"admin_code":"RU-LEN","name":"Leningrad Oblast","name_local":"Ленинградская область"},"geometry":{"type":"MultiPolygon","coordinates":[[[[26.922,59.809],[26.952,59.797],[26.902,59.806],[26.897,59.817],[26.922,59.809]]],[[[27.186,59.836],[27.176,59.861],[27.214,59.861],[27.186,59.836]]],[[[27.9,60.004],[27.891,59.981],[27.794,59.994],[27.9,60.004]]],[[[28.352,60.033],[28.388,60.034],[28.403,60.006],[28.352,60.033]]],[[[28.06,60.017],[28.004,60.021],[27.994,60.028],[28.06,60.017]]],[[[26.978,60.094],[27.029,60.023],[26.983,60.015],[26.978,60.094]]],[[[28.515,60.301],[28.415,60.363],[28.477,60.368],[28.515,60.301]]],[[[28.534,60.377],[28.53,60.349],[28.437,60.464],[28.534,60.377]]],[[[27.801,60.448],[27.791,60.442],[27.77,60.454],[27.801,60.448]]],[[[27.854,60.459],[27.847,60.469],[27.857,60.473],[27.854,60.459]]],[[[27.81,60.47],[27.776,60.505],[27.818,60.504],[27.81,60.47]]],[[[28.43,60.608],[28.472,60.587],[28.447,60.591],[28.43,60.608]]],[[[28.445,60.619],[28.452,60.612],[28.436,60.611],[28.445,60.619]]],[[[28.55,60.612],[28.508,60.649],[28.524,60.647],[28.55,60.612]]],[[[29.612,58.452],[29.423,58.59],[29.394,58.554],[29.327,58.56],[29.403,58.592],[29.255,58.6],[29.278,58.701],[29.036,58.725],[29.034,58.833],[28.436,58.881],[28.3,58.824],[28.1,59.0],[27.738,58.978],[27.904,59.241],[28.21,59.37],[28.046,59.465],[28.094,59.592],[27.997,59.692],[28.127,59.791],[28.237,59.68],[28.43,59.677],[28.471,59.827],[28.845,59.782],[29.208,59.993],[30.044,59.837],[30.128,59.809],[30.035,59.718],[30.12,59.692],[30.15,59.801],[30.284,59.795],[30.243,59.639],[30.482,59.638],[30.577,59.73],[30.757,59.744],[30.493,59.847],[30.566,59.971],[30.363,60.092],[29.758,60.243],[29.423,60.159],[29.01,60.183],[28.805,60.357],[28.617,60.352],[28.437,60.548],[28.673,60.429],[28.715,60.44],[28.642,60.656],[28.712,60.629],[28.748,60.696],[28.68,60.74],[28.617,60.705],[28.658,60.686],[28.617,60.665],[28.637,60.681],[28.61,60.691],[28.584,60.69],[28.581,60.669],[28.544,60.682],[28.543,60.659],[28.509,60.682],[28.298,60.623],[28.345,60.596],[28.232,60.511],[27.855,60.553],[27.838,60.492],[27.785,60.537],[29.306,61.329],[29.564,61.184],[29.861,61.171],[30.36,60.96],[30.539,60.797],[30.506,60.623],[30.695,60.565],[30.959,60.199],[31.051,60.176],[31.114,60.04],[31.034,59.95],[31.437,59.901],[31.565,59.971],[31.473,60.08],[31.719,60.245],[32.081,60.193],[32.141,60.209],[32.232,60.12],[32.577,60.184],[32.634,60.245],[32.595,60.289],[32.608,60.292],[32.584,60.327],[32.586,60.352],[32.691,60.398],[32.583,60.512],[32.895,60.545],[32.963,60.64],[32.923,60.717],[33.259,60.799],[33.18,60.821],[33.467,60.928],[33.449,61.003],[33.785,60.937],[33.92,61.073],[33.738,61.131],[33.576,61.068],[33.45,61.155],[33.552,61.214],[34.238,61.244],[34.444,61.144],[34.546,61.276],[34.769,61.312],[35.087,61.242],[35.394,61.282],[35.397,61.14],[35.696,61.133],[35.571,60.997],[35.481,61.004],[35.519,60.894],[35.176,60.77],[35.299,60.601],[35.274,60.336],[35.163,60.256],[35.214,60.074],[35.146,60.021],[35.446,59.978],[35.375,59.858],[35.407,59.719],[35.615,59.712],[35.606,59.614],[35.495,59.652],[35.494,59.536],[35.409,59.53],[35.513,59.503],[35.316,59.52],[35.447,59.412],[35.297,59.351],[35.396,59.318],[34.916,59.24],[34.722,59.085],[34.35,59.204],[34.099,59.137],[33.927,59.238],[33.8,59.201],[33.63,59.382],[33.348,59.385],[33.326,59.316],[32.993,59.426],[32.732,59.271],[32.726,59.148],[32.452,59.108],[32.393,59.142],[32.483,59.15],[32.2,59.29],[32.262,59.326],[32.245,59.344],[32.195,59.303],[32.185,59.312],[32.217,59.323],[32.229,59.342],[32.226,59.355],[31.964,59.433],[31.799,59.313],[31.552,59.369],[31.586,59.236],[31.371,59.026],[31.219,59.008],[31.131,59.089],[30.971,59.044],[30.922,58.922],[30.683,58.859],[30.682,58.714],[30.135,58.749],[30.06,58.661],[30.125,58.647],[30.073,58.628],[30.133,58.492],[29.612,58.452]],[[30.073,59.667],[30.084,59.68],[30.065,59.678],[30.073,59.667]]],[[[32.124,60.227],[32.129,60.21],[32.07,60.217],[32.124,60.227]]],[[[28.599,60.342],[28.721,60.285],[28.589,60.28],[28.599,60.342]]],[[[28.677,60.462],[28.695,60.45],[28.666,60.455],[28.677,60.462]]],[[[28.611,60.515],[28.696,60.464],[28.586,60.491],[28.611,60.515]]],[[[28.63,60.541],[28.647,60.53],[28.647,60.522],[28.63,60.541]]],[[[28.599,60.527],[28.603,60.522],[28.592,60.531],[28.597,60.548],[28.586,60.552],[28.608,60.548],[28.599,60.527]]],[[[28.627,60.578],[28.614,60.598],[28.608,60.601],[28.638,60.593],[28.627,60.578]]],[[[28.599,60.611],[28.627,60.614],[28.628,60.607],[28.611,60.605],[28.6,60.594],[28.615,60.58],[28.623,60.577],[28.643,60.56],[28.563,60.576],[28.599,60.611]]],[[[28.552,60.626],[28.53,60.644],[28.541,60.643],[28.552,60.626]]],[[[28.593,60.677],[28.606,60.673],[28.592,60.659],[28.569,60.665],[28.579,60.665],[28.593,60.677]]],[[[28.604,60.676],[28.6,60.685],[28.628,60.68],[28.604,60.676]]],[[[30.619,60.836],[30.561,60.843],[30.611,60.881],[30.619,60.836]]]]}},{"type":"Feature","properties":{"admin_code":"RU-LIP","name":"Lipetsk Oblast","name_local":"Липецкая область"},"geometry":{"type":"Polygon","coordinates":[[[38.122,53.054],[38.327,52.946],[38.483,53.039],[38.566,52.991],[38.671,53.13],[38.529,53.302],[38.772,53.364],[38.715,53.504],[38.788,53.551],[39.054,53.579],[39.193,53.391],[39.327,53.391],[39.537,53.417],[39.555,53.528],[39.837,53.568],[39.943,53.498],[39.923,53.436],[40.179,53.339],[40.097,53.276],[40.157,53.053],[40.038,52.913],[40.083,52.755],[39.916,52.709],[39.992,52.667],[39.95,52.634],[40.326,52.459],[40.293,52.392],[40.513,52.355],[40.765,52.202],[40.637,52.175],[40.641,52.036],[40.508,51.935],[40.132,52.0],[39.765,51.927],[39.294,52.103],[39.015,51.985],[38.877,52.097],[38.787,52.029],[38.707,52.098],[38.242,51.923],[37.868,51.901],[37.738,52.019],[37.761,52.163],[38.039,52.245],[38.067,52.33],[37.722,52.595],[37.891,52.74],[37.802,52.853],[37.876,52.886],[37.866,53.012],[38.122,53.054]]]}},{"type":"Feature","properties":{"admin_code":"RU-MAG","name":"Magadan Oblast","name_local":"Магаданская область"},"geometry":{"type":"MultiPolygon","coordinates":[[[[150.706,59.145],[150.782,59.098],[150.469,59.001],[150.706,59.145]]],[[[149.142,59.205],[149.016,59.117],[148.953,59.132],[149.142,59.205]]],[[[155.533,59.196],[155.516,59.206],[155.539,59.213],[155.533,59.196]]],[[[149.073,59.319],[149.098,59.305],[149.084,59.304],[149.073,59.319]]],[[[155.514,59.324],[155.603,59.341],[155.601,59.32],[155.514,59.324]]],[[[150.372,59.584],[150.421,59.599],[150.409,59.577],[150.372,59.584]]],[[[154.369,59.829],[154.394,59.841],[154.403,59.868],[154.418,59.877],[154.397,59.838],[154.369,59.829]]],[[[159.883,60.911],[159.89,60.896],[159.879,60.894],[159.883,60.911]]],[[[145.2,62.279],[145.138,62.479],[145.484,62.54],[145.389,62.607],[145.457,62.707],[145.353,62.747],[145.41,62.867],[145.249,63.16],[145.44,63.379],[145.482,63.544],[145.675,63.672],[145.669,63.775],[145.568,63.808],[146.172,63.929],[146.372,64.192],[147.012,64.133],[147.295,64.019],[147.347,64.115],[147.644,64.178],[147.733,64.116],[147.671,64.011],[148.018,63.936],[148.315,64.221],[148.125,64.294],[148.048,64.41],[148.328,64.528],[148.709,64.402],[149.339,64.377],[149.937,64.552],[150.144,64.469],[150.017,64.351],[150.093,64.282],[150.549,64.166],[150.662,64.176],[150.675,64.268],[150.587,64.305],[150.657,64.34],[151.405,64.33],[151.497,64.426],[151.975,64.489],[152.141,64.352],[152.441,64.388],[152.377,64.533],[152.847,64.7],[152.586,64.811],[152.519,64.916],[152.717,65.221],[153.501,65.346],[153.591,65.408],[153.441,65.483],[153.581,65.698],[153.484,65.748],[153.531,65.81],[153.957,65.873],[154.087,65.85],[154.107,65.777],[154.265,65.805],[154.43,65.994],[154.229,66.048],[154.517,66.218],[154.898,66.109],[155.171,66.182],[155.748,66.161],[156.061,66.046],[156.433,66.034],[156.674,66.189],[157.034,66.007],[156.96,65.957],[157.335,65.892],[157.739,66.099],[158.507,66.095],[158.403,66.22],[158.543,66.335],[159.23,66.236],[159.258,66.15],[158.927,65.889],[158.911,65.74],[160.093,65.502],[160.502,65.178],[161.361,65.135],[161.718,65.003],[161.836,64.827],[162.65,64.741],[162.752,64.662],[163.265,64.693],[163.193,64.537],[163.496,64.358],[163.262,64.298],[163.18,64.157],[162.809,64.13],[162.946,63.872],[162.705,63.793],[163.0,63.62],[162.971,63.48],[162.658,63.385],[162.784,63.306],[162.756,63.166],[162.299,63.059],[162.28,62.903],[162.565,62.83],[162.629,62.778],[162.554,62.747],[162.658,62.691],[162.82,62.691],[162.681,62.571],[162.792,62.354],[162.714,62.257],[162.163,62.166],[162.524,62.083],[162.542,62.004],[162.294,61.942],[162.475,61.8],[162.39,61.761],[162.466,61.665],[162.108,61.442],[161.985,61.373],[161.873,61.431],[161.898,61.339],[161.825,61.374],[161.784,61.3],[161.542,61.253],[161.576,61.189],[160.915,60.901],[160.795,60.719],[160.684,60.771],[160.407,60.701],[160.44,60.747],[160.427,60.759],[160.148,60.575],[160.145,60.655],[160.255,60.713],[160.175,60.827],[160.387,60.906],[160.336,60.93],[160.444,61.034],[159.793,60.93],[160.005,61.107],[159.939,61.245],[159.768,61.239],[160.007,61.289],[159.882,61.321],[160.083,61.377],[160.107,61.442],[160.036,61.455],[160.279,61.554],[160.323,61.664],[160.254,61.692],[160.41,61.762],[160.366,61.939],[160.031,61.846],[159.879,61.705],[159.696,61.73],[159.576,61.652],[159.512,61.708],[159.572,61.817],[159.471,61.764],[159.351,61.817],[159.369,61.887],[158.973,61.93],[158.845,61.819],[158.272,61.826],[158.041,61.729],[157.493,61.789],[157.341,61.678],[157.034,61.648],[156.887,61.536],[156.672,61.519],[156.654,61.199],[155.929,60.93],[155.987,60.909],[155.906,60.709],[155.808,60.727],[155.435,60.513],[154.935,60.353],[154.67,60.182],[154.483,59.931],[154.584,60.105],[154.411,60.067],[154.479,59.885],[154.209,59.877],[154.229,59.733],[154.374,59.577],[154.227,59.663],[154.072,59.519],[154.126,59.458],[154.304,59.439],[154.392,59.536],[154.414,59.421],[154.521,59.413],[154.413,59.551],[154.646,59.542],[154.793,59.464],[154.973,59.495],[155.21,59.347],[155.155,59.292],[155.202,59.237],[155.134,59.224],[155.192,59.178],[154.834,59.197],[154.807,59.127],[154.334,59.209],[154.355,59.109],[154.041,59.047],[153.686,59.184],[153.786,59.245],[153.638,59.19],[153.386,59.249],[153.27,59.135],[153.35,59.134],[153.339,59.087],[153.014,59.066],[152.907,58.907],[152.548,58.951],[152.356,59.06],[152.395,59.008],[152.162,58.983],[152.068,58.887],[151.344,58.837],[151.102,59.106],[152.083,59.146],[152.322,59.23],[152.141,59.305],[151.738,59.3],[151.769,59.36],[151.409,59.605],[150.915,59.566],[150.939,59.455],[150.76,59.433],[150.751,59.488],[150.5,59.485],[150.771,59.564],[150.576,59.543],[150.459,59.616],[149.568,59.758],[149.045,59.616],[149.226,59.462],[148.932,59.453],[148.875,59.551],[148.72,59.462],[148.74,59.36],[148.984,59.378],[148.929,59.233],[148.416,59.255],[148.402,59.376],[148.287,59.406],[147.878,59.385],[147.786,59.343],[147.848,59.302],[147.796,59.262],[147.638,59.308],[147.543,59.236],[146.942,59.368],[147.11,59.409],[147.177,59.644],[147.126,59.696],[147.217,59.734],[147.063,59.933],[146.801,59.905],[146.689,60.087],[146.537,60.097],[146.382,60.249],[145.857,60.17],[145.562,60.312],[145.657,60.388],[145.525,60.456],[146.082,60.736],[146.444,60.671],[146.535,60.844],[146.498,60.94],[146.757,61.006],[146.661,61.061],[146.764,61.097],[146.698,61.305],[146.752,61.402],[146.687,61.404],[146.74,61.468],[146.579,61.533],[146.595,61.637],[146.348,61.841],[145.965,62.004],[145.649,62.058],[145.539,61.95],[145.211,61.964],[144.736,62.081],[145.2,62.279]]]]}},{"type":"Feature","properties":{"admin_code":"RU-ME","name":"Mari El","name_local":"Марий Эл"},"geometry":{"type":"Polygon","coordinates":[[[47.102,56.923],[47.161,56.88],[47.107,56.826],[47.265,56.807],[47.511,56.851],[47.764,57.039],[47.954,56.958],[48.206,57.014],[48.138,57.07],[48.329,57.166],[48.417,57.11],[48.811,57.169],[48.949,57.083],[49.054,57.207],[49.007,57.289],[49.174,57.343],[49.2,57.222],[49.139,57.18],[49.242,57.046],[49.695,57.058],[49.738,56.886],[50.07,56.831],[50.054,56.6],[50.201,56.557],[49.97,56.431],[49.987,56.495],[49.754,56.454],[49.814,56.501],[49.756,56.537],[49.515,56.423],[49.456,56.426],[49.476,56.476],[49.424,56.478],[49.335,56.33],[49.223,56.394],[49.052,56.345],[48.922,56.256],[49.052,56.19],[48.83,56.05],[48.694,56.06],[48.666,55.938],[48.415,55.915],[48.451,55.832],[48.381,55.829],[47.968,55.966],[47.889,56.12],[47.425,56.157],[47.393,56.323],[47.151,56.315],[46.757,56.21],[46.656,56.098],[46.415,56.13],[46.142,56.017],[46.044,56.102],[46.097,56.177],[45.964,56.162],[45.866,56.255],[45.97,56.318],[45.964,56.429],[45.753,56.413],[45.624,56.514],[45.67,56.614],[45.955,56.65],[45.859,56.698],[45.941,56.859],[46.722,56.963],[47.102,56.923]]]}},{"type":"Feature","properties":{"admin_code":"RU-MO","name":"Mordovia","name_local":"Мордовия"},"geometry":{"type":"MultiPolygon","coordinates":[[[[42.455,54.75],[42.502,54.838],[42.793,54.755],[43.086,54.775],[43.169,54.898],[43.218,54.804],[43.482,54.818],[43.455,54.934],[43.958,54.806],[43.921,54.739],[44.09,54.738],[44.068,54.649],[44.201,54.596],[44.469,54.522],[44.599,54.57],[44.659,54.514],[44.586,54.472],[44.77,54.521],[45.096,54.468],[45.145,54.526],[45.011,54.552],[45.087,54.652],[45.026,54.736],[45.112,54.8],[45.194,54.75],[45.231,54.877],[45.427,54.886],[45.479,55.105],[45.703,55.19],[45.785,55.126],[45.723,54.991],[46.062,55.048],[46.157,54.974],[46.228,55.083],[46.294,55.029],[46.245,54.978],[46.411,54.874],[46.422,54.688],[46.535,54.632],[46.405,54.58],[46.539,54.573],[46.46,54.48],[46.572,54.503],[46.595,54.487],[46.493,54.462],[46.536,54.399],[46.73,54.402],[46.663,54.29],[45.964,54.153],[45.72,53.897],[45.298,53.872],[45.178,53.972],[44.639,53.904],[44.604,53.799],[44.716,53.676],[44.499,53.643],[44.54,53.677],[44.46,53.663],[44.364,53.7],[44.395,53.722],[44.114,53.692],[43.863,53.801],[43.93,53.87],[43.749,53.968],[43.314,54.025],[43.127,53.977],[43.157,53.82],[43.097,53.874],[43.057,53.809],[42.76,53.825],[42.727,53.739],[42.739,53.824],[42.548,53.749],[42.564,53.834],[42.495,53.778],[42.562,53.733],[42.499,53.735],[42.304,53.795],[42.445,53.996],[42.262,54.088],[42.689,54.129],[42.435,54.257],[42.242,54.163],[42.164,54.258],[42.301,54.226],[42.629,54.376],[42.55,54.485],[42.631,54.493],[42.617,54.531],[42.607,54.561],[42.691,54.581],[42.604,54.7],[42.415,54.703],[42.426,54.806],[42.455,54.75]],[[44.474,53.676],[44.471,53.693],[44.464,53.691],[44.474,53.676]],[[42.652,54.552],[42.658,54.553],[42.648,54.561],[42.652,54.552]]],[[[42.617,54.531],[42.619,54.524],[42.602,54.526],[42.617,54.531]]]]}},{"type":"Feature","properties":{"admin_code":"RU-MOS","name":"Moscow Oblast","name_local":"Московская область"},"geometry":{"type":"Polygon","coordinates":[[[38.513,54.294],[38.527,54.395],[38.387,54.467],[38.376,54.526],[38.519,54.595],[38.457,54.654],[38.028,54.718],[37.937,54.85],[37.748,54.832],[37.763,54.744],[37.687,54.714],[37.456,54.839],[37.166,54.867],[37.045,55.143],[37.17,55.164],[37.214,55.253],[37.405,55.251],[37.471,55.39],[37.395,55.469],[37.535,55.436],[37.598,55.574],[37.858,55.701],[37.964,55.674],[37.575,55.957],[37.427,55.877],[37.422,55.951],[37.335,55.954],[37.411,55.871],[37.308,55.797],[37.392,55.706],[37.326,55.683],[37.415,55.665],[37.096,55.6],[37.15,55.438],[36.816,55.508],[36.856,55.38],[37.026,55.284],[36.829,55.196],[36.614,55.269],[36.601,55.351],[36.385,55.294],[36.265,55.171],[35.741,55.296],[35.359,55.245],[35.259,55.33],[35.33,55.429],[35.297,55.576],[35.39,55.611],[35.33,55.794],[35.149,55.971],[35.338,56.093],[35.283,56.112],[35.363,56.179],[35.316,56.228],[35.502,56.259],[35.52,56.395],[35.418,56.383],[35.428,56.454],[35.62,56.477],[35.735,56.39],[36.089,56.336],[36.127,56.4],[36.682,56.498],[36.803,56.597],[37.056,56.526],[37.174,56.696],[37.067,56.756],[37.477,56.777],[37.573,56.867],[37.532,56.909],[37.735,56.956],[37.984,56.865],[37.993,56.767],[38.304,56.76],[38.363,56.581],[38.268,56.525],[38.446,56.387],[38.396,56.266],[38.528,56.213],[38.598,55.981],[38.838,55.914],[39.044,55.95],[39.059,55.857],[39.327,55.865],[39.326,55.773],[39.483,55.745],[39.889,55.833],[39.903,55.742],[40.093,55.608],[40.049,55.526],[40.2,55.498],[40.141,55.44],[40.206,55.316],[39.785,55.186],[39.706,55.117],[39.863,55.111],[39.804,55.005],[39.518,54.984],[39.318,54.757],[39.371,54.747],[39.232,54.719],[39.232,54.638],[38.849,54.626],[38.779,54.478],[38.941,54.408],[38.713,54.349],[38.666,54.257],[38.513,54.294]],[[37.867,55.804],[37.9,55.815],[37.872,55.822],[37.867,55.804]],[[37.869,55.823],[37.876,55.825],[37.869,55.824],[37.869,55.823]],[[37.797,56.005],[37.8,56.006],[37.799,56.01],[37.797,56.005]],[[37.795,55.999],[37.798,56.0],[37.794,56.004],[37.795,55.999]],[[37.293,55.796],[37.304,55.804],[37.291,55.802],[37.293,55.796]],[[37.29,55.652],[37.293,55.652],[37.293,55.655],[37.29,55.652]],[[37.15,55.962],[37.268,55.968],[37.207,56.017],[37.132,56.016],[37.15,55.962]],[[37.004,55.705],[37.128,55.728],[36.979,55.76],[36.888,55.734],[37.004,55.705]],[[36.907,55.311],[36.923,55.324],[36.91,55.331],[36.907,55.311]]]}},{"type":"Feature","properties":{"admin_code":"RU-MOW","name":"Moscow","name_local":"Москва"},"geometry":{"type":"MultiPolygon","coordinates":[[[[36.91,55.331],[36.923,55.324],[36.907,55.311],[36.901,55.315],[36.91,55.331]]],[[[36.937,55.241],[37.026,55.284],[36.856,55.38],[36.816,55.508],[37.15,55.438],[37.096,55.6],[37.415,55.665],[37.402,55.699],[37.354,55.676],[37.346,55.676],[37.326,55.683],[37.392,55.706],[37.308,55.797],[37.411,55.871],[37.335,55.954],[37.422,55.951],[37.427,55.877],[37.575,55.957],[37.556,55.909],[37.732,55.886],[37.967,55.716],[37.598,55.574],[37.538,55.437],[37.391,55.467],[37.471,55.39],[37.405,55.251],[37.214,55.253],[37.17,55.164],[37.028,55.15],[36.937,55.241]]],[[[37.289,55.655],[37.293,55.655],[37.293,55.652],[37.289,55.655]]],[[[36.908,55.749],[36.921,55.747],[36.933,55.754],[36.968,55.76],[36.967,55.747],[36.979,55.76],[37.128,55.728],[36.899,55.742],[36.908,55.749]]],[[[37.304,55.804],[37.293,55.796],[37.291,55.802],[37.304,55.804]]],[[[37.888,55.821],[37.9,55.815],[37.845,55.814],[37.888,55.821]]],[[[37.876,55.825],[37.869,55.823],[37.869,55.824],[37.876,55.825]]],[[[37.246,56.001],[37.268,55.968],[37.15,55.962],[37.246,56.001]]],[[[37.789,56.001],[37.794,56.004],[37.798,56.0],[37.789,56.001]]],[[[37.799,56.01],[37.8,56.006],[37.797,56.005],[37.799,56.01]]]]}},{"type":"Feature","properties":{"admin_code":"RU-MUR","name":"Murmansk Oblast","name_local":"Мурманская область"},"geometry":{"type":"MultiPolygon","coordinates":[[[[33.246,66.624],[33.534,66.515],[33.235,66.559],[33.073,66.569],[33.246,66.624]]],[[[32.904,66.78],[32.94,66.778],[32.926,66.77],[32.904,66.78]]],[[[32.541,66.927],[32.558,66.909],[32.528,66.91],[32.541,66.927]]],[[[32.551,67.031],[32.588,67.008],[32.565,67.004],[32.551,67.031]]],[[[32.638,67.019],[32.61,67.023],[32.614,67.031],[32.638,67.019]]],[[[32.585,67.038],[32.562,67.045],[32.565,67.049],[32.585,67.038]]],[[[32.569,67.065],[32.556,67.073],[32.56,67.077],[32.569,67.065]]],[[[32.391,67.107],[32.445,67.085],[32.324,67.101],[32.391,67.107]]],[[[32.318,67.106],[32.287,67.114],[32.311,67.125],[32.318,67.106]]],[[[33.146,69.439],[33.217,69.42],[33.123,69.416],[33.009,69.376],[33.146,69.439]]],[[[32.638,69.47],[32.618,69.468],[32.624,69.477],[32.638,69.47]]],[[[31.592,69.829],[31.55,69.835],[31.564,69.848],[31.592,69.829]]],[[[34.357,66.611],[34.321,66.615],[34.337,66.622],[34.357,66.611]]],[[[40.548,67.804],[40.466,67.82],[40.518,67.82],[40.548,67.804]]],[[[32.36,66.475],[32.343,66.345],[31.937,66.351],[31.83,66.371],[31.792,66.495],[31.621,66.502],[31.576,66.654],[29.323,66.663],[29.106,66.79],[29.033,66.925],[29.073,66.996],[29.931,67.523],[30.017,67.674],[29.659,67.803],[29.327,68.075],[28.648,68.196],[28.434,68.54],[28.801,68.869],[28.416,68.915],[28.929,69.052],[29.057,69.015],[29.242,69.113],[29.291,69.297],[30.035,69.425],[30.185,69.553],[30.085,69.658],[30.818,69.529],[30.947,69.576],[30.945,69.684],[30.822,69.788],[30.886,69.792],[31.446,69.689],[31.273,69.592],[31.51,69.686],[31.815,69.647],[31.686,69.705],[31.736,69.818],[32.055,69.747],[31.889,69.904],[32.089,69.941],[32.501,69.79],[32.948,69.77],[33.131,69.715],[32.834,69.567],[32.186,69.631],[32.188,69.7],[32.124,69.743],[32.092,69.654],[31.953,69.628],[32.054,69.588],[31.99,69.544],[32.18,69.587],[32.503,69.502],[32.488,69.479],[32.428,69.481],[32.26,69.422],[32.899,69.464],[32.804,69.416],[32.805,69.373],[32.9,69.442],[33.073,69.452],[32.815,69.326],[32.882,69.276],[32.965,69.361],[33.328,69.428],[33.501,69.4],[33.413,69.347],[33.743,69.308],[33.688,69.28],[33.694,69.262],[34.316,69.302],[34.365,69.265],[34.978,69.216],[34.939,69.166],[35.127,69.203],[35.118,69.165],[35.167,69.114],[35.129,69.169],[35.289,69.203],[35.183,69.232],[35.15,69.246],[35.156,69.253],[35.833,69.189],[37.805,68.645],[37.737,68.626],[38.334,68.417],[38.365,68.362],[38.287,68.352],[38.372,68.36],[38.391,68.384],[38.439,68.288],[38.434,68.341],[38.454,68.352],[38.449,68.337],[38.783,68.244],[38.494,68.349],[38.648,68.375],[39.084,68.167],[39.706,68.0],[39.635,68.032],[39.87,68.033],[39.772,68.15],[40.011,67.983],[40.377,67.886],[40.273,67.84],[40.482,67.722],[40.636,67.803],[40.981,67.697],[41.037,67.634],[40.948,67.44],[41.119,67.407],[41.048,67.273],[41.314,67.217],[41.277,67.138],[41.393,67.113],[41.211,66.822],[40.478,66.415],[39.997,66.254],[38.653,66.064],[37.91,66.085],[37.145,66.242],[35.554,66.384],[34.811,66.608],[34.462,66.541],[34.367,66.619],[34.505,66.632],[34.352,66.699],[34.093,66.674],[34.141,66.695],[34.184,66.746],[34.172,66.777],[34.15,66.786],[34.13,66.703],[34.064,66.68],[34.054,66.76],[34.028,66.686],[33.925,66.686],[33.607,66.852],[33.625,66.787],[33.542,66.798],[33.643,66.734],[33.519,66.766],[33.543,66.745],[33.631,66.714],[33.632,66.705],[33.504,66.717],[32.791,67.024],[32.998,67.084],[32.321,67.167],[32.241,67.112],[32.354,67.07],[32.311,67.039],[32.572,66.96],[32.417,66.947],[32.504,66.897],[32.387,66.869],[32.956,66.729],[32.854,66.713],[32.805,66.753],[32.685,66.749],[32.855,66.691],[33.321,66.638],[32.587,66.582],[32.541,66.478],[32.36,66.475]]],[[[39.636,68.06],[39.636,68.052],[39.597,68.062],[39.636,68.06]]],[[[39.53,68.077],[39.543,68.068],[39.462,68.085],[39.53,68.077]]],[[[38.457,68.395],[38.506,68.365],[38.475,68.349],[38.457,68.395]]],[[[37.725,68.703],[37.753,68.693],[37.706,68.698],[37.725,68.703]]],[[[37.518,68.768],[37.531,68.762],[37.503,68.763],[37.518,68.768]]],[[[37.355,68.815],[37.378,68.805],[37.306,68.808],[37.355,68.815]]],[[[36.346,69.081],[36.409,69.059],[36.337,69.068],[36.346,69.081]]],[[[34.712,69.261],[34.828,69.247],[34.653,69.252],[34.712,69.261]]],[[[34.096,69.388],[34.406,69.33],[34.164,69.309],[33.966,69.341],[34.096,69.388]]]]}},{"type":"Feature","properties":{"admin_code":"RU-NEN","name":"Nenets Autonomous Okrug","name_local":"Ненецкий автономный округ"},"geometry":{"type":"MultiPolygon","coordinates":[[[[46.281,68.256],[46.344,68.218],[46.31,68.222],[46.281,68.256]]],[[[53.883,68.238],[53.85,68.245],[53.894,68.254],[53.883,68.238]]],[[[53.95,68.284],[53.859,68.312],[53.854,68.346],[53.988,68.355],[53.95,68.284]]],[[[46.313,68.357],[46.375,68.308],[46.161,68.334],[46.313,68.357]]],[[[53.826,68.349],[53.821,68.352],[53.86,68.367],[53.826,68.349]]],[[[50.849,68.36],[50.863,68.363],[50.869,68.378],[50.889,68.376],[50.862,68.348],[50.809,68.357],[50.849,68.36]]],[[[46.066,68.392],[46.138,68.393],[46.176,68.372],[46.066,68.392]]],[[[46.091,68.41],[46.015,68.415],[46.058,68.42],[46.091,68.41]]],[[[50.966,68.426],[50.81,68.379],[51.141,68.485],[51.439,68.456],[50.966,68.426]]],[[[52.338,68.478],[52.382,68.467],[52.304,68.458],[52.266,68.47],[52.338,68.478]]],[[[49.59,68.686],[49.53,68.694],[49.63,68.697],[49.601,68.686],[49.516,68.669],[49.401,68.664],[49.59,68.686]]],[[[48.86,68.7],[49.115,68.668],[48.727,68.7],[48.86,68.7]]],[[[49.511,68.796],[49.59,68.825],[49.508,68.794],[49.451,68.778],[49.44,68.778],[49.435,68.779],[49.511,68.796]]],[[[54.196,68.822],[54.409,68.786],[54.378,68.785],[54.196,68.822]]],[[[48.248,68.864],[48.26,68.855],[48.221,68.866],[48.248,68.864]]],[[[49.845,68.904],[49.855,68.913],[49.854,68.904],[49.767,68.877],[49.744,68.873],[49.738,68.875],[49.845,68.904]]],[[[50.124,68.968],[50.098,68.953],[49.976,68.922],[50.124,68.968]]],[[[50.214,69.078],[50.195,69.054],[50.172,69.047],[50.214,69.078]]],[[[48.692,68.751],[48.723,68.692],[48.581,68.702],[48.648,68.698],[48.217,68.904],[48.22,68.855],[48.21,68.92],[48.331,69.259],[48.743,69.46],[49.335,69.491],[50.115,69.265],[50.248,69.194],[50.294,69.154],[50.307,69.132],[50.312,69.117],[50.226,69.194],[49.757,68.994],[49.902,68.996],[49.668,68.856],[48.692,68.751]]],[[[48.229,68.818],[48.255,68.801],[48.237,68.807],[48.43,68.719],[48.297,68.751],[48.227,68.809],[48.22,68.855],[48.229,68.818]]],[[[59.589,66.834],[59.495,66.84],[59.534,66.85],[59.589,66.834]]],[[[64.585,68.357],[64.528,68.326],[64.577,68.194],[63.868,68.033],[63.997,67.893],[63.706,67.806],[63.758,67.724],[63.429,67.77],[63.153,67.694],[62.836,67.515],[62.917,67.448],[62.866,67.37],[61.739,67.102],[61.601,66.992],[53.875,67.001],[52.152,67.101],[51.778,66.922],[51.52,66.939],[51.484,66.835],[51.545,66.775],[49.0,66.114],[48.085,66.129],[48.029,66.013],[47.911,66.032],[47.749,65.906],[47.797,65.838],[47.145,65.821],[46.347,66.038],[44.855,66.231],[44.25,66.436],[44.384,66.499],[44.431,66.627],[44.58,66.653],[44.363,66.775],[44.491,66.821],[44.479,66.889],[44.539,66.897],[44.548,66.902],[44.54,66.908],[44.546,66.908],[44.548,66.909],[44.179,67.131],[43.909,67.151],[43.77,67.241],[44.068,67.66],[44.148,67.668],[44.097,67.62],[44.1,67.618],[44.134,67.624],[44.156,67.666],[44.137,67.677],[44.228,67.66],[44.233,67.669],[44.141,67.68],[44.099,67.671],[44.069,67.68],[44.147,67.759],[44.095,67.838],[44.216,68.285],[43.27,68.656],[44.063,68.532],[45.538,68.517],[46.032,68.429],[45.805,68.468],[45.995,68.312],[46.525,68.129],[46.409,68.1],[46.528,68.098],[46.704,67.891],[46.693,67.808],[45.471,67.743],[45.231,67.673],[45.339,67.666],[45.308,67.574],[44.933,67.443],[44.923,67.306],[45.585,67.156],[45.816,66.894],[45.792,66.902],[45.772,66.893],[45.742,66.891],[45.728,66.885],[46.011,66.816],[47.594,66.896],[47.75,67.005],[47.766,67.132],[47.668,67.188],[47.794,67.239],[47.772,67.334],[47.939,67.449],[47.834,67.579],[48.742,67.696],[48.778,67.829],[48.592,67.914],[49.076,67.812],[50.06,68.096],[49.813,68.006],[50.039,68.052],[50.032,68.033],[50.07,67.997],[50.191,67.996],[50.054,68.016],[50.049,68.082],[50.808,68.373],[50.786,68.353],[50.829,68.335],[51.09,68.342],[52.216,68.575],[51.992,68.509],[52.304,68.458],[52.306,68.457],[52.157,68.373],[52.21,68.331],[52.416,68.329],[52.764,68.482],[52.486,68.575],[52.54,68.626],[52.288,68.597],[53.346,68.877],[53.866,68.959],[54.33,68.988],[54.532,68.985],[54.568,68.979],[54.58,68.969],[53.947,68.952],[53.568,68.89],[54.0,68.832],[53.719,68.631],[53.918,68.504],[53.937,68.395],[53.802,68.36],[53.826,68.326],[53.68,68.384],[53.556,68.39],[53.658,68.317],[53.456,68.378],[53.194,68.259],[54.023,68.206],[54.347,68.339],[54.866,68.146],[54.958,68.248],[54.861,68.315],[55.388,68.548],[56.006,68.642],[57.301,68.526],[57.646,68.728],[57.972,68.734],[58.034,68.757],[58.001,68.812],[59.053,68.983],[59.199,68.983],[59.276,68.98],[59.316,68.972],[58.967,68.945],[58.988,68.923],[58.908,68.934],[58.914,68.922],[58.895,68.914],[58.884,68.917],[58.878,68.916],[58.877,68.913],[59.162,68.884],[59.479,68.682],[59.093,68.653],[59.194,68.641],[59.028,68.563],[59.17,68.519],[59.122,68.405],[59.689,68.314],[59.99,68.452],[59.806,68.621],[59.949,68.707],[60.523,68.707],[60.89,68.886],[60.961,68.844],[61.152,68.841],[60.936,68.914],[60.969,69.063],[60.89,69.133],[60.662,69.12],[60.635,69.257],[60.191,69.557],[60.328,69.66],[60.714,69.675],[60.778,69.725],[60.724,69.81],[60.853,69.856],[63.112,69.684],[64.677,69.387],[65.083,69.259],[64.539,69.029],[64.519,68.977],[64.629,68.948],[64.557,68.868],[65.399,68.793],[65.351,68.729],[65.449,68.734],[65.436,68.647],[65.671,68.564],[65.423,68.423],[64.585,68.357]],[[44.13,67.617],[44.13,67.618],[44.122,67.618],[44.105,67.614],[44.13,67.617]],[[44.129,67.614],[44.111,67.611],[44.129,67.613],[44.133,67.616],[44.13,67.617],[44.129,67.614]],[[44.106,67.608],[44.112,67.606],[44.11,67.61],[44.106,67.608]],[[44.115,67.605],[44.136,67.602],[44.158,67.603],[44.112,67.606],[44.115,67.605]]],[[[59.411,68.769],[59.371,68.765],[59.38,68.784],[59.411,68.769]]],[[[61.0,68.856],[60.954,68.854],[60.98,68.857],[61.0,68.856]]],[[[55.545,68.91],[55.36,68.919],[55.431,68.927],[55.545,68.91]]],[[[55.035,68.926],[54.903,68.933],[54.933,68.937],[55.035,68.926]]],[[[54.624,68.983],[54.599,68.967],[54.611,68.988],[54.624,68.983]]],[[[59.456,69.025],[59.398,69.061],[59.427,69.073],[59.456,69.025]]],[[[59.307,69.176],[59.335,69.107],[59.273,69.132],[59.307,69.176]]],[[[59.283,69.226],[59.257,69.129],[59.188,69.231],[58.765,69.329],[58.734,69.388],[59.283,69.226]]],[[[58.5,69.453],[58.468,69.461],[58.552,69.48],[58.5,69.453]]],[[[60.166,69.685],[60.188,69.682],[60.215,69.665],[60.166,69.685]]],[[[59.503,69.845],[59.517,69.839],[59.477,69.832],[59.503,69.845]]],[[[61.216,69.836],[61.174,69.865],[61.266,69.841],[61.216,69.836]]],[[[59.445,69.876],[59.487,69.862],[59.406,69.852],[59.445,69.876]]],[[[59.075,70.464],[59.772,70.114],[60.044,70.093],[60.454,69.929],[60.475,69.854],[60.433,69.856],[60.416,69.852],[60.566,69.796],[60.499,69.705],[60.378,69.742],[60.269,69.675],[60.017,69.717],[59.985,69.657],[59.585,69.707],[59.595,69.793],[59.613,69.774],[59.744,69.78],[59.406,69.902],[58.95,69.967],[59.184,69.852],[59.066,69.857],[58.61,70.064],[58.66,70.098],[58.567,70.124],[58.647,70.146],[58.469,70.18],[58.574,70.203],[58.491,70.197],[58.405,70.236],[58.424,70.259],[58.885,70.185],[58.517,70.324],[59.075,70.464]]],[[[58.703,70.458],[58.721,70.454],[58.677,70.441],[58.703,70.458]]]]}},{"type":"Feature","properties":{"admin_code":"RU-NGR","name":"Novgorod Oblast","name_local":"Новгородская область"},"geometry":{"type":"Polygon","coordinates":[[[30.689,56.983],[30.63,57.174],[30.746,57.263],[30.415,57.387],[30.53,57.502],[30.463,57.522],[30.681,57.644],[30.452,57.688],[30.495,57.772],[30.417,57.782],[30.534,57.873],[29.867,57.95],[29.877,57.997],[29.96,58.011],[29.987,58.049],[29.655,58.081],[29.705,58.17],[29.619,58.252],[29.822,58.258],[29.917,58.311],[29.896,58.45],[30.133,58.492],[30.073,58.628],[30.125,58.647],[30.06,58.661],[30.135,58.749],[30.682,58.714],[30.683,58.859],[30.922,58.922],[30.971,59.044],[31.131,59.089],[31.219,59.008],[31.371,59.026],[31.586,59.236],[31.552,59.369],[31.799,59.313],[31.964,59.433],[32.226,59.355],[32.195,59.303],[32.245,59.344],[32.2,59.29],[32.483,59.15],[32.393,59.142],[32.452,59.108],[32.726,59.148],[32.732,59.271],[32.966,59.42],[33.343,59.315],[33.348,59.385],[33.63,59.382],[33.8,59.201],[33.927,59.238],[34.099,59.137],[34.35,59.204],[34.897,59.049],[34.854,59.005],[35.007,58.927],[35.179,58.949],[35.128,58.815],[35.289,58.767],[35.36,58.847],[35.756,58.842],[35.829,58.813],[35.745,58.822],[35.783,58.754],[36.111,58.722],[36.128,58.624],[36.229,58.6],[36.182,58.512],[35.94,58.423],[35.304,58.41],[35.257,58.274],[35.057,58.194],[34.793,58.246],[34.689,58.2],[34.737,58.172],[34.672,58.073],[34.181,58.213],[33.706,58.17],[33.529,58.058],[33.693,57.99],[33.682,57.9],[33.547,57.851],[33.593,57.728],[33.307,57.649],[33.231,57.535],[33.264,57.422],[32.789,57.467],[32.377,57.225],[32.236,57.255],[32.25,57.203],[31.927,57.08],[31.756,57.114],[31.647,57.026],[31.703,56.993],[31.396,56.909],[30.689,56.983]]]}},{"type":"Feature","properties":{"admin_code":"RU-NIZ","name":"Nizhny Novgorod Oblast","name_local":"Нижегородская область"},"geometry":{"type":"MultiPolygon","coordinates":[[[[42.485,55.009],[42.061,54.978],[41.999,55.098],[41.862,55.057],[41.784,55.13],[41.973,55.287],[41.942,55.344],[42.167,55.444],[42.065,55.587],[42.129,55.678],[42.397,55.79],[42.531,55.954],[42.719,55.969],[42.671,56.089],[42.967,56.145],[42.757,56.196],[42.803,56.291],[42.775,56.33],[42.606,56.41],[42.897,56.47],[42.821,56.516],[42.927,56.635],[42.797,56.692],[42.871,56.809],[43.152,56.879],[43.301,56.821],[43.089,57.176],[43.47,57.59],[43.853,57.417],[44.365,57.528],[44.579,57.694],[44.767,57.712],[44.881,57.882],[44.813,58.014],[45.009,58.091],[45.509,58.029],[45.614,57.919],[45.81,58.044],[46.345,58.062],[46.439,58.003],[47.417,58.007],[47.691,57.948],[47.772,57.889],[47.563,57.795],[47.606,57.741],[47.481,57.515],[46.753,57.522],[46.822,57.447],[46.683,57.341],[46.857,57.221],[46.749,57.162],[46.816,57.079],[46.765,56.968],[45.971,56.871],[45.859,56.698],[45.955,56.65],[45.627,56.568],[45.753,56.413],[45.964,56.429],[45.97,56.318],[45.866,56.255],[45.964,56.162],[46.097,56.177],[46.054,56.074],[46.185,56.032],[46.079,55.949],[46.169,55.886],[45.916,55.668],[46.389,55.428],[46.248,55.396],[46.222,55.273],[46.012,55.163],[46.078,55.082],[45.976,55.002],[45.702,55.002],[45.785,55.126],[45.703,55.19],[45.486,55.112],[45.427,54.886],[45.231,54.877],[45.194,54.75],[45.112,54.8],[45.025,54.733],[45.087,54.652],[45.011,54.552],[45.14,54.489],[44.586,54.472],[44.659,54.514],[44.599,54.57],[44.469,54.522],[44.201,54.596],[44.068,54.649],[44.09,54.738],[43.921,54.739],[43.958,54.806],[43.455,54.934],[43.482,54.818],[43.218,54.804],[43.169,54.898],[43.086,54.775],[42.43,54.794],[42.485,55.009]]],[[[42.788,56.285],[42.786,56.285],[42.785,56.287],[42.788,56.285]]]]}},{"type":"Feature","properties":{"admin_code":"RU-NVS","name":"Novosibirsk Oblast","name_local":"Новосибирская область"},"geometry":{"type":"Polygon","coordinates":[[[84.636,54.277],[84.551,54.162],[83.554,54.109],[83.45,53.947],[83.349,53.934],[83.301,54.085],[83.198,54.066],[82.714,53.778],[82.76,53.75],[82.621,53.669],[82.666,53.642],[82.502,53.547],[82.581,53.506],[82.487,53.494],[82.156,53.604],[82.191,53.678],[81.817,53.685],[81.715,53.777],[81.836,53.871],[81.833,53.964],[81.54,53.906],[81.614,54.02],[81.132,54.112],[80.952,54.375],[80.812,54.343],[80.864,54.246],[80.535,54.17],[80.517,54.105],[80.051,54.045],[80.093,53.991],[79.865,53.915],[79.888,53.842],[79.422,53.678],[78.69,53.651],[78.616,53.637],[78.645,53.513],[78.363,53.476],[78.245,53.501],[78.228,53.618],[77.91,53.572],[78.074,53.473],[77.922,53.448],[77.907,53.291],[76.504,54.032],[76.44,54.167],[76.756,54.162],[76.879,54.302],[76.781,54.378],[76.929,54.458],[76.646,54.337],[76.257,54.359],[76.201,54.26],[75.689,54.123],[75.691,54.548],[75.851,54.61],[75.801,54.697],[75.686,54.674],[75.641,54.81],[75.53,54.803],[75.518,54.913],[75.331,54.914],[75.407,54.991],[75.371,55.068],[75.092,55.377],[75.312,55.538],[75.141,55.584],[75.256,55.626],[75.088,55.727],[75.369,55.741],[75.262,55.844],[75.732,56.113],[76.303,56.156],[76.078,56.298],[76.088,56.459],[75.831,56.419],[76.036,56.608],[76.289,56.697],[76.095,57.235],[76.921,57.158],[78.448,57.165],[78.432,57.117],[79.589,56.923],[80.264,56.422],[81.22,56.538],[81.573,56.242],[82.748,56.4],[82.825,56.435],[82.808,56.516],[83.109,56.55],[83.288,56.443],[83.144,56.376],[83.193,56.328],[83.065,56.23],[83.212,56.208],[83.129,56.12],[83.302,56.096],[83.23,56.012],[83.401,55.895],[83.211,55.73],[83.502,55.707],[83.605,55.606],[83.644,55.749],[83.95,56.015],[84.547,56.026],[84.481,55.955],[84.536,55.922],[84.456,55.894],[84.608,55.8],[84.54,55.718],[84.711,55.669],[84.785,55.529],[84.621,55.404],[84.917,55.324],[84.818,55.227],[84.927,55.164],[84.837,54.997],[85.088,54.816],[84.895,54.729],[85.004,54.68],[84.931,54.609],[85.116,54.438],[84.636,54.277]]]}},{"type":"Feature","properties":{"admin_code":"RU-OMS","name":"Omsk Oblast","name_local":"Омская область"},"geometry":{"type":"MultiPolygon","coordinates":[[[[70.795,55.93],[70.702,55.953],[70.745,55.96],[70.795,55.93]]],[[[75.057,58.339],[75.242,58.203],[75.071,58.117],[75.566,57.935],[75.55,57.625],[75.704,57.625],[75.848,57.386],[75.965,57.394],[76.095,57.235],[76.289,56.697],[76.036,56.608],[75.831,56.419],[76.088,56.459],[76.078,56.298],[76.303,56.156],[75.732,56.113],[75.262,55.844],[75.369,55.741],[75.088,55.727],[75.256,55.626],[75.141,55.584],[75.312,55.538],[75.092,55.377],[75.371,55.068],[75.407,54.991],[75.331,54.914],[75.518,54.913],[75.53,54.803],[75.641,54.81],[75.686,54.674],[75.801,54.697],[75.851,54.61],[75.691,54.548],[75.689,54.123],[75.376,54.07],[75.441,53.972],[75.047,53.793],[74.795,53.825],[74.643,53.672],[74.458,53.691],[74.421,53.593],[74.487,53.569],[74.391,53.456],[74.243,53.588],[74.053,53.567],[74.072,53.63],[73.901,53.651],[73.821,53.578],[73.667,53.613],[73.439,53.435],[73.238,53.568],[73.253,53.674],[73.453,53.876],[73.691,53.856],[73.768,54.054],[73.63,54.071],[73.523,53.94],[73.3,53.943],[73.067,53.986],[72.995,54.098],[72.609,54.137],[72.531,54.043],[72.674,54.045],[72.705,53.957],[72.431,53.914],[72.379,54.105],[72.507,54.14],[72.299,54.187],[72.338,54.246],[72.193,54.358],[72.013,54.369],[72.133,54.302],[72.098,54.215],[72.226,54.18],[72.183,54.127],[71.756,54.252],[71.767,54.147],[71.675,54.098],[71.296,54.185],[71.179,54.095],[71.056,54.188],[70.998,54.334],[71.2,54.308],[71.169,54.565],[71.294,54.666],[71.036,54.774],[70.96,54.886],[71.025,55.083],[70.816,55.288],[70.461,55.286],[70.44,55.408],[70.757,55.585],[70.563,55.651],[70.55,55.792],[70.829,55.835],[70.586,55.823],[70.481,55.906],[70.809,55.903],[70.867,55.962],[70.902,56.112],[70.732,56.253],[70.948,56.305],[70.927,56.379],[70.735,56.425],[71.085,56.524],[71.114,56.624],[71.02,56.683],[71.37,56.632],[71.677,56.765],[71.605,56.933],[71.116,57.202],[71.007,57.377],[70.787,57.365],[70.689,57.2],[70.372,57.329],[70.69,57.554],[70.599,57.577],[70.557,57.72],[70.392,57.782],[70.427,57.893],[70.358,57.901],[70.853,58.529],[71.312,58.383],[71.238,58.328],[71.214,58.053],[71.99,58.116],[72.321,58.008],[72.868,58.002],[73.128,58.155],[74.22,58.136],[75.109,58.576],[75.377,58.454],[75.057,58.339]],[[71.194,56.319],[71.193,56.303],[71.258,56.304],[71.194,56.319]],[[71.081,56.322],[71.092,56.332],[71.018,56.356],[71.081,56.322]]],[[[70.822,56.046],[70.806,55.985],[70.74,55.98],[70.822,56.046]]],[[[70.787,56.403],[70.823,56.399],[70.808,56.362],[70.787,56.403]]]]}},{"type":"Feature","properties":{"admin_code":"RU-ORE","name":"Orenburg Oblast","name_local":"Оренбургская область"},"geometry":{"type":"Polygon","coordinates":[[[51.391,52.069],[51.462,52.225],[51.371,52.365],[51.548,52.429],[51.461,52.51],[51.472,52.629],[51.724,52.653],[51.715,52.876],[51.838,52.865],[51.887,52.95],[52.042,52.965],[52.05,53.091],[52.162,53.088],[52.067,53.149],[52.137,53.166],[52.212,53.381],[52.095,53.464],[52.098,53.558],[52.189,53.556],[52.412,53.9],[52.372,53.974],[52.489,54.054],[52.306,54.132],[52.331,54.279],[52.601,54.366],[52.967,54.266],[53.056,54.353],[53.14,54.247],[52.949,54.227],[53.097,54.126],[53.062,54.065],[53.236,54.113],[53.369,53.974],[53.51,54.055],[53.642,53.755],[53.854,53.687],[54.152,53.388],[54.548,53.355],[54.616,53.217],[54.832,53.275],[54.927,53.212],[55.138,52.812],[55.4,52.829],[55.367,52.683],[55.219,52.724],[55.281,52.63],[55.372,52.675],[55.471,52.625],[55.437,52.585],[55.524,52.604],[55.525,52.388],[55.823,52.365],[55.887,52.409],[55.868,52.546],[56.006,52.549],[56.036,52.647],[56.264,52.544],[56.442,52.597],[56.351,52.497],[56.383,52.42],[56.491,52.444],[56.455,52.298],[56.201,52.14],[56.472,52.214],[56.399,52.161],[56.705,52.06],[56.649,51.961],[56.738,51.912],[56.612,51.835],[56.807,51.743],[56.746,51.736],[56.731,51.587],[56.892,51.606],[56.842,51.765],[57.211,51.571],[57.396,51.727],[57.635,51.755],[57.655,51.869],[58.11,51.792],[58.159,51.718],[58.575,51.772],[58.713,52.038],[58.617,52.137],[58.668,52.299],[58.952,52.282],[58.837,52.356],[58.859,52.447],[58.999,52.427],[59.166,52.277],[59.264,52.484],[59.418,52.487],[59.502,52.399],[59.824,52.48],[60.163,52.4],[60.174,52.26],[59.904,52.083],[60.06,51.87],[60.518,51.798],[60.353,51.689],[60.936,51.615],[60.999,51.468],[61.501,51.409],[61.69,51.256],[61.568,51.238],[61.449,50.806],[60.809,50.656],[60.326,50.67],[60.188,50.839],[60.015,50.822],[59.998,50.675],[59.814,50.536],[59.51,50.495],[59.463,50.584],[59.569,50.581],[59.478,50.642],[58.875,50.7],[58.774,50.816],[58.657,50.809],[58.689,50.886],[58.592,50.869],[58.579,50.94],[58.615,51.047],[58.384,51.075],[58.324,51.164],[58.168,51.062],[57.771,51.138],[57.761,50.92],[57.559,50.936],[57.507,50.876],[57.326,50.941],[57.185,51.115],[56.704,51.078],[56.721,50.974],[56.514,51.086],[56.362,50.901],[56.181,50.938],[56.054,50.694],[55.708,50.549],[55.056,50.819],[55.13,50.879],[55.087,50.921],[54.591,51.03],[54.594,50.942],[54.527,50.93],[54.698,50.893],[54.731,50.619],[54.544,50.527],[54.414,50.621],[54.534,50.849],[54.29,50.901],[54.055,51.153],[53.668,51.225],[53.596,51.306],[53.629,51.393],[53.426,51.482],[53.189,51.535],[52.95,51.455],[52.771,51.522],[52.546,51.46],[52.359,51.776],[52.09,51.658],[51.857,51.674],[51.739,51.465],[51.656,51.449],[51.604,51.551],[51.38,51.476],[51.24,51.563],[51.38,51.563],[51.38,51.641],[50.894,51.681],[50.768,51.773],[51.391,52.069]],[[52.304,53.328],[52.314,53.389],[52.247,53.401],[52.223,53.349],[52.304,53.328]]]}},{"type":"Feature","properties":{"admin_code":"RU-ORL","name":"Oryol Oblast","name_local":"Орловская область"},"geometry":{"type":"Polygon","coordinates":[[[36.035,53.559],[36.289,53.553],[36.495,53.388],[36.7,53.395],[36.784,53.296],[37.59,53.279],[37.61,53.099],[37.735,53.127],[37.875,52.991],[37.876,52.886],[37.802,52.853],[37.891,52.74],[37.722,52.595],[38.067,52.33],[38.039,52.245],[37.761,52.163],[37.708,51.97],[37.508,52.016],[37.425,51.935],[37.178,52.042],[37.207,52.083],[36.524,52.22],[36.323,52.382],[35.654,52.247],[35.599,52.441],[35.066,52.321],[34.863,52.371],[34.856,52.454],[34.992,52.507],[35.004,52.66],[35.112,52.698],[34.792,52.866],[34.987,52.968],[35.156,52.957],[35.325,53.079],[35.127,53.139],[35.108,53.257],[35.379,53.334],[35.612,53.539],[35.772,53.506],[35.925,53.652],[36.035,53.559]]]}},{"type":"Feature","properties":{"admin_code":"RU-PER","name":"Perm Krai","name_local":"Пермский край"},"geometry":{"type":"Polygon","coordinates":[[[53.703,58.602],[53.739,58.691],[53.931,58.774],[53.754,58.965],[53.903,59.087],[53.725,59.181],[53.722,59.118],[53.384,59.153],[53.223,59.358],[53.357,59.462],[53.45,59.703],[53.63,59.742],[53.687,60.01],[53.626,60.114],[53.437,60.224],[53.373,60.156],[53.076,60.151],[52.317,60.227],[52.355,60.438],[52.124,60.465],[52.153,60.541],[51.772,60.58],[51.892,60.882],[52.361,60.829],[52.431,60.976],[52.806,60.938],[52.871,61.09],[53.414,61.033],[53.355,60.883],[53.664,60.847],[53.814,60.832],[53.876,60.983],[54.977,60.86],[55.05,61.009],[55.2,60.992],[55.276,61.149],[55.731,61.096],[55.813,61.247],[56.275,61.192],[56.378,61.443],[56.566,61.419],[56.653,61.524],[58.844,61.495],[59.148,61.63],[59.411,61.609],[59.445,61.416],[59.252,61.261],[59.369,60.968],[59.477,60.938],[59.414,60.604],[59.142,60.335],[58.989,59.908],[58.839,59.932],[58.8,59.843],[58.693,59.857],[58.602,59.693],[58.479,59.712],[58.363,59.465],[58.525,59.435],[58.681,59.268],[59.197,59.147],[59.093,59.0],[59.207,58.954],[59.08,58.906],[59.106,58.774],[59.4,58.708],[59.454,58.478],[59.137,58.26],[58.925,58.281],[58.587,58.042],[58.728,57.852],[58.864,57.838],[58.843,57.719],[58.537,57.564],[58.447,57.674],[58.155,57.695],[58.116,57.598],[58.03,57.611],[57.94,57.296],[58.048,57.249],[57.986,57.212],[58.032,57.151],[58.124,57.143],[58.04,57.114],[58.069,57.049],[57.873,57.056],[57.827,56.962],[57.658,56.909],[57.367,56.956],[57.248,56.885],[57.317,56.706],[57.439,56.677],[57.339,56.61],[57.418,56.58],[57.313,56.391],[57.411,56.346],[57.195,56.251],[57.204,56.169],[56.884,56.11],[56.529,56.32],[56.572,56.389],[56.081,56.29],[55.909,56.456],[55.385,56.317],[55.205,56.372],[55.186,56.305],[54.944,56.337],[54.578,56.535],[54.449,56.345],[54.329,56.483],[54.034,56.58],[54.076,56.639],[53.958,56.6],[53.841,56.597],[53.839,56.626],[53.865,56.62],[53.851,56.654],[53.902,56.679],[53.806,56.82],[54.02,56.753],[54.154,56.979],[54.436,57.031],[54.296,57.109],[54.311,57.306],[54.128,57.329],[54.274,57.461],[53.992,57.559],[54.127,57.616],[54.05,57.643],[54.155,57.705],[54.086,57.918],[54.136,57.958],[53.785,58.237],[53.887,58.314],[53.703,58.602]],[[53.843,56.618],[53.957,56.603],[54.096,56.655],[54.014,56.674],[53.981,56.634],[53.865,56.62],[53.843,56.618]],[[52.375,60.788],[52.381,60.8],[52.365,60.809],[52.375,60.788]],[[52.058,60.716],[52.048,60.713],[52.06,60.706],[52.06,60.721],[52.051,60.734],[52.058,60.716]],[[51.986,60.624],[52.001,60.628],[51.993,60.64],[51.986,60.624]]]}},{"type":"Feature","properties":{"admin_code":"RU-PNZ","name":"Penza Oblast","name_local":"Пензенская область"},"geometry":{"type":"MultiPolygon","coordinates":[[[[42.304,53.795],[42.499,53.735],[42.562,53.733],[42.495,53.778],[42.564,53.834],[42.548,53.749],[42.739,53.824],[42.727,53.739],[42.76,53.825],[43.057,53.809],[43.097,53.874],[43.164,53.823],[43.127,53.977],[43.536,54.015],[43.847,53.924],[43.934,53.857],[43.863,53.801],[43.982,53.74],[44.395,53.722],[44.364,53.7],[44.46,53.663],[44.54,53.677],[44.494,53.66],[44.499,53.643],[44.716,53.676],[44.603,53.877],[44.833,53.964],[45.178,53.972],[45.357,53.87],[45.72,53.897],[45.961,54.031],[46.218,53.885],[46.144,53.8],[46.285,53.788],[46.247,53.755],[46.453,53.653],[46.449,53.514],[46.908,53.363],[46.958,53.275],[46.864,53.178],[46.974,53.12],[46.905,53.087],[46.885,52.89],[46.971,52.759],[46.744,52.611],[46.583,52.728],[46.29,52.668],[46.004,52.508],[45.962,52.397],[45.641,52.508],[45.429,52.386],[45.123,52.413],[45.076,52.307],[44.533,52.533],[44.535,52.423],[44.402,52.407],[44.32,52.291],[43.749,52.433],[43.368,52.353],[43.205,52.459],[43.04,52.371],[43.024,52.487],[43.122,52.511],[43.058,52.559],[43.248,52.636],[43.203,52.709],[42.958,52.931],[42.548,53.122],[42.509,53.17],[42.571,53.18],[42.412,53.338],[42.237,53.359],[42.32,53.43],[42.256,53.485],[42.11,53.515],[42.144,53.712],[42.082,53.748],[42.138,53.822],[42.353,53.845],[42.304,53.795]]],[[[44.474,53.676],[44.469,53.675],[44.464,53.691],[44.474,53.676]]]]}},{"type":"Feature","properties":{"admin_code":"RU-PRI","name":"Primorsky Krai","name_local":"Приморский край"},"geometry":{"type":"MultiPolygon","coordinates":[[[[130.914,42.473],[130.936,42.471],[130.908,42.458],[130.914,42.473]]],[[[131.461,42.643],[131.436,42.644],[131.462,42.675],[131.461,42.643]]],[[[131.517,42.726],[131.524,42.719],[131.51,42.72],[131.517,42.726]]],[[[131.455,42.804],[131.44,42.799],[131.441,42.809],[131.455,42.804]]],[[[131.453,42.837],[131.459,42.834],[131.437,42.828],[131.453,42.837]]],[[[131.654,42.86],[131.639,42.863],[131.671,42.893],[131.654,42.86]]],[[[131.733,42.924],[131.746,42.904],[131.723,42.898],[131.733,42.924]]],[[[131.707,42.978],[131.733,42.994],[131.762,42.962],[131.707,42.978]]],[[[131.772,43.33],[131.77,43.314],[131.762,43.329],[131.776,43.334],[131.776,43.317],[131.772,43.33]]],[[[132.349,42.782],[132.371,42.732],[132.34,42.729],[132.349,42.782]]],[[[132.392,42.86],[132.427,42.905],[132.478,42.803],[132.392,42.86]]],[[[131.831,42.953],[131.849,42.945],[131.84,42.935],[131.831,42.953]]],[[[131.797,42.963],[131.805,42.977],[131.767,42.976],[131.745,42.987],[131.806,43.062],[131.937,43.021],[131.797,42.963]]],[[[131.841,43.067],[131.844,43.062],[131.827,43.058],[131.841,43.067]]],[[[131.779,43.318],[131.778,43.355],[131.799,43.343],[131.779,43.318]]],[[[132.428,44.542],[132.407,44.542],[132.423,44.563],[132.428,44.542]]],[[[134.433,46.697],[134.432,46.967],[134.549,46.965],[134.662,47.124],[134.997,47.129],[135.089,47.214],[135.43,47.05],[135.362,46.921],[135.736,46.968],[135.705,46.917],[135.949,46.797],[136.063,46.87],[136.234,46.775],[136.619,46.795],[136.978,47.025],[136.925,47.079],[137.047,47.289],[137.465,47.209],[138.078,47.512],[137.972,47.616],[138.056,47.696],[137.413,47.806],[137.606,47.923],[137.308,48.104],[137.592,48.245],[137.883,48.211],[138.308,48.465],[138.474,48.414],[138.522,48.214],[138.703,48.21],[138.724,48.141],[138.577,48.032],[138.832,47.867],[138.775,47.77],[138.507,47.677],[138.631,47.603],[138.537,47.482],[139.033,47.396],[138.572,47.044],[138.348,46.692],[138.343,46.54],[138.18,46.453],[138.104,46.24],[137.688,45.81],[136.802,45.199],[136.45,44.772],[136.304,44.749],[136.149,44.497],[135.878,44.411],[135.648,44.176],[135.632,44.035],[135.526,44.005],[135.52,43.921],[135.453,43.948],[135.459,43.878],[135.527,43.897],[135.436,43.765],[135.221,43.72],[135.141,43.505],[134.187,43.072],[133.923,42.867],[133.866,42.908],[133.725,42.807],[133.61,42.858],[133.04,42.672],[133.0,42.716],[133.097,42.748],[133.005,42.841],[132.9,42.83],[132.912,42.787],[132.873,42.739],[132.849,42.734],[132.763,42.91],[132.57,42.838],[132.405,42.948],[132.318,42.843],[132.284,43.071],[132.39,43.189],[132.306,43.228],[132.333,43.31],[131.963,43.058],[131.843,43.073],[132.072,43.313],[131.968,43.258],[131.789,43.363],[131.755,43.347],[131.761,43.234],[131.695,43.204],[131.778,43.18],[131.685,43.202],[131.572,42.999],[131.376,42.943],[131.384,42.868],[131.471,42.884],[131.47,42.878],[131.363,42.764],[131.259,42.772],[131.218,42.554],[131.113,42.671],[130.922,42.592],[130.808,42.634],[130.924,42.612],[130.946,42.655],[130.78,42.657],[130.834,42.674],[130.841,42.706],[130.652,42.658],[130.739,42.627],[130.674,42.59],[130.685,42.559],[130.794,42.634],[130.871,42.528],[130.665,42.316],[130.553,42.519],[130.616,42.629],[130.395,42.726],[131.138,42.934],[131.096,43.021],[131.311,43.395],[131.187,43.558],[131.236,43.985],[131.303,44.044],[131.104,44.708],[130.961,44.853],[131.143,44.945],[131.485,44.966],[131.68,45.116],[131.674,45.22],[131.786,45.21],[131.91,45.338],[132.058,45.112],[131.996,45.05],[132.131,44.968],[132.141,44.877],[132.037,44.813],[132.08,44.704],[132.24,44.666],[132.31,44.626],[132.218,44.638],[132.32,44.539],[132.446,44.529],[132.532,44.554],[132.395,44.581],[132.605,44.677],[132.648,44.855],[132.847,45.058],[132.952,45.015],[133.133,45.126],[133.134,45.427],[133.469,45.619],[133.462,45.836],[133.668,45.941],[133.736,46.054],[133.688,46.156],[133.911,46.263],[133.862,46.344],[133.94,46.4],[133.842,46.472],[133.913,46.596],[134.433,46.697]]]]}},{"type":"Feature","properties":{"admin_code":"RU-PSK","name":"Pskov Oblast","name_local":"Псковская область"},"geometry":{"type":"Polygon","coordinates":[[[28.1,59.0],[28.3,58.824],[28.436,58.881],[29.034,58.833],[29.036,58.725],[29.278,58.701],[29.255,58.6],[29.403,58.592],[29.318,58.576],[29.327,58.56],[29.423,58.59],[29.778,58.417],[29.923,58.441],[29.917,58.311],[29.619,58.252],[29.705,58.167],[29.629,58.1],[29.987,58.049],[29.877,57.997],[29.874,57.947],[30.543,57.864],[30.417,57.782],[30.495,57.772],[30.452,57.688],[30.681,57.644],[30.463,57.522],[30.53,57.502],[30.415,57.387],[30.746,57.263],[30.63,57.174],[30.689,56.983],[30.985,56.964],[30.877,56.806],[30.728,56.781],[30.888,56.645],[31.059,56.655],[30.987,56.486],[31.213,56.427],[31.231,56.339],[31.518,56.306],[31.449,56.133],[31.508,56.05],[31.35,55.945],[31.489,55.707],[31.038,55.761],[31.061,55.699],[30.78,55.588],[30.512,55.799],[30.166,55.879],[29.895,55.863],[29.515,55.702],[29.359,55.768],[29.395,55.903],[29.48,55.918],[29.423,55.969],[29.088,56.034],[28.734,55.967],[28.636,56.074],[28.681,56.105],[28.321,56.058],[28.157,56.143],[28.241,56.279],[28.095,56.517],[28.144,56.572],[27.899,56.752],[27.969,56.836],[27.659,56.834],[27.77,57.005],[27.715,57.098],[27.818,57.143],[27.867,57.297],[27.517,57.427],[27.556,57.538],[27.352,57.518],[27.317,57.58],[27.411,57.7],[27.526,57.709],[27.55,57.834],[27.818,57.866],[27.679,57.924],[27.699,57.999],[27.491,58.225],[27.553,58.366],[27.357,58.787],[27.738,58.978],[28.1,59.0]]]}},{"type":"Feature","properties":{"admin_code":"RU-ROS","name":"Rostov Oblast","name_local":"Ростовская область"},"geometry":{"type":"Polygon","coordinates":[[[41.617,49.96],[41.878,49.907],[42.174,49.694],[42.028,49.359],[42.102,49.317],[42.047,49.213],[42.099,49.195],[42.021,49.134],[42.34,49.139],[42.388,49.009],[42.652,48.954],[42.748,48.823],[42.658,48.701],[42.704,48.587],[42.086,48.416],[42.181,48.277],[42.063,48.266],[42.129,48.141],[42.018,48.024],[42.525,48.019],[42.72,47.876],[42.925,47.507],[43.164,47.554],[43.152,47.468],[43.251,47.447],[43.711,47.474],[43.793,47.268],[43.94,47.259],[43.964,47.4],[44.133,47.414],[44.135,47.545],[44.312,47.478],[44.266,46.909],[43.912,46.714],[43.813,46.572],[43.931,46.535],[43.959,46.319],[43.859,46.27],[43.89,46.314],[43.739,46.408],[43.63,46.175],[43.339,46.167],[42.932,46.447],[42.68,46.368],[42.397,46.511],[42.05,46.546],[42.17,46.298],[41.962,46.298],[41.911,46.203],[41.963,46.176],[41.863,46.144],[41.637,46.187],[41.714,45.982],[41.161,45.952],[41.065,46.12],[40.979,46.113],[40.99,46.298],[40.744,46.229],[40.744,46.286],[40.272,46.314],[40.221,46.538],[40.064,46.534],[40.146,46.734],[40.063,46.772],[39.263,46.794],[39.202,46.61],[38.902,46.635],[38.902,46.56],[38.868,46.57],[38.933,46.841],[38.686,46.871],[39.103,47.043],[39.294,47.021],[39.198,47.284],[38.955,47.269],[38.864,47.173],[38.572,47.115],[38.482,47.14],[38.606,47.244],[38.828,47.276],[38.655,47.262],[38.597,47.246],[38.528,47.213],[38.476,47.144],[38.23,47.119],[38.233,47.229],[38.334,47.269],[38.221,47.305],[38.311,47.576],[38.773,47.686],[38.843,47.865],[39.795,47.87],[39.776,48.04],[39.883,48.042],[39.834,48.067],[40.021,48.254],[39.99,48.317],[39.841,48.31],[39.947,48.355],[39.85,48.568],[39.661,48.609],[39.8,48.843],[39.976,48.793],[40.08,48.87],[39.827,48.886],[39.672,49.04],[39.938,49.056],[40.221,49.25],[40.029,49.454],[40.161,49.643],[40.536,49.578],[40.637,49.673],[40.921,49.7],[41.084,49.945],[41.384,50.081],[41.289,50.163],[41.401,50.203],[41.617,49.96]]]}},{"type":"Feature","properties":{"admin_code":"RU-RYA","name":"Ryazan Oblast","name_local":"Рязанская область"},"geometry":{"type":"MultiPolygon","coordinates":[[[[42.415,54.703],[42.604,54.7],[42.691,54.581],[42.607,54.561],[42.631,54.493],[42.55,54.485],[42.629,54.376],[42.301,54.226],[42.164,54.258],[42.242,54.163],[42.435,54.257],[42.65,54.166],[42.688,54.128],[42.262,54.088],[42.445,53.996],[42.351,53.854],[41.4,53.784],[41.354,53.525],[41.145,53.417],[40.958,53.5],[40.84,53.458],[40.701,53.556],[40.471,53.445],[40.422,53.496],[40.37,53.34],[40.301,53.382],[40.171,53.309],[39.758,53.587],[39.555,53.528],[39.537,53.417],[39.193,53.391],[39.054,53.579],[38.879,53.621],[38.952,53.73],[38.79,53.827],[38.855,53.848],[38.798,53.91],[38.89,53.931],[38.774,54.034],[38.722,53.993],[38.683,54.089],[38.782,54.143],[38.687,54.186],[38.705,54.343],[38.941,54.408],[38.779,54.478],[38.843,54.622],[39.247,54.646],[39.232,54.719],[39.371,54.747],[39.318,54.757],[39.518,54.984],[39.804,55.005],[39.863,55.111],[39.715,55.13],[40.155,55.264],[40.191,55.365],[40.364,55.35],[40.358,55.29],[40.568,55.356],[40.527,55.302],[40.6,55.2],[40.979,55.274],[41.08,55.171],[41.294,55.234],[41.426,55.137],[41.772,55.134],[41.862,55.057],[41.992,55.1],[42.061,54.978],[42.445,55.026],[42.494,54.908],[42.407,54.842],[42.415,54.703]],[[42.61,54.527],[42.619,54.524],[42.609,54.537],[42.61,54.527]]],[[[42.655,54.557],[42.658,54.553],[42.637,54.556],[42.655,54.557]]],[[[42.504,54.771],[42.51,54.751],[42.455,54.75],[42.504,54.771]]]]}},{"type":"Feature","properties":{"admin_code":"RU-SA","name":"Sakha (Yakutia)","name_local":"Республика Саха (Якутия)"},"geometry":{"type":"MultiPolygon","coordinates":[[[[122.519,72.881],[122.64,72.847],[122.609,72.847],[122.467,72.867],[122.519,72.881]]],[[[122.957,72.906],[122.976,72.887],[122.867,72.898],[122.957,72.906]]],[[[122.695,72.924],[122.647,72.961],[122.873,72.903],[122.695,72.924]]],[[[122.565,72.947],[122.58,72.936],[122.468,72.959],[122.565,72.947]]],[[[122.654,72.93],[122.499,72.964],[122.572,72.976],[122.654,72.93]]],[[[122.98,72.95],[122.932,72.958],[122.963,72.964],[123.05,72.958],[122.98,72.95]]],[[[123.066,72.984],[122.976,72.982],[122.994,72.997],[123.066,72.984]]],[[[122.944,72.985],[122.929,72.995],[122.963,72.999],[122.944,72.985]]],[[[120.277,73.007],[120.197,73.004],[120.14,73.012],[120.277,73.007]]],[[[122.438,73.012],[122.46,73.019],[122.466,73.026],[122.471,73.025],[122.468,73.039],[122.53,73.029],[122.448,72.986],[122.426,73.008],[122.438,73.012]]],[[[122.194,73.028],[122.224,73.011],[122.139,73.03],[122.194,73.028]]],[[[120.485,73.027],[120.41,73.023],[120.484,73.032],[120.485,73.027]]],[[[120.295,73.031],[120.214,73.02],[120.253,73.029],[120.271,73.04],[120.295,73.031]]],[[[120.186,73.016],[120.013,73.025],[120.061,73.028],[120.16,73.05],[120.244,73.056],[120.186,73.016]]],[[[122.645,73.045],[122.666,73.049],[122.732,73.039],[122.645,73.045]]],[[[120.432,73.047],[120.451,73.046],[120.391,73.03],[120.332,73.034],[120.432,73.047]]],[[[122.401,73.011],[122.422,73.031],[122.312,73.063],[122.448,73.032],[122.401,73.011]]],[[[119.611,73.024],[119.527,73.049],[119.563,73.061],[119.611,73.024]]],[[[122.871,73.051],[122.895,73.046],[122.892,73.039],[122.871,73.051]]],[[[122.325,73.055],[122.355,73.038],[122.291,73.05],[122.325,73.055]]],[[[119.718,73.04],[119.696,73.062],[119.696,73.07],[119.769,73.069],[119.718,73.04]]],[[[119.696,73.076],[119.686,73.066],[119.73,73.015],[119.609,73.099],[119.696,73.076]]],[[[122.512,73.063],[122.524,73.06],[122.469,73.058],[122.512,73.063]]],[[[119.971,73.088],[119.971,73.059],[119.832,73.041],[119.971,73.088]]],[[[122.864,73.061],[122.76,73.052],[122.728,73.071],[122.864,73.061]]],[[[122.548,73.075],[122.553,73.07],[122.525,73.06],[122.508,73.069],[122.548,73.075]]],[[[120.393,73.06],[120.334,73.051],[120.371,73.092],[120.393,73.06]]],[[[122.683,73.084],[122.7,73.076],[122.632,73.076],[122.683,73.084]]],[[[119.981,73.05],[119.982,73.075],[119.99,73.077],[120.039,73.081],[120.054,73.084],[120.078,73.102],[120.354,73.093],[119.981,73.05]]],[[[119.871,73.07],[119.797,73.05],[119.927,73.108],[119.871,73.07]]],[[[119.525,73.101],[119.594,73.074],[119.499,73.07],[119.436,73.086],[119.525,73.101]]],[[[120.051,73.085],[119.984,73.078],[120.014,73.092],[120.051,73.085]]],[[[119.553,73.097],[119.551,73.104],[119.593,73.093],[119.553,73.097]]],[[[120.033,73.111],[119.971,73.089],[119.937,73.092],[119.94,73.096],[119.989,73.101],[120.033,73.111]]],[[[119.284,73.097],[119.27,73.109],[119.325,73.115],[119.284,73.097]]],[[[119.404,73.113],[119.352,73.099],[119.326,73.117],[119.404,73.113]]],[[[119.759,73.086],[119.671,73.106],[119.747,73.135],[119.728,73.121],[119.731,73.116],[119.748,73.108],[119.759,73.086]]],[[[119.774,73.135],[119.783,73.12],[119.832,73.099],[119.815,73.073],[119.734,73.118],[119.782,73.156],[119.774,73.135]]],[[[120.163,73.127],[120.133,73.113],[120.073,73.107],[120.163,73.127]]],[[[120.154,73.112],[120.154,73.111],[120.125,73.109],[120.254,73.128],[120.154,73.112]]],[[[119.873,73.128],[119.836,73.085],[119.834,73.117],[119.804,73.132],[119.873,73.128]]],[[[119.776,73.135],[119.833,73.116],[119.827,73.104],[119.776,73.135]]],[[[120.037,73.146],[120.026,73.134],[120.053,73.118],[119.941,73.097],[120.037,73.146]]],[[[119.923,73.147],[119.876,73.159],[119.931,73.158],[119.957,73.125],[119.923,73.147]]],[[[120.168,73.146],[120.194,73.137],[120.091,73.123],[120.168,73.146]]],[[[120.09,73.125],[120.032,73.134],[120.051,73.151],[120.09,73.125]]],[[[119.581,73.145],[119.588,73.139],[119.585,73.136],[119.575,73.136],[119.565,73.145],[119.581,73.145]]],[[[119.693,73.157],[119.74,73.158],[119.693,73.135],[119.693,73.157]]],[[[119.667,73.154],[119.682,73.142],[119.655,73.135],[119.667,73.154]]],[[[120.108,73.181],[120.123,73.178],[120.013,73.189],[120.108,73.181]]],[[[123.329,73.275],[123.357,73.21],[123.275,73.33],[123.329,73.275]]],[[[118.768,73.362],[118.824,73.359],[118.657,73.33],[118.768,73.362]]],[[[113.707,73.367],[113.798,73.34],[113.731,73.348],[113.707,73.367]]],[[[123.248,73.359],[123.227,73.403],[123.247,73.399],[123.248,73.359]]],[[[118.728,73.375],[118.674,73.403],[118.724,73.423],[118.783,73.397],[118.728,73.375]]],[[[118.799,73.43],[118.711,73.45],[118.741,73.461],[118.77,73.455],[118.781,73.455],[118.817,73.463],[118.857,73.44],[118.799,73.43]]],[[[123.162,73.509],[123.177,73.537],[123.196,73.541],[123.186,73.453],[123.162,73.509]]],[[[123.281,73.56],[123.22,73.574],[123.329,73.571],[123.281,73.56]]],[[[123.201,73.593],[123.212,73.591],[123.194,73.55],[123.201,73.593]]],[[[123.34,73.596],[123.288,73.603],[123.359,73.616],[123.413,73.61],[123.34,73.596]]],[[[115.005,73.637],[115.059,73.645],[115.054,73.634],[115.005,73.637]]],[[[115.068,73.654],[115.228,73.68],[115.158,73.642],[115.068,73.654]]],[[[123.244,73.615],[123.217,73.61],[123.288,73.694],[123.323,73.71],[123.369,73.715],[123.244,73.615]]],[[[123.369,73.654],[123.402,73.674],[123.441,73.678],[123.369,73.654]]],[[[123.79,73.65],[123.765,73.67],[123.781,73.683],[123.79,73.65]]],[[[123.473,73.687],[123.497,73.692],[123.515,73.685],[123.473,73.687]]],[[[123.668,73.731],[123.609,73.734],[123.646,73.74],[123.668,73.731]]],[[[123.813,73.831],[123.743,73.821],[123.765,73.835],[123.813,73.831]]],[[[123.173,73.978],[123.175,73.968],[123.156,73.97],[123.167,73.979],[123.196,73.987],[123.216,73.989],[123.241,73.986],[123.173,73.978]]],[[[111.113,74.277],[111.085,74.312],[111.196,74.314],[111.113,74.277]]],[[[113.467,74.388],[113.463,74.375],[113.418,74.399],[113.36,74.393],[113.43,74.378],[113.403,74.325],[113.215,74.302],[113.314,74.289],[113.223,74.215],[112.834,74.079],[111.511,74.297],[111.63,74.363],[112.055,74.362],[112.11,74.426],[112.02,74.446],[112.01,74.545],[113.025,74.509],[113.467,74.388]]],[[[115.974,74.33],[116.062,74.369],[116.134,74.36],[116.177,74.335],[115.974,74.33]]],[[[112.963,74.636],[112.903,74.626],[112.883,74.624],[112.963,74.636]]],[[[127.757,72.367],[127.733,72.393],[127.771,72.386],[127.757,72.367]]],[[[127.728,72.361],[127.567,72.409],[127.632,72.414],[127.728,72.361]]],[[[127.551,72.381],[127.569,72.368],[127.359,72.401],[127.551,72.381]]],[[[127.919,72.357],[127.643,72.426],[127.69,72.431],[127.919,72.357]]],[[[127.816,72.412],[127.807,72.421],[127.852,72.406],[127.816,72.412]]],[[[127.034,72.432],[126.991,72.449],[127.115,72.458],[127.236,72.437],[127.034,72.432]]],[[[127.53,72.464],[127.55,72.484],[127.683,72.494],[127.53,72.464]]],[[[126.863,72.467],[127.061,72.462],[127.012,72.458],[127.018,72.455],[126.992,72.45],[126.991,72.449],[126.988,72.444],[127.009,72.434],[127.101,72.424],[126.686,72.463],[126.719,72.499],[126.979,72.539],[126.895,72.494],[127.277,72.513],[126.863,72.467]]],[[[127.378,72.507],[127.454,72.471],[127.348,72.486],[127.436,72.468],[127.503,72.47],[127.512,72.473],[127.521,72.478],[127.52,72.48],[127.534,72.478],[127.513,72.465],[127.304,72.44],[127.145,72.474],[127.378,72.507]]],[[[127.447,72.476],[127.421,72.497],[127.475,72.499],[127.447,72.476]]],[[[127.521,72.52],[127.599,72.497],[127.519,72.483],[127.521,72.52]]],[[[127.792,72.497],[127.72,72.494],[127.741,72.533],[127.792,72.497]]],[[[127.468,72.503],[127.385,72.508],[127.424,72.525],[127.468,72.503]]],[[[127.51,72.528],[127.51,72.542],[127.628,72.517],[127.51,72.528]]],[[[127.641,72.542],[127.809,72.549],[127.741,72.533],[127.716,72.527],[127.641,72.542]]],[[[127.497,72.528],[127.44,72.534],[127.471,72.547],[127.497,72.528]]],[[[127.503,72.576],[127.328,72.52],[127.045,72.525],[127.185,72.562],[127.217,72.548],[127.291,72.543],[127.312,72.544],[127.329,72.558],[127.342,72.561],[127.376,72.562],[127.401,72.565],[127.402,72.566],[127.419,72.577],[127.503,72.576]]],[[[127.421,72.579],[127.402,72.566],[127.342,72.561],[127.333,72.561],[127.329,72.558],[127.3,72.544],[127.19,72.573],[127.357,72.569],[127.421,72.579]]],[[[127.588,72.532],[127.643,72.566],[127.474,72.548],[127.617,72.6],[127.716,72.573],[127.588,72.532]]],[[[127.044,72.561],[127.016,72.562],[127.156,72.584],[127.044,72.561]]],[[[127.942,72.588],[127.723,72.566],[127.752,72.588],[127.843,72.588],[127.942,72.588]]],[[[127.391,72.584],[127.343,72.571],[127.335,72.584],[127.566,72.594],[127.391,72.584]]],[[[127.179,72.595],[127.105,72.589],[127.203,72.605],[127.179,72.595]]],[[[127.619,72.604],[127.522,72.598],[127.579,72.609],[127.619,72.604]]],[[[127.501,72.606],[127.558,72.61],[127.522,72.601],[127.501,72.606]]],[[[127.382,72.616],[127.357,72.607],[127.316,72.604],[127.382,72.616]]],[[[127.925,72.623],[127.711,72.602],[127.792,72.633],[127.925,72.623]]],[[[127.593,72.619],[127.541,72.614],[127.564,72.627],[127.593,72.619]]],[[[127.32,72.636],[127.361,72.627],[127.344,72.622],[127.266,72.609],[127.32,72.636]]],[[[127.244,72.615],[127.183,72.618],[127.224,72.624],[127.25,72.638],[127.244,72.615]]],[[[127.711,72.62],[127.672,72.626],[127.748,72.635],[127.711,72.62]]],[[[127.635,72.653],[127.654,72.663],[127.701,72.654],[127.545,72.641],[127.635,72.653]]],[[[127.33,72.639],[127.432,72.672],[127.381,72.653],[127.33,72.639]]],[[[127.53,72.639],[127.375,72.635],[127.459,72.687],[127.646,72.662],[127.53,72.639]]],[[[127.869,72.655],[127.767,72.659],[127.819,72.665],[127.869,72.655]]],[[[127.709,72.654],[127.639,72.67],[127.825,72.694],[127.709,72.654]]],[[[127.467,72.69],[127.403,72.683],[127.424,72.694],[127.467,72.69]]],[[[127.808,72.743],[127.854,72.75],[127.822,72.734],[127.808,72.743]]],[[[126.366,73.368],[126.349,73.351],[126.333,73.37],[126.366,73.368]]],[[[126.416,73.382],[126.389,73.395],[126.439,73.4],[126.416,73.382]]],[[[127.929,73.413],[127.752,73.38],[127.791,73.398],[127.929,73.413]]],[[[126.449,73.408],[126.476,73.407],[126.47,73.392],[126.449,73.408]]],[[[126.699,73.379],[126.545,73.383],[126.543,73.413],[126.699,73.379]]],[[[126.977,73.418],[126.96,73.422],[126.987,73.446],[126.977,73.418]]],[[[126.522,73.437],[126.6,73.44],[126.565,73.429],[126.522,73.437]]],[[[126.875,73.434],[126.849,73.43],[126.847,73.448],[126.875,73.434]]],[[[126.924,73.452],[126.941,73.439],[126.889,73.435],[126.924,73.452]]],[[[126.639,73.444],[126.695,73.456],[126.667,73.44],[126.639,73.444]]],[[[127.546,73.447],[127.534,73.455],[127.496,73.467],[127.553,73.451],[127.546,73.447]]],[[[127.435,73.474],[127.434,73.469],[127.366,73.449],[127.435,73.474]]],[[[125.722,73.476],[125.696,73.485],[125.756,73.49],[125.722,73.476]]],[[[127.864,73.502],[127.61,73.501],[127.662,73.526],[127.864,73.502]]],[[[126.98,73.497],[126.899,73.502],[126.954,73.514],[126.98,73.497]]],[[[127.468,73.515],[127.525,73.518],[127.523,73.5],[127.468,73.515]]],[[[127.591,73.513],[127.58,73.521],[127.603,73.524],[127.627,73.521],[127.591,73.513]]],[[[127.543,73.501],[127.557,73.52],[127.577,73.514],[127.591,73.513],[127.543,73.501]]],[[[125.602,73.578],[125.625,73.565],[125.592,73.56],[125.602,73.578]]],[[[125.842,73.652],[125.883,73.651],[125.918,73.638],[125.753,73.529],[125.878,73.515],[125.857,73.489],[125.668,73.549],[125.842,73.652]]],[[[125.302,73.581],[125.299,73.607],[125.329,73.607],[125.302,73.581]]],[[[125.723,73.65],[125.733,73.648],[125.668,73.617],[125.723,73.65]]],[[[123.857,73.646],[123.852,73.716],[123.911,73.681],[123.874,73.633],[123.741,73.606],[123.857,73.646]]],[[[123.897,73.694],[123.89,73.705],[123.925,73.706],[123.897,73.694]]],[[[123.961,73.644],[123.976,73.749],[123.891,73.741],[123.96,73.776],[124.031,73.708],[124.11,73.727],[123.961,73.644]]],[[[124.791,73.709],[124.775,73.714],[124.789,73.726],[124.791,73.709]]],[[[123.73,73.754],[123.843,73.768],[123.884,73.758],[123.73,73.754]]],[[[124.233,73.761],[124.235,73.739],[124.185,73.738],[124.233,73.761]]],[[[124.588,73.743],[124.542,73.748],[124.577,73.759],[124.588,73.743]]],[[[124.278,73.754],[124.275,73.778],[124.301,73.768],[124.278,73.754]]],[[[124.007,73.749],[123.981,73.795],[124.064,73.806],[124.106,73.779],[124.007,73.749]]],[[[124.27,73.848],[124.255,73.854],[124.273,73.871],[124.27,73.848]]],[[[124.784,73.853],[124.752,73.854],[124.835,73.887],[124.784,73.853]]],[[[124.743,73.926],[124.804,73.908],[124.538,73.819],[124.307,73.863],[124.743,73.926]]],[[[124.894,73.906],[124.952,73.892],[124.908,73.882],[124.894,73.906]]],[[[124.404,73.905],[124.542,73.926],[124.757,73.928],[124.404,73.905]]],[[[128.557,72.114],[128.591,72.099],[128.529,72.103],[128.557,72.114]]],[[[128.436,72.162],[128.399,72.175],[128.485,72.177],[128.436,72.162]]],[[[128.454,72.195],[128.51,72.189],[128.48,72.188],[128.454,72.195]]],[[[128.534,72.194],[128.514,72.206],[128.54,72.206],[128.534,72.194]]],[[[128.339,72.236],[128.366,72.211],[128.291,72.229],[128.339,72.236]]],[[[128.394,72.212],[128.351,72.228],[128.42,72.245],[128.529,72.209],[128.394,72.212]]],[[[128.396,72.253],[128.38,72.273],[128.428,72.282],[128.433,72.282],[128.484,72.269],[128.496,72.256],[128.548,72.242],[128.396,72.253]]],[[[128.626,72.265],[128.675,72.267],[128.592,72.245],[128.453,72.278],[128.626,72.265]]],[[[128.695,72.284],[128.437,72.286],[128.562,72.3],[128.695,72.284]]],[[[128.414,72.3],[128.428,72.282],[128.375,72.298],[128.414,72.3]]],[[[128.143,72.265],[127.926,72.37],[128.381,72.284],[128.143,72.265]]],[[[128.366,72.375],[128.772,72.305],[128.723,72.297],[128.692,72.287],[128.657,72.31],[128.612,72.3],[128.551,72.302],[128.442,72.288],[128.407,72.305],[128.185,72.33],[128.068,72.367],[128.366,72.375]]],[[[128.632,72.361],[128.646,72.361],[128.66,72.365],[128.676,72.364],[128.675,72.365],[128.654,72.366],[128.632,72.362],[128.543,72.381],[128.616,72.376],[128.713,72.377],[128.77,72.384],[128.786,72.374],[128.723,72.361],[128.679,72.363],[128.688,72.358],[128.632,72.361]]],[[[128.4,72.372],[128.398,72.374],[128.422,72.383],[128.425,72.389],[128.422,72.39],[128.389,72.393],[128.388,72.395],[128.536,72.381],[128.543,72.368],[128.632,72.361],[128.4,72.372]]],[[[128.043,72.38],[128.057,72.377],[128.001,72.375],[128.043,72.38]]],[[[127.936,72.38],[127.905,72.392],[128.014,72.386],[127.936,72.38]]],[[[128.145,72.393],[128.422,72.386],[128.398,72.374],[128.145,72.393]]],[[[128.893,72.427],[128.973,72.459],[128.976,72.456],[128.992,72.449],[128.987,72.443],[128.99,72.432],[129.036,72.384],[128.594,72.409],[128.307,72.395],[128.253,72.424],[128.034,72.388],[127.626,72.465],[128.06,72.526],[128.893,72.427]]],[[[128.392,72.539],[128.373,72.545],[128.538,72.523],[128.392,72.539]]],[[[128.233,72.554],[127.771,72.535],[127.867,72.559],[127.906,72.584],[127.982,72.573],[128.233,72.554]]],[[[128.42,72.59],[128.458,72.563],[128.357,72.549],[128.286,72.576],[128.334,72.573],[128.42,72.59]]],[[[128.173,72.579],[128.152,72.576],[128.133,72.582],[128.173,72.579]]],[[[128.475,72.56],[128.422,72.593],[128.395,72.593],[128.407,72.602],[128.429,72.606],[128.505,72.594],[128.564,72.626],[128.677,72.594],[128.66,72.582],[128.667,72.573],[128.693,72.568],[128.658,72.566],[128.616,72.575],[128.6,72.574],[128.475,72.56]]],[[[127.959,72.613],[128.058,72.604],[128.015,72.583],[127.959,72.613]]],[[[128.153,72.603],[128.176,72.596],[128.136,72.596],[128.08,72.607],[128.153,72.603]]],[[[128.309,72.63],[128.393,72.605],[128.34,72.578],[128.303,72.579],[128.119,72.631],[128.309,72.63]]],[[[127.943,72.618],[127.953,72.604],[127.895,72.601],[127.943,72.618]]],[[[128.544,72.629],[128.312,72.631],[128.351,72.638],[128.544,72.629]]],[[[128.051,72.623],[128.015,72.638],[128.107,72.635],[128.051,72.623]]],[[[128.229,72.64],[128.195,72.646],[128.326,72.647],[128.229,72.64]]],[[[128.466,72.673],[128.492,72.665],[128.464,72.663],[128.466,72.673]]],[[[128.532,72.662],[128.516,72.663],[128.564,72.68],[128.532,72.662]]],[[[128.321,72.695],[128.319,72.705],[128.353,72.697],[128.323,72.689],[128.321,72.695]]],[[[128.321,72.695],[127.874,72.66],[127.956,72.691],[128.025,72.692],[128.321,72.695]]],[[[128.364,72.711],[128.391,72.699],[128.424,72.697],[128.496,72.675],[128.46,72.675],[128.398,72.655],[128.32,72.651],[128.357,72.686],[128.356,72.698],[128.331,72.71],[128.364,72.711]]],[[[128.611,72.683],[128.51,72.681],[128.513,72.692],[128.611,72.683]]],[[[128.507,72.676],[128.375,72.712],[128.471,72.708],[128.507,72.676]]],[[[128.061,72.701],[127.926,72.693],[127.813,72.667],[127.865,72.725],[127.961,72.734],[128.026,72.714],[128.122,72.72],[128.061,72.701]]],[[[127.982,72.733],[127.9,72.747],[128.063,72.721],[127.982,72.733]]],[[[128.302,72.733],[128.29,72.734],[128.339,72.747],[128.302,72.733]]],[[[127.904,72.742],[127.937,72.734],[127.859,72.728],[127.904,72.742]]],[[[128.07,72.725],[128.034,72.743],[128.293,72.747],[128.07,72.725]]],[[[128.302,72.733],[128.501,72.78],[128.782,72.743],[128.714,72.745],[128.787,72.741],[128.842,72.731],[128.789,72.736],[128.78,72.737],[128.636,72.722],[128.527,72.742],[128.538,72.747],[128.646,72.74],[128.624,72.744],[128.538,72.748],[128.218,72.717],[128.268,72.725],[128.302,72.733]],[[128.665,72.747],[128.662,72.746],[128.667,72.742],[128.651,72.743],[128.647,72.74],[128.714,72.745],[128.665,72.747]]],[[[128.139,72.764],[128.085,72.746],[127.981,72.764],[128.139,72.764]]],[[[128.265,72.754],[128.27,72.76],[128.351,72.768],[128.386,72.774],[128.436,72.784],[128.492,72.784],[128.265,72.754]]],[[[128.397,72.78],[128.397,72.778],[128.345,72.778],[128.397,72.78]]],[[[128.317,72.797],[128.338,72.781],[128.3,72.77],[128.248,72.774],[128.317,72.797]]],[[[128.584,72.787],[128.598,72.785],[128.616,72.777],[128.497,72.793],[128.584,72.787]]],[[[128.343,72.803],[128.329,72.807],[128.372,72.809],[128.343,72.803]]],[[[128.619,72.856],[128.581,72.85],[128.508,72.81],[128.328,72.826],[128.771,72.879],[128.619,72.856]]],[[[128.402,72.851],[128.373,72.848],[128.408,72.858],[128.497,72.848],[128.402,72.851]]],[[[128.535,72.864],[128.544,72.861],[128.527,72.851],[128.535,72.864]]],[[[128.547,72.877],[128.288,72.845],[128.299,72.867],[128.308,72.853],[128.547,72.877]]],[[[128.483,72.914],[128.554,72.902],[128.405,72.907],[128.483,72.914]]],[[[128.131,72.937],[128.284,72.946],[128.245,72.935],[128.131,72.937]]],[[[128.383,72.942],[128.283,72.937],[128.31,72.948],[128.383,72.942]]],[[[128.499,72.944],[128.458,72.946],[128.482,72.952],[128.571,72.936],[128.499,72.944]]],[[[128.429,72.967],[128.583,72.972],[128.334,72.95],[128.429,72.967]]],[[[128.237,73.218],[128.34,73.216],[128.178,73.196],[128.237,73.218]]],[[[128.165,73.204],[128.124,73.203],[128.162,73.214],[128.165,73.204]]],[[[128.436,73.249],[128.376,73.222],[128.179,73.219],[128.436,73.249]]],[[[128.528,73.276],[128.56,73.287],[128.617,73.288],[128.474,73.264],[128.528,73.276]]],[[[128.453,73.321],[128.501,73.317],[128.329,73.272],[128.453,73.321]]],[[[128.381,73.307],[128.36,73.309],[128.395,73.332],[128.477,73.329],[128.381,73.307]]],[[[128.111,73.365],[128.15,73.367],[128.132,73.355],[128.111,73.365]]],[[[128.152,73.399],[127.966,73.327],[127.991,73.358],[128.152,73.399]]],[[[128.244,73.409],[128.266,73.403],[128.26,73.396],[128.244,73.409]]],[[[128.111,73.402],[128.201,73.417],[128.227,73.41],[128.111,73.402]]],[[[127.993,73.408],[127.917,73.407],[128.072,73.429],[127.993,73.408]]],[[[128.067,73.425],[128.115,73.423],[128.097,73.416],[128.067,73.425]]],[[[128.038,73.428],[127.978,73.424],[128.05,73.436],[128.038,73.428]]],[[[127.958,73.456],[127.768,73.416],[127.839,73.461],[127.969,73.465],[127.958,73.456]]],[[[127.902,73.482],[127.852,73.48],[127.884,73.499],[127.902,73.482]]],[[[128.572,71.973],[128.602,71.959],[128.643,71.945],[128.636,71.939],[128.776,71.91],[128.672,71.918],[128.572,71.973]]],[[[128.854,71.946],[128.915,71.94],[128.904,71.934],[128.854,71.946]]],[[[128.753,71.955],[128.856,71.93],[128.654,71.936],[128.6,72.011],[128.753,71.955]]],[[[128.921,71.962],[128.655,72.015],[128.755,72.01],[128.921,71.962]]],[[[128.658,71.998],[128.647,72.006],[128.677,72.003],[128.658,71.998]]],[[[128.731,72.018],[128.683,72.039],[129.012,71.997],[128.731,72.018]]],[[[128.538,72.011],[128.654,72.04],[128.694,72.019],[128.538,72.011]]],[[[128.81,72.065],[128.811,72.064],[128.757,72.064],[128.81,72.065]]],[[[128.591,72.086],[128.73,72.054],[128.666,72.056],[128.591,72.086]]],[[[128.812,72.094],[128.851,72.066],[128.695,72.088],[128.695,72.093],[128.731,72.093],[128.754,72.095],[128.812,72.094]]],[[[128.607,72.106],[128.667,72.091],[128.665,72.088],[128.607,72.106]]],[[[128.865,72.075],[128.813,72.101],[128.697,72.118],[128.83,72.106],[128.865,72.075]]],[[[128.633,72.111],[128.757,72.098],[128.694,72.095],[128.633,72.111]]],[[[128.632,72.108],[128.624,72.108],[128.603,72.111],[128.569,72.119],[128.567,72.124],[128.632,72.108]]],[[[128.676,72.156],[128.841,72.139],[128.828,72.116],[128.676,72.156]]],[[[128.488,72.144],[128.719,72.121],[128.641,72.115],[128.488,72.144]]],[[[128.792,72.165],[128.773,72.16],[128.786,72.152],[128.816,72.146],[128.722,72.152],[128.618,72.188],[128.843,72.163],[128.792,72.165]]],[[[128.908,72.193],[128.769,72.175],[128.614,72.208],[128.735,72.195],[128.908,72.193]]],[[[128.605,72.207],[128.621,72.195],[128.548,72.209],[128.605,72.207]]],[[[128.99,72.196],[128.775,72.218],[128.846,72.213],[128.909,72.23],[128.99,72.196]]],[[[128.791,72.209],[128.668,72.226],[128.728,72.235],[128.791,72.209]]],[[[128.681,72.221],[128.69,72.213],[128.537,72.233],[128.681,72.221]]],[[[128.86,72.238],[128.877,72.237],[128.897,72.24],[128.901,72.235],[128.666,72.24],[128.86,72.238]]],[[[128.667,72.238],[128.7,72.232],[128.662,72.229],[128.545,72.246],[128.593,72.24],[128.667,72.238]]],[[[128.881,72.294],[128.878,72.288],[128.884,72.283],[128.905,72.274],[128.893,72.256],[128.906,72.244],[128.655,72.25],[128.881,72.294]]],[[[128.845,72.329],[128.988,72.341],[128.775,72.308],[128.746,72.335],[128.659,72.346],[128.694,72.337],[128.597,72.341],[128.633,72.344],[128.729,72.36],[128.845,72.329]]],[[[128.746,72.387],[128.71,72.381],[128.594,72.388],[128.746,72.387]]],[[[128.826,72.46],[128.78,72.458],[128.792,72.464],[128.826,72.468],[128.826,72.46]]],[[[128.764,72.488],[128.776,72.484],[128.7,72.464],[128.764,72.488]]],[[[128.814,72.476],[128.788,72.486],[128.803,72.483],[128.872,72.49],[128.814,72.476]]],[[[128.803,72.493],[128.872,72.496],[128.832,72.49],[128.803,72.493]]],[[[128.836,72.526],[128.859,72.525],[128.799,72.523],[128.836,72.526]]],[[[128.604,72.512],[128.54,72.531],[128.612,72.539],[128.604,72.512]]],[[[128.655,72.565],[128.866,72.533],[128.799,72.523],[128.69,72.506],[128.622,72.54],[128.531,72.536],[128.655,72.565]]],[[[128.762,72.586],[128.799,72.574],[129.045,72.551],[128.664,72.58],[128.745,72.596],[128.812,72.579],[128.762,72.586]]],[[[128.671,72.665],[128.902,72.64],[128.914,72.635],[128.912,72.614],[128.919,72.611],[128.93,72.609],[129.095,72.58],[128.53,72.659],[128.706,72.679],[128.748,72.677],[128.754,72.673],[128.671,72.665]]],[[[128.784,72.673],[128.733,72.692],[128.998,72.655],[128.784,72.673]]],[[[128.618,72.703],[128.73,72.689],[128.577,72.694],[128.618,72.703]]],[[[128.988,72.711],[129.047,72.709],[129.082,72.699],[128.449,72.72],[128.517,72.744],[128.527,72.73],[128.54,72.727],[128.609,72.722],[128.825,72.711],[128.988,72.711]]],[[[128.995,72.723],[128.733,72.723],[128.789,72.736],[128.822,72.727],[128.995,72.723]]],[[[128.812,72.753],[128.84,72.75],[128.92,72.753],[128.942,72.75],[128.864,72.737],[128.72,72.759],[128.812,72.753]]],[[[128.827,72.753],[128.825,72.761],[128.879,72.759],[128.827,72.753]]],[[[128.718,72.765],[128.843,72.775],[128.958,72.755],[128.81,72.766],[128.718,72.765]]],[[[128.844,72.784],[128.687,72.772],[128.629,72.78],[128.66,72.779],[128.711,72.783],[128.844,72.784]]],[[[128.68,72.786],[128.682,72.784],[128.581,72.79],[128.68,72.786]]],[[[128.903,72.791],[128.85,72.787],[128.752,72.799],[129.003,72.788],[128.903,72.791]]],[[[128.572,72.809],[128.634,72.818],[128.893,72.81],[128.572,72.809]]],[[[128.338,72.791],[128.508,72.81],[128.537,72.813],[128.619,72.856],[128.731,72.848],[128.838,72.864],[128.835,72.861],[128.985,72.849],[129.039,72.847],[129.075,72.837],[129.148,72.834],[129.181,72.837],[129.139,72.829],[128.992,72.831],[128.931,72.814],[128.917,72.811],[128.631,72.82],[128.338,72.791]]],[[[128.756,72.855],[128.703,72.86],[128.735,72.867],[128.86,72.869],[128.756,72.855]]],[[[128.794,72.879],[128.854,72.874],[128.8,72.869],[128.794,72.879]]],[[[128.523,72.893],[128.629,72.89],[128.557,72.887],[128.523,72.893]]],[[[128.707,72.886],[128.79,72.893],[128.746,72.888],[128.707,72.886]]],[[[128.639,72.893],[128.56,72.898],[128.665,72.903],[128.639,72.893]]],[[[128.903,72.92],[128.765,72.9],[128.865,72.919],[128.903,72.92]]],[[[128.8,72.914],[128.709,72.91],[128.783,72.927],[128.8,72.914]]],[[[128.672,72.924],[128.791,72.929],[128.783,72.927],[128.698,72.91],[128.59,72.907],[128.672,72.924]]],[[[128.856,72.948],[128.807,72.933],[128.681,72.927],[128.585,72.91],[128.347,72.926],[128.463,72.945],[128.605,72.931],[128.856,72.948]]],[[[128.791,72.973],[129.108,73.005],[128.533,72.945],[128.791,72.973]]],[[[128.57,72.974],[128.734,72.983],[128.663,72.974],[128.57,72.974]]],[[[128.741,73.01],[128.729,72.986],[128.558,72.976],[128.741,73.01]]],[[[128.835,73.054],[128.882,73.073],[128.88,73.065],[128.836,73.039],[128.835,73.054]]],[[[128.919,73.111],[128.805,73.071],[128.82,73.044],[128.683,73.01],[128.716,73.019],[128.773,73.085],[128.919,73.111]]],[[[128.839,73.058],[128.834,73.06],[128.839,73.071],[128.839,73.058]]],[[[128.89,73.082],[128.856,73.08],[128.929,73.096],[128.89,73.082]]],[[[128.603,73.092],[128.634,73.104],[128.647,73.115],[128.751,73.118],[128.775,73.121],[128.811,73.134],[128.751,73.111],[128.671,73.104],[128.603,73.092]]],[[[128.907,73.123],[128.761,73.084],[128.747,73.095],[128.907,73.123]]],[[[128.791,73.11],[128.75,73.107],[128.753,73.108],[128.791,73.11]]],[[[128.879,73.217],[128.803,73.22],[128.747,73.214],[128.78,73.225],[128.879,73.217]]],[[[128.839,73.227],[128.776,73.227],[128.756,73.224],[128.777,73.232],[128.777,73.236],[128.839,73.227]]],[[[128.617,73.269],[128.695,73.272],[128.688,73.269],[128.617,73.269]]],[[[129.065,71.659],[129.067,71.654],[129.018,71.666],[129.065,71.659]]],[[[129.051,72.041],[128.955,72.045],[129.074,72.056],[129.051,72.041]]],[[[129.174,72.041],[129.094,72.057],[129.136,72.061],[129.174,72.041]]],[[[128.91,72.068],[128.928,72.061],[128.913,72.055],[128.91,72.068]]],[[[129.042,72.066],[128.955,72.064],[129.023,72.068],[129.042,72.066]]],[[[129.092,72.064],[129.171,72.064],[129.17,72.061],[129.13,72.063],[129.092,72.064]]],[[[129.124,72.076],[129.063,72.087],[129.185,72.088],[129.124,72.076]]],[[[128.997,72.098],[128.986,72.087],[128.988,72.086],[129.137,72.073],[128.933,72.07],[128.852,72.121],[128.885,72.108],[128.946,72.094],[128.997,72.098]]],[[[128.897,72.11],[128.997,72.102],[128.927,72.106],[128.897,72.11]]],[[[129.05,72.104],[129.004,72.104],[129.013,72.111],[129.05,72.104]]],[[[128.776,72.159],[129.241,72.12],[129.162,72.109],[129.013,72.113],[128.957,72.106],[128.776,72.159]]],[[[129.183,72.138],[129.135,72.148],[129.211,72.151],[129.183,72.138]]],[[[129.037,72.147],[128.995,72.156],[129.066,72.158],[129.037,72.147]]],[[[129.145,72.154],[128.964,72.174],[129.004,72.172],[129.065,72.174],[129.1,72.17],[129.145,72.154]]],[[[129.105,72.17],[129.065,72.174],[129.046,72.176],[129.175,72.171],[129.105,72.17]]],[[[128.837,72.171],[128.932,72.195],[129.091,72.182],[128.957,72.176],[128.837,72.171]]],[[[129.213,72.221],[129.28,72.215],[129.038,72.2],[129.213,72.221]]],[[[128.91,72.273],[128.882,72.295],[128.803,72.308],[129.032,72.344],[129.142,72.335],[129.286,72.335],[129.484,72.3],[129.242,72.28],[129.023,72.203],[128.91,72.273]]],[[[129.0,72.349],[128.893,72.343],[128.865,72.358],[128.894,72.356],[128.955,72.351],[129.132,72.382],[129.0,72.349]]],[[[128.965,72.38],[129.013,72.371],[128.928,72.358],[128.894,72.356],[128.87,72.359],[128.865,72.358],[128.864,72.358],[128.777,72.387],[128.965,72.38]]],[[[129.241,72.467],[129.17,72.463],[129.342,72.441],[129.038,72.388],[128.994,72.448],[128.992,72.449],[128.99,72.451],[128.978,72.456],[129.241,72.467]]],[[[128.885,72.467],[128.937,72.472],[128.924,72.464],[128.885,72.467]]],[[[128.934,72.475],[128.852,72.475],[128.938,72.486],[128.934,72.475]]],[[[129.195,72.477],[129.124,72.481],[129.169,72.489],[129.195,72.477]]],[[[129.024,72.49],[129.065,72.49],[129.051,72.484],[129.024,72.49]]],[[[128.913,72.503],[128.971,72.501],[128.902,72.499],[128.913,72.503]]],[[[129.024,72.514],[128.994,72.523],[129.012,72.524],[129.041,72.514],[129.024,72.514]]],[[[129.079,72.523],[129.092,72.518],[129.048,72.516],[129.079,72.523]]],[[[129.164,72.523],[129.105,72.53],[129.189,72.537],[129.164,72.523]]],[[[129.118,72.543],[129.002,72.541],[128.887,72.556],[129.118,72.543]]],[[[129.194,72.552],[129.222,72.553],[129.133,72.548],[129.048,72.552],[129.194,72.552]]],[[[129.126,72.594],[129.145,72.586],[129.102,72.583],[129.126,72.594]]],[[[129.01,72.598],[129.006,72.608],[129.044,72.596],[129.01,72.598]]],[[[129.024,72.63],[129.124,72.602],[129.071,72.6],[128.955,72.636],[129.024,72.63]]],[[[128.93,72.609],[128.916,72.613],[128.916,72.636],[128.905,72.64],[128.995,72.614],[128.93,72.609]]],[[[129.035,72.644],[129.11,72.639],[129.076,72.636],[129.035,72.644]]],[[[129.023,72.637],[128.925,72.648],[128.992,72.651],[129.023,72.637]]],[[[129.023,72.651],[128.933,72.676],[129.015,72.672],[129.023,72.651]]],[[[129.038,72.679],[129.097,72.673],[129.011,72.677],[128.984,72.687],[129.038,72.679]]],[[[129.104,72.704],[129.09,72.701],[129.052,72.709],[129.047,72.709],[128.965,72.716],[129.001,72.722],[129.104,72.704]]],[[[129.101,72.708],[129.09,72.713],[129.144,72.714],[129.101,72.708]]],[[[129.086,72.719],[129.0,72.733],[129.042,72.729],[129.098,72.731],[129.086,72.719]]],[[[129.037,72.732],[128.968,72.746],[129.083,72.741],[129.118,72.729],[129.088,72.734],[129.037,72.732]]],[[[129.118,72.745],[129.085,72.747],[129.086,72.754],[129.118,72.745]]],[[[129.065,72.747],[128.952,72.765],[128.988,72.764],[129.065,72.747]]],[[[129.104,72.761],[129.168,72.755],[129.077,72.758],[129.076,72.751],[129.03,72.761],[129.104,72.761]]],[[[128.923,72.786],[129.238,72.765],[128.856,72.78],[128.868,72.785],[128.923,72.786]]],[[[129.098,72.808],[129.196,72.815],[129.248,72.819],[129.271,72.813],[129.296,72.811],[129.068,72.792],[128.911,72.808],[128.975,72.805],[129.098,72.808]]],[[[129.099,72.809],[128.931,72.814],[128.997,72.83],[129.094,72.823],[129.206,72.831],[129.266,72.822],[129.244,72.824],[129.099,72.809]]],[[[128.95,72.862],[128.908,72.859],[129.043,72.857],[129.135,72.837],[129.03,72.85],[128.906,72.856],[128.843,72.865],[128.931,72.87],[129.017,72.859],[128.95,72.862]]],[[[129.24,72.85],[129.105,72.852],[128.949,72.871],[129.339,72.858],[129.24,72.85]]],[[[128.968,72.881],[129.103,72.88],[129.087,72.876],[128.968,72.881]]],[[[128.749,72.884],[129.153,72.887],[129.1,72.881],[128.988,72.885],[128.749,72.884]]],[[[129.053,72.898],[128.952,72.896],[129.062,72.911],[129.281,72.901],[129.053,72.898]]],[[[129.045,72.915],[128.826,72.893],[128.968,72.924],[129.159,72.917],[129.045,72.915]]],[[[129.062,72.912],[129.009,72.907],[129.07,72.914],[129.152,72.915],[129.2,72.919],[129.255,72.91],[129.062,72.912]]],[[[128.9,72.933],[128.964,72.934],[128.852,72.923],[128.9,72.933]]],[[[129.102,72.924],[128.97,72.928],[129.086,72.937],[129.159,72.932],[129.171,72.929],[129.102,72.924]]],[[[128.918,72.941],[128.941,72.935],[128.904,72.934],[128.9,72.933],[128.868,72.93],[128.918,72.941]]],[[[128.955,72.947],[129.002,72.941],[128.988,72.939],[128.955,72.947]]],[[[129.149,72.95],[129.058,72.96],[129.104,72.966],[129.149,72.95]]],[[[128.967,72.97],[129.085,72.991],[129.038,72.978],[128.967,72.97]]],[[[129.265,72.997],[129.09,72.98],[129.148,73.0],[129.265,72.997]]],[[[128.743,72.989],[129.126,73.034],[129.073,73.009],[128.743,72.989]]],[[[129.111,73.001],[129.112,73.006],[129.083,73.009],[129.121,73.007],[129.111,73.001]]],[[[129.128,73.033],[129.144,73.031],[129.085,73.013],[129.128,73.033]]],[[[129.127,73.035],[129.047,73.039],[129.126,73.039],[129.162,73.05],[129.127,73.035]]],[[[129.149,73.033],[129.145,73.033],[129.199,73.054],[129.149,73.033]]],[[[129.19,73.07],[128.866,73.042],[129.035,73.116],[129.095,73.127],[129.198,73.113],[129.131,73.114],[129.19,73.07]]],[[[128.97,73.137],[129.009,73.136],[128.959,73.124],[128.941,73.134],[128.97,73.137]]],[[[128.847,73.157],[129.005,73.18],[129.0,73.173],[128.847,73.157]]],[[[128.956,73.192],[128.972,73.189],[128.883,73.172],[128.956,73.192]]],[[[129.288,72.004],[129.271,72.024],[129.333,72.018],[129.288,72.004]]],[[[129.211,72.054],[129.188,72.07],[129.218,72.07],[129.211,72.054]]],[[[129.234,72.079],[129.153,72.105],[129.068,72.107],[129.266,72.11],[129.349,72.099],[129.363,72.092],[129.215,72.101],[129.349,72.091],[129.391,72.079],[129.234,72.079]]],[[[129.375,72.109],[129.446,72.098],[129.384,72.087],[129.375,72.109]]],[[[129.448,72.099],[129.408,72.109],[129.37,72.114],[129.254,72.118],[129.518,72.121],[129.448,72.099]]],[[[129.274,72.129],[129.233,72.146],[129.324,72.142],[129.274,72.129]]],[[[129.288,72.152],[129.167,72.181],[129.259,72.171],[129.283,72.173],[129.361,72.19],[129.418,72.189],[129.424,72.185],[129.288,72.152]]],[[[129.372,72.193],[129.361,72.19],[129.272,72.173],[129.033,72.196],[129.372,72.193]]],[[[129.444,72.193],[129.431,72.186],[129.425,72.189],[129.372,72.193],[129.444,72.193]]],[[[129.571,72.214],[129.279,72.211],[129.384,72.245],[129.571,72.214]]],[[[129.184,72.22],[129.152,72.224],[129.216,72.231],[129.184,72.22]]],[[[129.275,72.221],[129.216,72.222],[129.248,72.234],[129.275,72.221]]],[[[129.32,72.27],[129.353,72.269],[129.236,72.247],[129.32,72.27]]],[[[129.205,72.254],[129.252,72.263],[129.229,72.25],[129.237,72.24],[129.205,72.254]]],[[[129.318,72.252],[129.446,72.267],[129.422,72.261],[129.318,72.252]]],[[[129.385,72.285],[129.391,72.271],[129.329,72.275],[129.385,72.285]]],[[[129.023,72.345],[129.402,72.338],[129.336,72.331],[129.286,72.336],[129.023,72.345]]],[[[129.342,72.354],[129.457,72.342],[129.403,72.339],[129.342,72.354]]],[[[129.494,72.345],[129.283,72.361],[129.365,72.363],[129.4,72.356],[129.494,72.345]]],[[[129.476,72.355],[129.371,72.363],[129.406,72.364],[129.476,72.355]]],[[[129.17,72.354],[129.26,72.371],[129.262,72.369],[129.268,72.368],[129.349,72.365],[129.28,72.362],[129.17,72.354]]],[[[129.408,72.373],[129.486,72.361],[129.264,72.371],[129.408,72.373]]],[[[129.258,72.373],[129.118,72.358],[129.204,72.383],[129.35,72.401],[129.258,72.373]]],[[[129.335,72.387],[129.375,72.389],[129.457,72.372],[129.375,72.385],[129.335,72.387]]],[[[129.157,72.39],[129.217,72.394],[129.202,72.389],[129.157,72.39]]],[[[129.435,72.399],[129.329,72.417],[129.416,72.424],[129.435,72.399]]],[[[129.35,72.446],[129.431,72.429],[129.314,72.427],[129.338,72.433],[129.35,72.446]]],[[[129.242,72.482],[129.18,72.493],[129.265,72.492],[129.287,72.487],[129.242,72.482]]],[[[129.369,72.496],[129.295,72.516],[129.354,72.508],[129.426,72.521],[129.455,72.511],[129.411,72.509],[129.369,72.496]]],[[[129.326,72.535],[129.394,72.526],[129.357,72.517],[129.326,72.535]]],[[[129.245,72.546],[129.226,72.547],[129.305,72.55],[129.245,72.546]]],[[[129.226,72.56],[129.235,72.557],[129.199,72.554],[129.135,72.561],[129.226,72.56]]],[[[129.298,72.604],[129.258,72.616],[129.415,72.606],[129.298,72.604]]],[[[129.236,72.601],[129.127,72.626],[129.287,72.602],[129.236,72.601]]],[[[129.255,72.617],[129.188,72.628],[129.305,72.627],[129.38,72.631],[129.442,72.619],[129.255,72.617]]],[[[129.421,72.635],[129.294,72.631],[129.319,72.639],[129.421,72.635]]],[[[129.403,72.666],[129.471,72.657],[129.342,72.661],[129.403,72.666]]],[[[129.127,72.665],[129.157,72.669],[129.189,72.662],[129.199,72.662],[129.263,72.661],[129.162,72.659],[129.127,72.665]]],[[[129.23,72.675],[129.298,72.662],[129.199,72.662],[129.213,72.665],[129.158,72.67],[129.113,72.667],[129.098,72.672],[129.23,72.675]]],[[[128.985,72.69],[129.447,72.669],[129.308,72.668],[129.235,72.678],[128.985,72.69]]],[[[129.104,72.702],[129.096,72.698],[129.184,72.699],[129.308,72.689],[129.348,72.691],[129.389,72.687],[129.064,72.692],[129.104,72.702]]],[[[129.283,72.712],[129.31,72.703],[129.239,72.705],[129.283,72.712]]],[[[129.346,72.715],[129.454,72.709],[129.418,72.704],[129.346,72.715]]],[[[129.359,72.733],[129.434,72.727],[129.427,72.727],[129.359,72.733]]],[[[129.166,72.74],[129.224,72.733],[129.179,72.731],[129.149,72.736],[129.166,72.74]]],[[[129.23,72.74],[129.294,72.739],[129.234,72.734],[129.23,72.74]]],[[[129.278,72.764],[129.327,72.761],[129.167,72.757],[129.278,72.764]]],[[[129.342,72.764],[129.43,72.77],[129.411,72.767],[129.342,72.764]]],[[[129.452,72.773],[129.292,72.769],[129.472,72.787],[129.452,72.773]]],[[[129.184,72.771],[129.086,72.788],[129.421,72.784],[129.184,72.771]]],[[[129.41,72.809],[129.422,72.806],[129.38,72.803],[129.329,72.808],[129.41,72.809]]],[[[129.249,72.82],[129.196,72.815],[129.179,72.817],[129.247,72.823],[129.309,72.812],[129.249,72.82]]],[[[129.332,72.813],[129.313,72.817],[129.375,72.824],[129.41,72.82],[129.332,72.813]]],[[[129.345,72.829],[129.316,72.825],[129.175,72.84],[129.345,72.829]]],[[[129.33,72.834],[129.098,72.851],[129.266,72.843],[129.324,72.85],[129.405,72.843],[129.33,72.834]]],[[[129.433,72.851],[129.414,72.847],[129.324,72.851],[129.304,72.849],[129.331,72.856],[129.433,72.851]]],[[[129.375,72.858],[129.327,72.863],[129.394,72.863],[129.375,72.858]]],[[[129.167,72.875],[129.236,72.88],[129.303,72.867],[129.167,72.875]]],[[[129.318,72.887],[129.411,72.871],[129.32,72.867],[129.238,72.881],[129.318,72.887]]],[[[129.263,72.886],[129.1,72.875],[129.133,72.88],[129.263,72.886]]],[[[129.32,72.916],[129.261,72.931],[129.27,72.931],[129.32,72.916]]],[[[129.371,72.957],[129.387,72.94],[129.493,72.947],[129.46,72.932],[129.242,72.946],[129.371,72.957]]],[[[129.251,72.949],[129.246,72.951],[129.34,72.959],[129.251,72.949]]],[[[129.325,72.988],[129.472,72.98],[129.248,72.961],[129.325,72.988]]],[[[129.408,73.014],[129.429,73.018],[129.457,73.006],[129.408,73.014]]],[[[129.188,73.01],[129.292,73.019],[129.127,72.998],[129.184,73.01],[129.188,73.01]]],[[[129.367,73.022],[129.392,73.013],[129.324,73.004],[129.367,73.022]]],[[[129.298,73.035],[129.313,73.032],[129.132,73.004],[129.298,73.035]]],[[[129.379,73.047],[129.402,73.044],[129.298,73.006],[129.379,73.047]]],[[[129.223,73.047],[129.185,73.035],[129.185,73.032],[129.149,73.024],[129.206,73.053],[129.223,73.047]]],[[[129.349,73.06],[129.18,73.03],[129.185,73.032],[129.226,73.047],[129.349,73.06]]],[[[129.306,73.075],[129.327,73.069],[129.299,73.061],[129.306,73.075]]],[[[129.285,73.076],[129.291,73.074],[129.233,73.061],[129.285,73.076]]],[[[129.252,73.092],[129.256,73.088],[129.173,73.059],[129.252,73.092]]],[[[111.319,73.853],[111.865,73.715],[112.811,73.714],[112.997,73.786],[112.831,74.0],[113.179,73.866],[113.461,73.63],[113.182,73.446],[113.554,73.34],[113.482,73.226],[113.518,73.155],[113.598,73.13],[113.669,73.162],[113.582,73.231],[113.871,73.346],[113.512,73.506],[114.914,73.591],[115.305,73.642],[115.193,73.659],[115.272,73.682],[115.249,73.695],[115.664,73.708],[118.735,73.55],[118.894,73.51],[118.95,73.505],[119.005,73.491],[118.556,73.469],[118.441,73.426],[118.404,73.225],[119.696,72.99],[121.094,72.923],[121.73,72.967],[122.645,72.84],[122.683,72.856],[122.584,72.913],[122.714,72.912],[122.941,72.803],[123.06,72.802],[122.832,72.865],[123.0,72.888],[122.977,72.902],[122.791,72.949],[122.682,72.956],[122.536,73.0],[122.741,73.033],[122.994,72.968],[122.808,72.969],[123.176,72.895],[123.42,72.958],[123.388,73.046],[123.491,73.113],[123.725,73.097],[123.457,73.159],[123.619,73.191],[123.549,73.157],[123.614,73.142],[123.744,73.166],[123.368,73.343],[123.531,73.378],[123.43,73.371],[123.266,73.397],[123.376,73.396],[123.354,73.452],[123.387,73.42],[123.514,73.391],[123.325,73.474],[123.383,73.496],[123.327,73.545],[123.432,73.533],[123.458,73.543],[123.376,73.581],[123.473,73.549],[123.515,73.553],[123.427,73.65],[123.524,73.604],[123.596,73.693],[123.701,73.695],[123.605,73.618],[123.767,73.562],[124.008,73.595],[124.355,73.797],[124.512,73.731],[124.752,73.742],[124.727,73.69],[124.918,73.719],[124.847,73.675],[124.942,73.646],[124.975,73.651],[124.998,73.691],[125.03,73.698],[125.019,73.597],[125.162,73.706],[125.13,73.624],[125.266,73.606],[125.192,73.509],[125.292,73.571],[125.332,73.499],[125.37,73.526],[125.347,73.55],[125.384,73.585],[125.436,73.525],[125.43,73.558],[125.45,73.582],[125.473,73.581],[125.463,73.518],[125.501,73.493],[125.68,73.527],[125.674,73.445],[125.55,73.448],[125.583,73.37],[125.7,73.415],[125.613,73.446],[125.822,73.413],[125.929,73.524],[126.087,73.477],[126.303,73.55],[126.446,73.507],[126.385,73.477],[126.431,73.476],[126.453,73.434],[126.127,73.442],[126.368,73.387],[126.253,73.39],[126.131,73.358],[126.339,73.345],[126.456,73.387],[126.539,73.377],[126.465,73.374],[126.431,73.354],[126.504,73.335],[126.464,73.362],[126.735,73.371],[126.823,73.447],[126.867,73.376],[126.951,73.367],[126.895,73.415],[127.04,73.41],[126.991,73.507],[127.047,73.522],[127.356,73.505],[127.348,73.431],[127.409,73.406],[127.558,73.443],[127.544,73.486],[127.842,73.468],[127.727,73.397],[127.728,73.379],[127.757,73.378],[127.86,73.388],[127.922,73.405],[127.989,73.405],[127.94,73.403],[127.877,73.381],[128.105,73.409],[127.988,73.36],[127.951,73.321],[128.233,73.371],[128.289,73.368],[128.234,73.357],[128.372,73.363],[128.43,73.354],[128.441,73.348],[128.412,73.346],[128.35,73.314],[128.339,73.281],[128.256,73.259],[128.281,73.249],[128.112,73.202],[128.127,73.195],[128.178,73.196],[128.313,73.199],[128.623,73.249],[128.766,73.245],[128.687,73.215],[128.933,73.192],[128.822,73.157],[128.772,73.122],[128.659,73.119],[128.64,73.116],[128.596,73.093],[128.607,73.085],[128.657,73.086],[128.741,73.1],[128.703,73.018],[127.951,72.921],[128.416,72.939],[128.344,72.927],[128.347,72.926],[128.406,72.895],[128.274,72.862],[128.29,72.798],[127.854,72.761],[127.689,72.725],[127.769,72.707],[127.681,72.688],[127.403,72.699],[126.629,72.511],[126.652,72.382],[127.204,72.407],[127.795,72.325],[127.901,72.256],[127.787,72.241],[128.506,72.04],[128.506,71.955],[128.726,71.776],[128.968,71.715],[129.271,71.814],[129.119,72.007],[129.604,71.706],[129.406,71.757],[128.983,71.707],[128.847,71.648],[128.904,71.577],[129.246,71.596],[129.466,71.302],[129.765,71.202],[129.831,71.092],[129.718,71.07],[130.02,71.04],[130.059,71.044],[130.113,71.064],[130.12,71.072],[130.162,71.072],[130.266,70.938],[130.633,70.845],[130.811,70.869],[130.817,70.95],[130.852,70.967],[130.935,70.765],[131.074,70.706],[131.325,70.723],[131.623,70.86],[131.865,71.067],[131.784,71.115],[131.951,71.143],[131.85,71.159],[131.92,71.198],[132.203,71.21],[131.987,71.259],[132.187,71.56],[132.76,71.947],[133.058,71.968],[133.135,71.966],[133.168,71.96],[133.185,71.952],[132.804,71.947],[132.758,71.787],[133.334,71.526],[134.071,71.38],[134.727,71.399],[134.822,71.367],[134.749,71.316],[134.76,71.266],[134.872,71.362],[134.769,71.415],[134.893,71.393],[134.993,71.385],[135.042,71.386],[135.051,71.389],[135.03,71.403],[134.88,71.42],[134.839,71.468],[134.967,71.468],[135.773,71.647],[135.999,71.645],[135.961,71.644],[136.288,71.615],[136.343,71.599],[136.287,71.596],[136.283,71.586],[136.316,71.595],[136.492,71.573],[136.565,71.578],[136.588,71.579],[136.573,71.479],[136.623,71.446],[136.662,71.457],[136.669,71.525],[136.876,71.534],[137.118,71.419],[137.391,71.388],[137.325,71.353],[137.397,71.384],[137.491,71.372],[137.381,71.332],[137.586,71.361],[137.549,71.263],[137.745,71.22],[137.847,71.108],[137.979,71.155],[138.054,71.131],[137.987,71.117],[138.073,71.09],[138.171,71.135],[137.82,71.234],[138.291,71.234],[138.358,71.277],[138.034,71.3],[138.49,71.304],[138.061,71.326],[137.969,71.357],[138.044,71.373],[138.025,71.388],[137.941,71.353],[137.947,71.37],[137.901,71.375],[137.887,71.385],[137.865,71.387],[138.196,71.558],[138.107,71.565],[138.129,71.598],[138.193,71.576],[138.246,71.577],[138.254,71.578],[138.343,71.589],[138.375,71.583],[138.465,71.587],[138.515,71.526],[138.661,71.547],[138.611,71.61],[138.852,71.634],[139.149,71.58],[139.221,71.435],[139.162,71.431],[139.237,71.403],[139.411,71.404],[139.476,71.492],[139.793,71.442],[140.097,71.464],[140.101,71.478],[140.075,71.481],[140.038,71.481],[139.984,71.509],[140.084,71.505],[139.785,71.69],[139.782,71.83],[139.86,71.851],[139.762,71.888],[139.842,71.891],[139.372,71.955],[139.709,71.95],[139.761,72.056],[139.956,72.091],[139.891,72.101],[139.943,72.16],[140.542,72.187],[140.605,72.256],[140.291,72.179],[140.061,72.274],[139.419,72.148],[139.2,72.176],[139.153,72.25],[139.311,72.344],[139.773,72.364],[139.395,72.405],[139.602,72.489],[140.517,72.468],[141.303,72.583],[140.767,72.794],[140.742,72.877],[141.943,72.719],[144.467,72.627],[146.869,72.34],[145.392,72.335],[145.246,72.429],[144.965,72.431],[144.494,72.228],[144.244,72.247],[144.415,72.157],[145.208,72.262],[146.956,72.305],[145.982,71.862],[146.003,72.045],[146.347,72.124],[146.059,72.162],[146.012,72.123],[146.056,72.131],[146.097,72.114],[145.999,72.108],[145.998,72.06],[145.956,72.093],[146.073,72.21],[146.027,72.217],[145.951,72.185],[145.751,72.253],[145.492,72.251],[145.811,72.216],[145.628,72.086],[145.803,72.03],[145.843,71.939],[145.339,71.863],[145.029,71.938],[145.228,71.833],[144.91,71.767],[145.071,71.688],[144.991,71.62],[146.058,71.772],[147.141,72.305],[148.385,72.319],[149.564,72.143],[150.112,71.873],[149.704,71.747],[149.519,71.879],[149.358,71.882],[149.414,71.875],[148.863,71.678],[149.985,71.654],[150.013,71.643],[149.981,71.633],[150.024,71.543],[149.995,71.529],[149.993,71.528],[150.0,71.513],[150.707,71.473],[150.71,71.447],[150.606,71.405],[150.601,71.386],[150.493,71.331],[150.489,71.319],[149.832,71.19],[149.874,71.172],[150.386,71.245],[150.432,71.257],[150.699,71.379],[150.752,71.372],[150.617,71.265],[151.106,71.388],[151.15,71.364],[151.656,71.28],[151.639,71.276],[151.699,71.249],[151.749,71.226],[151.688,71.232],[152.072,70.991],[151.921,70.965],[151.61,70.992],[151.449,70.97],[151.527,70.954],[151.541,70.958],[151.608,70.959],[151.678,70.967],[151.992,70.935],[152.535,70.803],[152.985,70.806],[153.0,70.818],[153.3,70.827],[153.535,70.861],[153.735,70.795],[153.657,70.836],[154.496,70.958],[155.561,71.014],[156.113,71.077],[157.819,71.024],[159.108,70.83],[159.658,70.654],[160.046,70.347],[160.092,70.243],[159.924,70.106],[159.838,70.131],[159.841,70.116],[159.73,70.117],[159.618,70.104],[159.584,70.091],[159.95,70.077],[159.677,69.874],[159.791,69.805],[159.6,69.859],[159.818,69.791],[159.737,69.72],[159.854,69.774],[160.54,69.585],[160.578,69.587],[160.548,69.595],[160.619,69.605],[160.625,69.623],[160.531,69.591],[160.467,69.631],[160.498,69.649],[160.479,69.666],[160.565,69.654],[160.57,69.653],[160.739,69.629],[160.818,69.64],[160.87,69.612],[160.684,69.549],[160.815,69.55],[160.767,69.566],[160.887,69.581],[160.925,69.612],[160.947,69.584],[161.017,69.553],[160.951,69.443],[161.046,69.287],[160.973,69.259],[160.965,69.255],[160.965,69.253],[160.962,69.247],[160.938,69.243],[160.987,69.162],[161.007,69.147],[161.01,69.145],[161.063,69.128],[160.98,69.076],[161.307,68.991],[161.363,68.976],[161.367,68.931],[161.42,68.918],[161.367,68.885],[161.239,68.761],[161.237,68.658],[161.301,68.651],[161.443,68.687],[161.459,68.698],[161.465,68.709],[161.464,68.715],[161.441,68.733],[161.415,68.741],[161.341,68.739],[161.318,68.753],[161.592,68.833],[161.669,68.885],[161.652,68.923],[161.567,68.958],[161.546,69.038],[161.493,69.057],[161.537,69.171],[161.44,69.203],[161.48,69.242],[161.594,69.25],[161.615,69.261],[161.627,69.276],[161.547,69.326],[161.463,69.348],[162.036,69.517],[162.221,69.635],[162.357,69.633],[162.361,69.678],[162.489,69.633],[162.324,69.591],[162.432,69.454],[162.349,69.406],[162.543,69.374],[162.563,69.289],[162.826,69.184],[162.532,69.106],[162.54,68.983],[162.855,68.831],[162.592,68.778],[162.752,68.584],[162.564,68.483],[162.617,68.437],[162.548,68.333],[162.405,68.275],[161.45,68.378],[160.732,68.248],[159.85,68.254],[159.778,68.182],[159.245,68.19],[158.303,68.049],[158.057,67.874],[158.364,67.724],[157.942,67.724],[157.81,67.675],[157.731,67.517],[157.909,67.419],[157.808,67.351],[157.842,67.285],[158.714,67.037],[158.96,66.761],[158.72,66.702],[158.504,66.463],[158.37,66.434],[158.551,66.343],[158.403,66.22],[158.518,66.105],[158.465,66.081],[158.188,66.143],[157.739,66.099],[157.438,65.998],[157.448,65.911],[157.218,65.895],[156.96,65.957],[157.034,66.007],[156.674,66.189],[156.433,66.034],[156.061,66.046],[155.748,66.161],[155.171,66.182],[154.898,66.109],[154.517,66.218],[154.229,66.048],[154.43,65.994],[154.265,65.805],[154.107,65.777],[154.087,65.85],[153.957,65.873],[153.531,65.81],[153.484,65.748],[153.581,65.698],[153.441,65.483],[153.591,65.408],[153.501,65.346],[152.717,65.221],[152.519,64.916],[152.586,64.811],[152.847,64.7],[152.377,64.533],[152.448,64.394],[152.346,64.367],[152.141,64.352],[151.966,64.489],[151.497,64.426],[151.405,64.33],[150.64,64.338],[150.587,64.305],[150.675,64.268],[150.662,64.176],[150.549,64.166],[150.093,64.282],[150.017,64.351],[150.144,64.469],[149.937,64.552],[149.339,64.377],[148.709,64.402],[148.328,64.528],[148.048,64.41],[148.125,64.294],[148.315,64.221],[148.018,63.936],[147.671,64.011],[147.733,64.116],[147.644,64.178],[147.347,64.115],[147.295,64.019],[147.012,64.133],[146.372,64.192],[146.172,63.929],[145.585,63.827],[145.675,63.672],[145.468,63.526],[145.393,63.308],[145.258,63.243],[145.283,63.021],[145.41,62.867],[145.353,62.747],[145.457,62.707],[145.389,62.607],[145.484,62.54],[145.138,62.479],[145.2,62.279],[144.734,62.094],[144.545,61.845],[144.224,61.728],[143.945,61.755],[143.999,61.895],[143.922,61.994],[143.644,61.857],[143.646,62.019],[143.333,62.034],[143.23,62.117],[142.954,61.897],[142.713,61.973],[142.451,61.872],[142.173,62.074],[141.844,62.011],[141.854,62.084],[141.559,62.156],[141.32,62.414],[141.127,62.397],[141.061,62.49],[140.788,62.526],[140.643,62.407],[140.406,62.411],[140.312,62.344],[140.276,62.038],[139.988,61.977],[139.938,61.804],[139.776,61.64],[139.692,61.662],[139.554,61.474],[139.057,61.432],[138.97,61.316],[138.733,61.337],[138.636,61.28],[138.703,61.207],[138.336,61.107],[138.356,60.992],[138.207,60.857],[138.429,60.704],[138.267,60.481],[138.319,60.319],[138.178,60.208],[138.262,60.069],[138.176,59.827],[138.272,59.706],[138.208,59.643],[138.032,59.656],[138.031,59.825],[137.899,59.741],[137.622,59.75],[137.45,59.646],[137.5,59.555],[136.763,59.337],[135.688,59.509],[135.349,59.335],[135.178,59.111],[134.749,59.153],[134.721,59.219],[134.486,59.139],[134.032,59.262],[133.634,59.229],[133.486,59.31],[132.827,59.118],[132.749,59.019],[132.846,58.99],[132.774,58.884],[132.592,58.893],[132.489,58.796],[132.546,58.659],[132.387,58.561],[132.431,58.511],[132.14,58.515],[132.226,58.386],[132.198,58.255],[132.111,58.278],[131.985,58.157],[132.137,58.08],[131.985,58.052],[131.705,58.201],[131.453,58.197],[131.644,58.08],[131.575,58.024],[131.799,57.934],[131.755,57.874],[132.071,57.687],[131.724,57.578],[131.781,57.539],[131.605,57.427],[131.609,57.309],[131.488,57.264],[131.281,57.337],[131.122,57.259],[131.192,57.168],[131.498,57.109],[131.5,57.024],[131.837,56.77],[131.68,56.681],[131.644,56.539],[131.731,56.474],[131.492,56.566],[131.428,56.453],[131.222,56.521],[131.104,56.41],[131.132,56.268],[130.86,55.917],[130.963,55.81],[130.953,55.712],[129.496,55.769],[129.049,55.694],[129.087,55.525],[128.786,55.488],[128.686,55.572],[128.501,55.549],[128.29,55.697],[127.831,55.663],[127.734,55.731],[127.543,55.666],[127.6,55.596],[127.459,55.578],[127.187,55.718],[126.935,55.691],[126.857,55.612],[126.589,55.657],[126.455,55.563],[126.096,55.59],[126.092,55.712],[125.846,55.802],[125.554,55.74],[125.253,55.908],[124.964,55.838],[124.64,55.938],[124.485,55.892],[124.394,56.053],[124.203,56.088],[124.177,56.198],[123.812,56.422],[123.194,56.441],[122.885,56.596],[122.794,56.585],[122.764,56.491],[122.572,56.485],[122.164,56.746],[121.61,56.738],[121.591,56.845],[121.406,56.986],[120.54,57.045],[119.856,56.896],[119.638,57.001],[119.576,57.092],[119.693,57.176],[119.399,57.436],[119.502,57.6],[119.326,57.617],[119.207,57.506],[119.141,57.555],[119.167,57.718],[119.044,57.748],[119.193,58.159],[119.062,58.368],[119.12,58.516],[118.755,58.629],[118.873,58.827],[118.75,58.921],[118.873,58.965],[118.841,59.036],[118.696,59.058],[118.67,59.183],[118.837,59.316],[118.749,59.345],[118.759,59.43],[118.388,59.513],[118.248,59.652],[118.052,59.642],[117.913,59.451],[117.824,59.446],[117.774,59.566],[117.57,59.478],[117.249,59.513],[117.112,59.61],[117.206,59.681],[117.226,59.873],[117.007,59.919],[117.355,60.018],[116.99,60.048],[116.935,60.199],[116.61,60.293],[116.594,60.382],[116.184,60.394],[115.731,60.548],[115.213,60.49],[115.023,60.236],[114.565,60.131],[114.49,60.052],[114.573,59.989],[114.32,59.907],[114.15,59.746],[113.589,59.593],[113.615,59.515],[113.431,59.402],[113.532,59.351],[113.465,59.266],[113.278,59.158],[112.805,59.127],[112.74,59.05],[112.608,59.048],[112.606,59.108],[112.512,59.054],[112.599,58.992],[112.52,58.891],[112.442,58.918],[112.445,59.15],[112.651,59.314],[112.273,59.302],[112.341,59.427],[112.274,59.532],[111.944,59.279],[111.641,59.223],[111.382,59.289],[111.189,59.201],[110.721,59.281],[110.549,59.183],[110.604,59.14],[110.492,59.048],[110.158,58.981],[109.811,58.991],[109.505,59.197],[109.506,59.308],[109.245,59.333],[109.352,59.431],[109.252,59.467],[109.543,59.667],[109.475,59.768],[109.76,60.034],[109.692,60.078],[109.726,60.241],[109.949,60.417],[109.95,60.505],[110.138,60.597],[110.057,60.683],[110.289,60.702],[110.272,60.86],[110.549,61.1],[110.52,61.182],[110.227,61.167],[110.111,61.278],[109.76,61.332],[109.87,61.549],[109.6,61.745],[109.575,61.915],[109.989,62.165],[109.918,62.261],[109.996,62.315],[109.886,62.372],[109.911,62.437],[109.445,62.425],[109.252,62.577],[109.391,62.612],[109.508,62.795],[109.683,62.844],[109.484,62.971],[109.534,63.015],[109.469,63.023],[109.516,63.109],[109.457,63.11],[109.407,63.377],[109.286,63.372],[109.175,63.542],[108.603,63.633],[108.136,63.608],[108.299,63.716],[108.306,63.847],[108.803,63.871],[108.711,63.932],[108.762,64.017],[108.52,64.137],[108.597,64.193],[108.503,64.306],[108.189,64.284],[107.973,64.182],[107.641,64.311],[107.354,64.264],[106.915,64.438],[106.737,64.423],[106.579,64.543],[106.559,64.462],[106.183,64.416],[106.021,64.541],[105.756,64.494],[105.685,64.681],[105.872,64.677],[105.853,64.833],[105.987,64.829],[105.915,64.903],[106.208,64.873],[105.95,65.04],[106.526,65.22],[106.429,65.247],[106.436,65.318],[106.817,65.378],[106.968,65.507],[106.416,65.669],[106.518,66.001],[106.33,66.157],[106.106,66.197],[106.112,66.372],[106.332,66.473],[106.233,66.566],[106.257,66.683],[106.133,66.752],[106.213,66.798],[106.014,66.789],[106.094,66.886],[105.508,67.016],[105.948,67.04],[106.071,67.168],[106.545,67.291],[106.711,67.257],[106.822,67.334],[106.907,68.858],[106.178,69.442],[106.479,69.58],[106.852,69.523],[107.953,69.669],[108.023,69.788],[108.249,69.854],[109.296,69.774],[109.386,69.824],[109.404,69.963],[109.546,70.028],[109.355,70.079],[109.301,70.208],[109.576,70.252],[109.558,70.352],[109.64,70.372],[110.313,70.409],[110.116,70.476],[110.124,70.637],[110.619,70.785],[111.935,70.974],[112.038,71.054],[112.246,71.0],[112.583,71.097],[112.512,71.171],[112.708,71.227],[112.001,71.402],[112.001,72.124],[111.593,72.212],[111.668,72.258],[111.575,72.324],[111.009,72.389],[111.309,72.51],[110.884,72.576],[110.909,72.632],[110.713,72.678],[110.657,72.791],[110.748,72.808],[110.627,72.882],[110.908,72.939],[110.658,72.952],[110.86,73.054],[110.746,73.103],[110.85,73.161],[110.374,73.152],[110.349,73.198],[110.626,73.267],[110.128,73.386],[110.643,73.428],[110.811,73.546],[111.294,73.616],[110.844,73.718],[111.319,73.853]]],[[[130.025,71.047],[130.064,71.076],[130.112,71.069],[130.025,71.047]]],[[[129.973,71.086],[129.868,71.074],[129.896,71.091],[129.973,71.086]]],[[[132.017,71.221],[131.96,71.211],[132.027,71.228],[132.017,71.221]]],[[[137.75,71.219],[137.795,71.241],[137.78,71.227],[137.75,71.219]]],[[[137.799,71.23],[137.817,71.231],[137.808,71.214],[137.799,71.23]]],[[[137.795,71.286],[137.746,71.22],[137.745,71.22],[137.67,71.244],[137.664,71.251],[137.795,71.286]]],[[[138.036,71.252],[137.994,71.259],[138.027,71.266],[138.036,71.252]]],[[[137.962,71.294],[137.892,71.302],[137.908,71.308],[137.962,71.294]]],[[[137.662,71.307],[137.616,71.298],[137.613,71.289],[137.613,71.299],[137.619,71.306],[137.662,71.307]]],[[[137.61,71.338],[137.6,71.339],[137.602,71.362],[137.61,71.338]]],[[[134.835,71.347],[134.827,71.365],[134.853,71.366],[134.835,71.347]]],[[[137.851,71.377],[137.849,71.383],[137.89,71.382],[137.851,71.377]]],[[[137.618,71.387],[137.618,71.383],[137.589,71.382],[137.588,71.395],[137.598,71.398],[137.616,71.397],[137.618,71.387]]],[[[134.962,71.391],[134.956,71.394],[135.041,71.389],[134.962,71.391]]],[[[137.436,71.393],[137.534,71.406],[137.57,71.398],[137.438,71.383],[137.414,71.393],[137.436,71.393]]],[[[134.877,71.416],[134.917,71.411],[134.928,71.405],[134.877,71.416]]],[[[134.831,71.417],[134.769,71.432],[134.788,71.447],[134.831,71.417]]],[[[137.537,71.449],[137.568,71.438],[137.556,71.428],[137.537,71.449]]],[[[137.286,71.435],[137.09,71.467],[137.139,71.472],[137.286,71.435]]],[[[137.228,71.468],[137.179,71.487],[137.318,71.469],[137.406,71.479],[137.484,71.46],[137.228,71.468]]],[[[137.461,71.467],[137.455,71.469],[137.529,71.474],[137.461,71.467]]],[[[136.659,71.458],[136.605,71.483],[136.614,71.489],[136.659,71.458]]],[[[134.93,71.481],[134.905,71.483],[134.923,71.489],[134.93,71.481]]],[[[137.114,71.511],[137.169,71.489],[137.021,71.498],[137.114,71.511]]],[[[137.176,71.554],[137.774,71.598],[138.033,71.532],[137.764,71.408],[137.618,71.475],[137.176,71.554]]],[[[137.187,71.546],[137.345,71.494],[137.044,71.531],[137.187,71.546]]],[[[136.944,71.525],[136.938,71.507],[136.91,71.526],[136.944,71.525]]],[[[136.636,71.547],[136.589,71.583],[136.624,71.596],[136.73,71.57],[136.636,71.547]]],[[[129.995,71.595],[130.027,71.57],[130.028,71.55],[129.938,71.613],[129.995,71.595]]],[[[136.565,71.578],[136.478,71.595],[136.563,71.587],[136.565,71.578]]],[[[138.562,71.613],[138.496,71.597],[138.389,71.599],[138.415,71.592],[138.343,71.59],[138.254,71.578],[138.215,71.581],[138.472,71.621],[138.577,71.617],[138.562,71.613]]],[[[136.536,71.61],[136.5,71.599],[136.47,71.602],[136.536,71.61]]],[[[138.614,71.612],[138.56,71.61],[138.562,71.613],[138.614,71.612]]],[[[136.416,71.631],[136.5,71.635],[136.517,71.635],[136.537,71.631],[136.416,71.631]]],[[[138.725,71.651],[138.73,71.657],[138.786,71.667],[138.725,71.651]]],[[[138.912,71.675],[138.87,71.668],[138.867,71.671],[138.912,71.675]]],[[[138.367,71.675],[138.32,71.68],[138.355,71.689],[138.367,71.675]]],[[[138.594,71.711],[138.933,71.724],[138.94,71.724],[138.684,71.645],[138.432,71.676],[138.594,71.711]]],[[[138.933,71.724],[138.905,71.728],[138.949,71.751],[138.933,71.724]]],[[[139.064,71.764],[139.012,71.752],[138.99,71.757],[138.964,71.778],[138.939,71.788],[138.981,71.76],[138.899,71.791],[138.805,71.79],[138.763,71.801],[138.937,71.795],[139.064,71.764]]],[[[138.761,71.791],[138.809,71.787],[138.881,71.79],[138.805,71.784],[138.761,71.791]]],[[[138.979,71.829],[138.989,71.822],[138.934,71.821],[138.979,71.829]]],[[[138.87,71.849],[138.967,71.84],[138.907,71.842],[138.87,71.849]]],[[[138.852,71.852],[138.813,71.855],[138.823,71.857],[138.852,71.852]]],[[[138.755,71.839],[138.712,71.834],[138.813,71.855],[138.755,71.839]]],[[[138.356,71.842],[138.463,71.893],[138.683,71.847],[138.727,71.868],[138.743,71.858],[138.766,71.869],[138.796,71.868],[138.861,71.859],[138.869,71.856],[138.761,71.864],[138.717,71.841],[138.623,71.826],[138.356,71.842]]],[[[133.013,71.899],[132.932,71.907],[132.954,71.908],[133.013,71.899]]],[[[133.265,71.911],[133.318,71.888],[133.337,71.865],[133.185,71.94],[133.265,71.911]]],[[[132.895,71.903],[132.845,71.915],[132.873,71.92],[132.895,71.903]]],[[[129.481,72.14],[129.468,72.142],[129.555,72.143],[129.481,72.14]]],[[[129.554,72.15],[129.5,72.15],[129.515,72.154],[129.554,72.15]]],[[[129.485,72.303],[129.35,72.327],[129.398,72.328],[129.426,72.323],[129.485,72.303]]],[[[129.532,72.315],[129.426,72.323],[129.411,72.327],[129.528,72.318],[129.532,72.315]]],[[[129.376,72.333],[129.425,72.337],[129.426,72.336],[129.451,72.334],[129.472,72.332],[129.48,72.328],[129.376,72.333]]],[[[129.478,72.332],[129.425,72.338],[129.531,72.331],[129.478,72.332]]],[[[129.499,72.348],[129.395,72.358],[129.476,72.355],[129.478,72.355],[129.499,72.348]]],[[[129.57,72.37],[129.557,72.376],[129.571,72.383],[129.57,72.37]]],[[[129.458,72.508],[129.474,72.493],[129.389,72.5],[129.458,72.508]]],[[[129.581,72.562],[129.538,72.55],[129.577,72.569],[129.581,72.562]]],[[[129.44,72.647],[129.406,72.652],[129.48,72.651],[129.44,72.647]]],[[[129.5,72.694],[129.46,72.702],[129.525,72.698],[129.5,72.694]]],[[[129.532,72.707],[129.406,72.716],[129.447,72.719],[129.532,72.707]]],[[[129.546,72.73],[129.546,72.727],[129.431,72.73],[129.376,72.738],[129.546,72.73]]],[[[129.42,72.749],[129.419,72.75],[129.472,72.756],[129.42,72.749]]],[[[129.48,72.837],[129.488,72.832],[129.416,72.83],[129.48,72.837]]],[[[129.477,72.841],[129.386,72.836],[129.438,72.845],[129.477,72.841]]],[[[129.543,72.951],[129.459,72.949],[129.474,72.951],[129.494,72.955],[129.543,72.951]]],[[[129.534,72.961],[129.342,72.958],[129.394,72.97],[129.534,72.961]]],[[[129.572,72.991],[129.525,72.995],[129.535,73.0],[129.572,72.991]]],[[[129.412,73.021],[129.45,73.04],[129.485,73.034],[129.412,73.021]]],[[[135.448,74.159],[135.443,74.241],[136.041,74.081],[136.301,73.917],[136.166,73.88],[135.448,74.159]]],[[[135.73,75.364],[135.536,75.37],[135.495,75.443],[135.663,75.599],[135.603,75.673],[135.721,75.801],[135.678,75.84],[135.738,75.871],[135.91,75.706],[136.234,75.624],[135.958,75.48],[136.052,75.446],[135.73,75.364]]],[[[160.462,69.635],[160.411,69.659],[160.463,69.669],[160.462,69.635]]],[[[160.569,69.671],[160.572,69.669],[160.562,69.665],[160.565,69.654],[160.501,69.672],[160.569,69.671]]],[[[160.096,69.723],[160.134,69.726],[160.114,69.709],[160.096,69.723]]],[[[160.077,69.727],[160.065,69.736],[160.106,69.732],[160.077,69.727]]],[[[159.668,70.098],[159.76,70.103],[159.691,70.098],[159.668,70.098]]],[[[152.785,70.818],[152.876,70.814],[152.869,70.81],[152.785,70.818]]],[[[152.784,70.818],[152.787,70.814],[152.743,70.813],[152.784,70.818]]],[[[153.308,70.841],[153.313,70.837],[153.298,70.828],[153.308,70.841]]],[[[153.657,70.863],[153.669,70.855],[153.648,70.834],[153.549,70.861],[153.657,70.863]]],[[[160.561,70.878],[160.441,70.912],[160.677,70.878],[160.762,70.808],[160.509,70.807],[160.561,70.878]]],[[[153.776,70.865],[153.857,70.879],[153.809,70.867],[153.776,70.865]]],[[[153.935,70.89],[153.87,70.881],[153.876,70.886],[153.935,70.89]]],[[[151.499,70.971],[151.605,70.983],[151.69,70.968],[151.677,70.969],[151.499,70.971]]],[[[155.613,71.03],[155.572,71.017],[155.598,71.03],[155.613,71.03]]],[[[150.097,71.22],[150.012,71.211],[150.04,71.224],[150.097,71.22]]],[[[151.699,71.249],[151.69,71.259],[151.716,71.256],[151.733,71.248],[151.734,71.244],[151.699,71.249]]],[[[150.392,71.263],[150.427,71.266],[150.418,71.258],[150.392,71.263]]],[[[150.433,71.267],[150.363,71.277],[150.426,71.306],[150.516,71.307],[150.433,71.267]]],[[[150.758,71.351],[150.792,71.347],[150.776,71.337],[150.758,71.351]]],[[[150.51,71.336],[150.572,71.357],[150.553,71.336],[150.537,71.333],[150.51,71.336]]],[[[150.526,71.324],[150.554,71.335],[150.579,71.356],[150.613,71.367],[150.568,71.334],[150.526,71.324]]],[[[151.185,71.369],[151.144,71.387],[151.321,71.382],[151.444,71.347],[151.185,71.369]]],[[[150.915,71.395],[150.747,71.378],[150.766,71.392],[150.915,71.395]]],[[[150.672,71.39],[150.627,71.377],[150.629,71.388],[150.672,71.39]]],[[[150.625,71.407],[150.67,71.418],[150.664,71.398],[150.621,71.388],[150.625,71.407]]],[[[150.705,71.387],[150.721,71.401],[150.738,71.4],[150.758,71.4],[150.766,71.401],[150.774,71.405],[150.812,71.399],[150.762,71.393],[150.705,71.387]]],[[[150.765,71.402],[150.72,71.403],[150.731,71.416],[150.765,71.402]]],[[[150.881,71.41],[150.874,71.424],[150.913,71.426],[150.881,71.41]]],[[[150.862,71.413],[150.766,71.417],[150.779,71.427],[150.862,71.413]]],[[[150.866,71.425],[150.788,71.431],[150.814,71.436],[150.866,71.425]]],[[[150.791,71.46],[150.804,71.461],[150.795,71.445],[150.791,71.46]]],[[[140.078,71.468],[140.046,71.474],[140.091,71.474],[140.078,71.468]]],[[[139.905,71.501],[139.949,71.492],[139.943,71.465],[139.905,71.501]]],[[[150.724,71.472],[150.703,71.486],[150.703,71.493],[150.724,71.472]]],[[[150.561,71.503],[150.51,71.507],[150.585,71.506],[150.561,71.503]]],[[[150.109,71.544],[150.166,71.542],[150.091,71.517],[150.041,71.523],[150.109,71.544]]],[[[149.998,71.521],[149.995,71.529],[150.028,71.54],[149.998,71.521]]],[[[150.273,71.535],[150.222,71.532],[150.26,71.544],[150.303,71.539],[150.273,71.535]]],[[[150.576,71.542],[150.472,71.547],[150.482,71.558],[150.576,71.542]]],[[[150.054,71.538],[150.032,71.536],[150.026,71.561],[150.054,71.538]]],[[[150.191,71.545],[150.136,71.552],[150.228,71.557],[150.191,71.545]]],[[[150.184,71.569],[150.209,71.565],[150.16,71.56],[150.074,71.54],[150.184,71.569]]],[[[150.263,71.561],[150.276,71.554],[150.238,71.554],[150.263,71.561]]],[[[150.358,71.548],[150.353,71.55],[150.413,71.565],[150.358,71.548]]],[[[150.347,71.547],[150.285,71.566],[150.332,71.568],[150.347,71.547]]],[[[150.168,71.584],[150.055,71.57],[150.069,71.576],[150.074,71.583],[150.057,71.592],[150.08,71.608],[150.168,71.584]]],[[[150.248,71.577],[150.208,71.58],[150.223,71.598],[150.248,71.577]]],[[[150.17,71.581],[150.168,71.584],[150.157,71.611],[150.179,71.608],[150.17,71.581]]],[[[150.062,71.635],[150.095,71.615],[150.075,71.608],[150.037,71.579],[150.047,71.567],[150.01,71.581],[150.032,71.605],[150.062,71.635]]],[[[150.008,71.638],[150.034,71.631],[150.001,71.6],[150.008,71.638]]],[[[150.106,71.626],[150.15,71.634],[150.141,71.622],[150.106,71.626]]],[[[149.983,71.657],[149.919,71.668],[149.958,71.673],[149.983,71.657]]],[[[139.013,71.674],[138.948,71.687],[138.991,71.687],[139.021,71.671],[139.013,71.674]]],[[[149.889,71.749],[150.016,71.767],[150.003,71.762],[149.889,71.749]]],[[[149.44,71.84],[149.462,71.83],[149.406,71.83],[149.44,71.84]]],[[[146.034,72.08],[146.029,72.084],[146.099,72.09],[146.034,72.08]]],[[[146.049,72.206],[145.934,72.154],[145.876,72.146],[145.851,72.202],[145.931,72.178],[146.049,72.206]]],[[[140.286,72.499],[140.298,72.497],[140.276,72.499],[140.26,72.514],[140.286,72.499]]],[[[140.805,73.422],[139.986,73.342],[139.777,73.404],[140.557,73.494],[140.988,73.701],[140.872,73.707],[141.122,73.853],[142.066,73.908],[143.41,73.547],[143.534,73.469],[143.481,73.31],[143.609,73.211],[141.736,73.283],[140.805,73.422]]],[[[140.172,74.088],[140.263,74.232],[140.872,74.268],[141.105,74.191],[140.981,73.981],[140.477,73.916],[140.625,73.896],[140.526,73.899],[140.386,73.929],[140.172,74.088]]],[[[149.519,74.74],[149.518,74.73],[149.473,74.734],[149.519,74.74]]],[[[143.465,75.043],[143.429,75.018],[143.432,75.045],[143.465,75.043]]],[[[146.245,75.402],[146.491,75.589],[146.75,75.513],[146.647,75.432],[146.923,75.328],[147.448,75.328],[147.147,75.359],[147.619,75.441],[148.584,75.366],[148.51,75.312],[148.548,75.258],[148.334,75.211],[148.992,75.192],[148.941,75.209],[149.395,75.262],[150.639,75.108],[150.522,75.081],[150.547,75.076],[150.965,75.125],[150.669,74.989],[150.63,74.861],[148.711,74.737],[148.117,74.794],[147.692,74.953],[146.114,75.24],[146.29,75.27],[146.229,75.383],[146.294,75.391],[146.245,75.402]]],[[[142.719,74.893],[142.626,74.83],[142.761,74.842],[142.497,74.797],[142.359,74.814],[141.909,74.933],[142.443,74.906],[142.23,75.005],[141.883,75.0],[141.6,74.933],[140.841,74.883],[140.189,74.805],[140.048,74.795],[139.919,74.792],[139.837,74.804],[140.104,74.803],[140.019,74.892],[139.643,74.962],[139.472,74.921],[139.545,74.847],[139.694,74.863],[139.456,74.706],[139.062,74.636],[138.176,74.757],[137.865,74.941],[137.243,75.108],[137.003,75.235],[137.138,75.211],[137.252,75.232],[137.284,75.241],[137.279,75.249],[137.0,75.236],[136.931,75.343],[137.478,75.352],[137.185,75.371],[137.171,75.43],[137.298,75.471],[137.216,75.518],[136.991,75.585],[137.221,75.647],[137.148,75.702],[137.213,75.75],[137.612,75.79],[137.483,75.826],[137.49,75.938],[138.064,75.988],[138.198,76.072],[137.99,76.008],[138.268,76.119],[138.843,76.201],[139.139,76.202],[139.03,76.18],[139.205,76.078],[140.001,75.947],[139.836,75.871],[140.184,75.79],[140.109,75.77],[140.466,75.79],[140.377,75.663],[140.564,75.612],[141.192,75.624],[141.032,75.743],[140.966,75.93],[141.043,76.003],[141.438,76.026],[141.72,75.974],[141.752,75.98],[141.351,76.154],[141.398,76.173],[142.608,75.856],[143.88,75.825],[145.402,75.496],[144.857,75.429],[144.779,75.371],[144.958,75.271],[144.778,75.236],[144.721,75.146],[144.084,75.012],[142.928,75.14],[142.745,75.3],[142.525,75.344],[142.572,75.462],[143.056,75.557],[142.953,75.569],[143.129,75.643],[143.056,75.706],[142.421,75.739],[142.256,75.704],[142.421,75.667],[141.967,75.617],[142.189,75.592],[142.084,75.548],[142.184,75.473],[142.172,75.392],[142.657,75.101],[143.695,74.955],[142.719,74.893]],[[137.21,75.522],[137.268,75.525],[137.289,75.519],[137.315,75.521],[137.192,75.549],[137.332,75.579],[137.267,75.619],[137.027,75.589],[137.216,75.518],[137.21,75.522]]],[[[140.791,75.644],[140.679,75.653],[140.788,75.669],[140.791,75.644]]],[[[141.031,75.67],[141.097,75.665],[141.073,75.643],[141.031,75.67]]],[[[140.618,75.703],[140.62,75.689],[140.592,75.689],[140.618,75.703]]],[[[142.51,75.714],[142.459,75.712],[142.463,75.72],[142.51,75.714]]],[[[140.931,76.084],[141.093,76.085],[141.062,76.07],[140.931,76.084]]],[[[152.548,76.138],[152.54,76.144],[152.844,76.187],[152.83,76.095],[152.548,76.138]]],[[[148.842,76.726],[149.496,76.756],[149.198,76.63],[148.48,76.638],[148.842,76.726]]],[[[158.061,76.794],[158.144,76.793],[158.093,76.781],[158.024,76.798],[158.061,76.794]]],[[[156.612,77.11],[156.642,77.078],[156.471,77.074],[156.612,77.11]]],[[[161.253,68.668],[161.24,68.694],[161.273,68.709],[161.253,68.668]]],[[[161.416,68.682],[161.292,68.72],[161.313,68.744],[161.356,68.735],[161.416,68.682]]],[[[161.419,68.807],[161.604,68.844],[161.588,68.833],[161.419,68.807]]],[[[161.319,68.814],[161.306,68.817],[161.404,68.859],[161.319,68.814]]],[[[161.585,68.844],[161.432,68.825],[161.588,68.893],[161.562,68.944],[161.617,68.854],[161.585,68.844]]],[[[161.637,68.92],[161.665,68.886],[161.625,68.86],[161.637,68.92]]],[[[161.489,68.945],[161.461,68.927],[161.449,68.937],[161.489,68.945]]],[[[161.3,69.019],[161.444,68.961],[161.378,68.931],[161.381,68.973],[161.3,69.019]]],[[[161.265,69.012],[161.267,69.016],[161.307,68.991],[161.265,69.012]]],[[[161.235,69.017],[161.177,69.039],[161.273,69.027],[161.235,69.017]]],[[[161.459,69.055],[161.481,69.023],[161.453,69.046],[161.459,69.055]]],[[[161.115,69.121],[161.186,69.291],[161.228,69.275],[161.219,69.248],[161.24,69.23],[161.277,69.218],[161.321,69.209],[161.339,69.206],[161.366,69.207],[161.466,69.18],[161.436,69.158],[161.438,69.062],[161.536,68.897],[161.393,68.869],[161.502,68.95],[161.334,69.028],[161.115,69.121]]],[[[161.081,69.059],[161.003,69.087],[161.109,69.12],[161.081,69.059]]],[[[161.481,69.14],[161.483,69.138],[161.463,69.12],[161.481,69.14]]],[[[161.489,69.149],[161.445,69.131],[161.441,69.16],[161.489,69.149]]],[[[161.007,69.147],[160.971,69.203],[160.985,69.212],[160.988,69.195],[160.99,69.189],[160.996,69.186],[161.062,69.168],[161.083,69.171],[161.007,69.147]]],[[[161.062,69.168],[160.965,69.253],[161.045,69.283],[161.042,69.216],[161.062,69.168]]],[[[161.413,69.228],[161.427,69.239],[161.431,69.227],[161.413,69.228]]],[[[161.044,69.231],[161.08,69.273],[161.092,69.249],[161.044,69.231]]],[[[161.479,69.258],[161.449,69.245],[161.466,69.27],[161.479,69.258]]],[[[161.449,69.328],[161.624,69.276],[161.595,69.252],[161.449,69.328]]],[[[161.094,69.303],[161.066,69.269],[161.045,69.328],[161.094,69.303]]],[[[161.117,69.334],[161.166,69.314],[161.152,69.299],[161.117,69.334]]],[[[161.077,69.349],[161.071,69.364],[161.097,69.358],[161.077,69.349]]],[[[161.342,69.418],[161.335,69.406],[161.431,69.28],[161.377,69.206],[161.241,69.232],[161.229,69.278],[161.09,69.411],[161.398,69.533],[161.342,69.418]]],[[[161.475,69.39],[161.452,69.384],[161.469,69.399],[161.475,69.39]]],[[[161.605,69.423],[161.508,69.409],[161.544,69.416],[161.594,69.451],[161.605,69.423]]],[[[161.043,69.504],[161.048,69.504],[161.014,69.478],[161.043,69.504]]],[[[161.422,69.583],[161.582,69.611],[161.663,69.578],[161.666,69.476],[161.368,69.394],[161.422,69.583]]],[[[161.92,69.503],[161.854,69.503],[161.941,69.509],[161.92,69.503]]],[[[161.17,69.508],[161.159,69.509],[161.223,69.516],[161.17,69.508]]],[[[161.948,69.509],[161.939,69.513],[162.051,69.535],[161.948,69.509]]],[[[161.065,69.528],[161.012,69.506],[161.016,69.522],[161.065,69.528]]],[[[161.238,69.543],[161.216,69.529],[161.21,69.536],[161.238,69.543]]],[[[161.842,69.535],[161.912,69.559],[161.904,69.546],[161.842,69.535]]],[[[161.095,69.538],[161.064,69.524],[161.065,69.528],[161.067,69.533],[161.056,69.55],[161.068,69.554],[161.079,69.573],[161.074,69.578],[161.11,69.569],[161.095,69.538]]],[[[162.018,69.547],[161.979,69.544],[162.0,69.552],[162.018,69.547]]],[[[162.004,69.581],[162.003,69.564],[161.959,69.551],[162.004,69.581]]],[[[161.054,69.554],[161.058,69.569],[161.049,69.579],[161.069,69.567],[161.054,69.554]]],[[[161.054,69.572],[161.029,69.537],[161.012,69.565],[160.946,69.599],[161.054,69.572]]],[[[161.725,69.564],[161.721,69.569],[161.725,69.577],[161.74,69.581],[161.742,69.581],[161.745,69.584],[161.746,69.597],[161.759,69.584],[161.725,69.564]]],[[[162.089,69.58],[162.041,69.589],[162.045,69.594],[162.089,69.58]]],[[[161.8,69.609],[161.82,69.644],[161.9,69.646],[161.882,69.632],[161.877,69.605],[161.905,69.562],[161.736,69.566],[161.8,69.609]]],[[[160.908,69.613],[160.884,69.582],[160.835,69.578],[160.908,69.613]]],[[[161.701,69.619],[161.74,69.629],[161.74,69.581],[161.701,69.619]]],[[[160.997,69.599],[160.989,69.61],[161.023,69.605],[160.997,69.599]]],[[[161.363,69.613],[161.38,69.611],[161.354,69.596],[161.363,69.613]]],[[[161.079,69.597],[161.036,69.615],[161.061,69.621],[161.079,69.597]]],[[[161.793,69.611],[161.747,69.598],[161.753,69.629],[161.793,69.611]]],[[[161.688,69.618],[161.682,69.598],[161.662,69.62],[161.67,69.628],[161.699,69.631],[161.688,69.618]]],[[[160.948,69.602],[160.916,69.631],[160.939,69.63],[160.948,69.602]]],[[[160.831,69.64],[160.879,69.631],[160.869,69.62],[160.831,69.64]]],[[[161.107,69.632],[161.108,69.635],[161.146,69.625],[161.107,69.632]]],[[[161.909,69.636],[161.887,69.623],[161.888,69.633],[161.909,69.636]]],[[[161.0,69.634],[161.06,69.631],[161.034,69.625],[161.0,69.634]]],[[[161.09,69.644],[161.108,69.64],[161.102,69.633],[161.09,69.644]]],[[[161.932,69.632],[161.927,69.646],[161.944,69.646],[161.932,69.632]]],[[[160.942,69.662],[160.963,69.654],[160.946,69.652],[160.942,69.662]]],[[[160.654,69.66],[160.57,69.653],[160.589,69.671],[160.654,69.66]]],[[[161.039,69.673],[161.084,69.661],[161.01,69.653],[161.039,69.673]]],[[[162.239,70.646],[162.502,70.642],[162.479,70.628],[162.239,70.646]]],[[[161.669,70.66],[161.665,70.671],[161.693,70.685],[161.669,70.66]]],[[[161.71,70.716],[161.497,70.777],[161.519,70.813],[161.71,70.716]]],[[[161.424,70.925],[161.589,70.883],[161.567,70.88],[161.424,70.925]]]]}},{"type":"Feature","properties":{"admin_code":"RU-SAK","name":"Sakhalin Oblast","name_local":"Сахалинская область"},"geometry":{"type":"MultiPolygon","coordinates":[[[[146.007,43.361],[145.987,43.369],[146.022,43.378],[146.007,43.361]]],[[[145.955,43.425],[145.899,43.417],[145.863,43.454],[145.955,43.425]]],[[[146.13,44.508],[146.336,44.418],[146.58,44.457],[146.493,44.354],[146.112,44.263],[145.921,44.135],[145.78,43.933],[145.585,43.863],[145.555,43.672],[145.541,43.653],[145.557,43.727],[145.436,43.718],[145.399,43.829],[146.13,44.508]]],[[[141.21,46.252],[141.234,46.289],[141.262,46.249],[141.21,46.252]]],[[[141.81,46.6],[142.062,47.107],[141.966,47.298],[141.962,47.62],[142.202,47.975],[142.145,48.323],[141.848,48.768],[141.979,48.877],[142.144,49.518],[142.153,50.365],[142.044,50.549],[142.087,50.822],[142.257,51.088],[142.075,51.476],[141.668,51.747],[141.779,51.714],[141.828,51.783],[141.627,51.886],[141.694,52.162],[141.628,52.321],[141.829,52.554],[141.922,53.031],[141.764,53.377],[141.869,53.428],[141.872,53.436],[142.157,53.523],[142.251,53.538],[142.242,53.386],[142.427,53.378],[142.588,53.523],[142.671,53.509],[142.56,53.601],[142.514,53.547],[142.476,53.66],[142.639,53.689],[142.683,53.622],[142.783,53.704],[142.701,53.843],[142.586,53.695],[142.696,53.943],[142.257,54.304],[142.609,54.326],[142.514,54.294],[142.545,54.237],[142.705,54.426],[142.988,54.115],[142.894,53.875],[142.829,53.869],[142.894,53.874],[142.949,53.658],[142.978,53.691],[143.061,53.561],[143.029,53.589],[142.967,53.56],[143.063,53.557],[143.13,53.451],[143.149,53.422],[143.121,53.431],[143.083,53.391],[143.15,53.421],[143.214,53.3],[143.264,53.163],[143.318,52.918],[143.328,52.839],[143.255,53.145],[143.136,53.21],[143.198,53.283],[143.156,53.367],[143.033,53.264],[143.099,53.037],[143.249,52.843],[143.284,52.906],[143.267,52.933],[143.287,52.958],[143.314,52.713],[143.316,52.837],[143.336,52.829],[143.283,52.453],[143.181,52.325],[143.275,52.454],[143.271,52.48],[143.229,52.479],[143.301,52.587],[143.289,52.642],[143.118,52.361],[143.117,52.289],[143.17,52.36],[143.183,52.312],[143.143,52.083],[143.146,52.26],[143.075,52.171],[143.151,51.975],[143.099,51.929],[143.213,51.85],[143.182,51.969],[143.329,51.691],[143.284,51.715],[143.254,51.685],[143.208,51.512],[143.353,51.523],[143.335,51.613],[143.357,51.634],[143.438,51.441],[143.319,51.738],[143.437,51.495],[143.48,51.324],[143.442,51.37],[143.374,51.333],[143.488,51.269],[143.465,51.214],[143.523,51.226],[143.48,51.321],[143.525,51.226],[143.757,50.402],[144.237,49.507],[144.279,49.248],[144.397,49.033],[144.691,48.861],[144.672,48.726],[144.748,48.645],[144.669,48.641],[144.523,48.926],[144.054,49.252],[143.493,49.315],[143.046,49.182],[142.947,49.058],[142.979,48.898],[142.56,48.115],[142.526,47.778],[142.746,47.435],[143.018,47.251],[143.099,46.908],[143.303,46.798],[143.476,46.826],[143.616,46.371],[143.414,46.019],[143.423,46.215],[143.273,46.537],[143.14,46.608],[142.771,46.608],[142.71,46.751],[142.573,46.718],[142.407,46.586],[142.081,45.893],[141.914,46.047],[141.81,46.6]]],[[[143.27,51.66],[143.273,51.676],[143.276,51.673],[143.27,51.66]]],[[[143.298,51.689],[143.296,51.667],[143.284,51.695],[143.298,51.689]]],[[[143.179,51.988],[143.167,51.979],[143.144,52.025],[143.148,52.081],[143.179,51.988]]],[[[143.119,52.086],[143.116,52.111],[143.129,52.104],[143.119,52.086]]],[[[143.113,52.142],[143.126,52.13],[143.106,52.131],[143.113,52.142]]],[[[143.258,52.464],[143.192,52.4],[143.197,52.439],[143.258,52.464]]],[[[143.257,52.551],[143.245,52.548],[143.259,52.58],[143.257,52.551]]],[[[141.718,53.375],[141.693,53.392],[141.774,53.42],[141.833,53.415],[141.718,53.375]]],[[[142.474,53.576],[142.291,53.523],[142.299,53.564],[142.474,53.576]]],[[[146.098,43.448],[146.109,43.438],[146.025,43.408],[146.098,43.448]]],[[[146.059,43.523],[146.204,43.534],[146.185,43.482],[146.059,43.523]]],[[[146.312,43.651],[146.357,43.618],[146.276,43.625],[146.312,43.651]]],[[[146.802,43.76],[146.807,43.753],[146.789,43.745],[146.802,43.76]]],[[[146.823,43.89],[146.92,43.837],[146.676,43.706],[146.607,43.773],[146.823,43.89]]],[[[147.596,44.853],[147.209,44.568],[146.862,44.446],[146.948,44.631],[146.99,44.576],[147.009,44.66],[147.184,44.693],[147.109,44.823],[147.245,44.81],[147.518,44.997],[147.505,45.117],[147.653,45.079],[147.732,45.192],[147.87,45.224],[147.905,45.43],[148.018,45.278],[148.167,45.258],[148.419,45.327],[148.656,45.539],[148.893,45.514],[148.842,45.336],[148.305,45.216],[147.905,44.961],[147.618,44.962],[147.596,44.853]]],[[[150.31,46.221],[150.571,46.229],[149.663,45.621],[149.397,45.577],[150.31,46.221]]],[[[150.812,46.484],[150.844,46.446],[150.83,46.442],[150.812,46.484]]],[[[150.865,46.496],[150.83,46.511],[150.876,46.545],[150.865,46.496]]],[[[150.72,46.74],[150.749,46.728],[150.741,46.702],[150.72,46.74]]],[[[152.193,47.16],[152.292,47.153],[151.818,46.775],[151.706,46.838],[151.898,46.896],[152.193,47.16]]],[[[152.437,47.295],[152.412,47.348],[152.485,47.377],[152.54,47.337],[152.437,47.295]]],[[[152.794,47.519],[152.826,47.527],[152.825,47.509],[152.794,47.519]]],[[[152.851,47.549],[152.823,47.531],[152.834,47.541],[152.851,47.549]]],[[[153.059,47.747],[152.967,47.676],[152.968,47.752],[153.059,47.747]]],[[[153.299,48.074],[153.292,48.067],[153.281,48.079],[153.299,48.074]]],[[[153.233,48.038],[153.16,48.104],[153.2,48.124],[153.233,48.038]]],[[[153.258,48.301],[153.269,48.291],[153.249,48.283],[153.258,48.301]]],[[[154.103,48.888],[154.228,48.883],[154.038,48.73],[154.103,48.888]]],[[[153.907,48.964],[154.009,48.96],[154.01,48.931],[153.907,48.964]]],[[[153.488,48.993],[153.505,48.98],[153.485,48.966],[153.488,48.993]]],[[[154.516,49.07],[154.452,49.157],[154.516,49.165],[154.591,49.133],[154.516,49.07]]],[[[154.814,49.633],[154.918,49.609],[154.811,49.463],[154.828,49.298],[154.621,49.291],[154.814,49.633]]],[[[154.399,49.804],[154.477,49.81],[154.452,49.732],[154.399,49.804]]],[[[154.982,50.213],[155.014,50.201],[154.981,50.184],[154.982,50.213]]],[[[156.034,50.768],[156.146,50.749],[156.17,50.507],[156.038,50.463],[155.795,50.191],[155.522,50.145],[155.397,50.0],[155.221,50.052],[155.209,50.291],[155.65,50.378],[156.034,50.768]]],[[[156.2,50.769],[156.484,50.87],[156.508,50.839],[156.402,50.631],[156.183,50.684],[156.2,50.769]]],[[[155.537,50.807],[155.455,50.885],[155.63,50.91],[155.676,50.843],[155.537,50.807]]]]}},{"type":"Feature","properties":{"admin_code":"RU-SAM","name":"Samara Oblast","name_local":"Самарская область"},"geometry":{"type":"MultiPolygon","coordinates":[[[[50.244,54.443],[50.374,54.493],[50.504,54.328],[50.736,54.405],[50.951,54.343],[51.008,54.549],[51.389,54.677],[51.382,54.588],[51.534,54.651],[51.634,54.565],[51.929,54.535],[51.904,54.413],[52.066,54.418],[52.093,54.328],[52.096,54.391],[52.332,54.448],[52.367,54.399],[52.432,54.474],[52.568,54.34],[52.331,54.279],[52.306,54.132],[52.489,54.054],[52.372,53.974],[52.412,53.9],[52.189,53.556],[52.098,53.558],[52.095,53.464],[52.212,53.381],[52.137,53.166],[52.067,53.149],[52.162,53.088],[52.05,53.091],[52.042,52.965],[51.887,52.95],[51.838,52.865],[51.715,52.876],[51.724,52.653],[51.472,52.629],[51.461,52.51],[51.548,52.429],[51.371,52.365],[51.462,52.225],[51.391,52.069],[50.768,51.773],[50.702,51.933],[50.352,51.982],[50.352,52.045],[50.156,52.01],[50.223,52.129],[49.798,52.173],[49.746,52.27],[49.624,52.248],[49.57,52.396],[49.45,52.32],[49.435,52.399],[49.285,52.383],[49.352,52.465],[49.171,52.5],[48.96,52.493],[48.882,52.408],[48.834,52.548],[48.727,52.543],[48.693,52.64],[48.308,52.683],[48.589,52.896],[48.36,52.957],[48.327,53.069],[48.225,53.005],[48.123,53.052],[48.212,53.137],[48.108,53.18],[48.161,53.233],[47.93,53.362],[48.036,53.471],[48.369,53.474],[48.465,53.556],[48.349,53.653],[48.533,53.667],[48.489,53.771],[48.995,53.707],[48.996,53.875],[49.085,53.891],[49.601,53.802],[49.817,53.89],[50.036,53.819],[50.037,53.88],[49.928,53.889],[49.978,53.979],[50.224,54.07],[50.239,54.296],[50.092,54.507],[50.244,54.443]]],[[[52.247,53.401],[52.314,53.389],[52.304,53.328],[52.247,53.401]]]]}},{"type":"Feature","properties":{"admin_code":"RU-SAR","name":"Saratov Oblast","name_local":"Саратовская область"},"geometry":{"type":"Polygon","coordinates":[[[47.235,50.371],[47.206,50.509],[46.912,50.49],[46.799,50.578],[46.857,50.642],[46.718,50.711],[46.583,50.712],[46.568,50.615],[46.458,50.617],[46.484,50.547],[46.278,50.528],[46.061,50.526],[46.093,50.665],[45.842,50.756],[45.716,50.738],[45.699,50.578],[45.193,50.585],[45.304,50.914],[45.224,50.935],[45.221,51.04],[44.865,51.171],[44.593,51.119],[44.477,51.211],[44.224,51.199],[44.185,51.093],[44.018,51.072],[44.018,51.159],[43.923,51.162],[43.359,50.999],[42.881,51.233],[42.947,51.267],[42.86,51.397],[42.566,51.538],[42.515,51.712],[42.668,51.807],[42.713,51.996],[42.814,52.022],[42.772,52.185],[42.889,52.212],[42.921,52.36],[43.205,52.459],[43.368,52.353],[43.749,52.433],[44.32,52.291],[44.402,52.407],[44.535,52.423],[44.533,52.533],[45.076,52.307],[45.123,52.413],[45.429,52.386],[45.641,52.508],[45.962,52.397],[46.167,52.608],[46.573,52.727],[46.744,52.611],[46.981,52.638],[47.053,52.533],[47.498,52.621],[47.724,52.568],[47.812,52.736],[47.934,52.647],[48.064,52.676],[48.092,52.733],[47.993,52.745],[48.089,52.794],[48.42,52.819],[48.308,52.683],[48.693,52.64],[48.727,52.543],[48.834,52.548],[48.882,52.408],[48.96,52.493],[49.258,52.496],[49.352,52.465],[49.285,52.383],[49.435,52.399],[49.45,52.32],[49.57,52.396],[49.624,52.248],[49.676,52.229],[49.715,52.276],[49.746,52.27],[49.798,52.173],[50.223,52.129],[50.156,52.01],[50.352,52.045],[50.352,51.982],[50.649,51.959],[50.833,51.649],[50.768,51.575],[50.585,51.646],[50.556,51.473],[50.372,51.428],[50.374,51.333],[50.251,51.281],[49.776,51.107],[49.457,51.126],[49.339,50.987],[49.423,50.849],[49.126,50.785],[48.814,50.595],[48.606,50.662],[48.809,50.17],[48.763,50.098],[48.903,50.018],[48.441,49.801],[48.226,49.868],[48.095,50.1],[47.637,50.455],[47.235,50.371]]]}},{"type":"Feature","properties":{"admin_code":"RU-SE","name":"North Ossetia–Alania","name_local":"Северная Осетия — Алания"},"geometry":{"type":"Polygon","coordinates":[[[44.622,43.547],[44.631,43.614],[44.481,43.516],[44.512,43.406],[44.578,43.414],[44.571,43.236],[44.681,43.211],[44.682,43.277],[44.96,43.041],[44.854,42.836],[44.632,42.892],[44.671,42.751],[44.314,42.722],[43.965,42.547],[43.715,42.632],[43.804,42.743],[43.398,42.897],[43.443,42.969],[43.572,42.943],[43.83,43.323],[43.92,43.242],[44.002,43.273],[44.003,43.212],[44.098,43.267],[44.038,43.352],[44.106,43.431],[44.175,43.349],[44.32,43.45],[44.355,43.392],[44.442,43.428],[44.429,43.685],[44.297,43.689],[44.268,43.811],[44.794,43.817],[44.848,43.566],[44.622,43.547]]]}},{"type":"Feature","properties":{"admin_code":"RU-SMO","name":"Smolensk Oblast","name_local":"Смоленская область"},"geometry":{"type":"Polygon","coordinates":[[[31.061,55.699],[31.038,55.761],[31.736,55.694],[31.876,55.787],[32.117,55.717],[32.038,55.651],[32.383,55.722],[32.452,55.673],[32.498,55.74],[32.523,55.643],[32.577,55.695],[33.12,55.637],[33.648,55.844],[33.639,55.96],[33.803,55.933],[33.793,56.01],[33.916,56.067],[34.38,56.024],[34.623,55.911],[35.066,55.99],[35.33,55.794],[35.395,55.594],[35.297,55.576],[35.33,55.429],[35.259,55.33],[35.345,55.206],[35.124,54.975],[34.869,54.903],[34.928,54.784],[34.814,54.694],[34.406,54.689],[34.518,54.661],[34.436,54.51],[33.952,54.584],[33.699,54.541],[33.634,54.477],[33.702,54.466],[33.574,54.395],[33.688,54.295],[33.558,54.102],[33.453,54.081],[33.503,54.011],[33.282,53.941],[33.299,53.817],[33.192,53.804],[33.235,53.738],[32.918,53.586],[32.901,53.457],[32.77,53.409],[32.43,53.598],[32.415,53.665],[32.501,53.687],[32.461,53.738],[32.127,53.818],[31.761,53.796],[31.895,54.087],[31.318,54.244],[31.233,54.466],[31.086,54.509],[31.198,54.659],[30.991,54.672],[30.755,54.805],[30.819,54.94],[31.028,55.062],[30.82,55.282],[30.934,55.396],[30.925,55.623],[31.061,55.699]]]}},{"type":"Feature","properties":{"admin_code":"RU-SPE","name":"Saint Petersburg","name_local":"Санкт-Петербург"},"geometry":{"type":"MultiPolygon","coordinates":[[[[30.084,59.68],[30.073,59.667],[30.065,59.678],[30.084,59.68]]],[[[29.521,60.233],[29.758,60.243],[30.363,60.092],[30.566,59.971],[30.493,59.847],[30.757,59.744],[30.254,59.634],[30.284,59.795],[30.15,59.801],[30.12,59.692],[30.035,59.718],[30.128,59.809],[29.648,59.93],[30.117,59.859],[30.235,59.913],[30.208,59.979],[29.963,60.01],[29.869,60.162],[29.449,60.171],[29.521,60.233]]],[[[29.636,60.033],[29.805,59.983],[29.791,59.984],[29.792,59.973],[29.784,59.97],[29.636,60.033]]]]}},{"type":"Feature","properties":{"admin_code":"RU-STA","name":"Stavropol Krai","name_local":"Ставропольский край"},"geometry":{"type":"Polygon","coordinates":[[[41.496,46.006],[42.083,45.932],[42.152,45.943],[42.171,46.11],[42.322,46.135],[42.318,45.97],[42.557,46.008],[42.914,46.236],[43.47,45.989],[43.915,45.947],[44.316,45.553],[44.831,45.437],[45.59,45.126],[45.716,44.996],[45.522,44.679],[45.239,44.557],[45.227,44.468],[45.429,44.429],[45.372,44.29],[45.103,44.191],[45.503,44.176],[45.438,43.876],[45.054,43.958],[45.066,43.72],[44.884,43.659],[44.794,43.817],[44.293,43.81],[44.344,43.946],[44.419,43.945],[44.413,44.017],[44.269,43.918],[43.922,44.02],[43.771,43.928],[43.745,43.819],[43.474,43.866],[43.317,43.8],[43.164,43.962],[43.148,43.895],[42.866,43.868],[42.855,43.802],[42.66,43.816],[42.585,44.026],[42.48,43.966],[42.293,44.04],[42.379,44.169],[42.61,44.269],[42.553,44.368],[42.408,44.308],[42.03,44.353],[41.921,44.41],[41.925,44.496],[41.59,44.516],[41.427,44.708],[41.594,44.768],[41.654,44.986],[41.446,44.995],[41.279,45.264],[41.035,45.226],[40.923,45.517],[40.846,45.517],[40.848,45.694],[41.167,45.674],[41.169,45.76],[41.272,45.759],[41.161,45.952],[41.496,46.006]]]}},{"type":"Feature","properties":{"admin_code":"RU-SVE","name":"Sverdlovsk Oblast","name_local":"Свердловская область"},"geometry":{"type":"Polygon","coordinates":[[[64.831,56.842],[64.328,56.757],[64.343,56.644],[64.184,56.588],[64.179,56.461],[63.829,56.481],[63.493,56.613],[63.4,56.61],[63.358,56.491],[63.184,56.587],[62.889,56.591],[62.651,56.487],[62.516,56.563],[62.271,56.42],[62.268,56.34],[62.07,56.296],[62.061,56.131],[61.444,56.353],[61.119,56.352],[61.186,56.208],[61.104,56.181],[60.655,56.215],[60.68,56.31],[60.576,56.318],[60.553,56.222],[60.24,56.2],[59.223,56.355],[59.138,56.334],[59.169,56.199],[59.019,56.198],[59.039,56.128],[58.9,56.053],[58.558,56.173],[58.385,56.082],[57.861,56.149],[57.51,56.1],[57.411,56.346],[57.313,56.391],[57.418,56.58],[57.339,56.61],[57.439,56.677],[57.335,56.687],[57.229,56.856],[57.367,56.956],[57.573,56.895],[57.827,56.962],[57.873,57.056],[58.069,57.049],[58.04,57.114],[58.124,57.143],[58.032,57.151],[57.986,57.212],[58.048,57.249],[57.94,57.296],[58.03,57.611],[58.116,57.598],[58.155,57.695],[58.447,57.674],[58.537,57.564],[58.843,57.719],[58.864,57.838],[58.728,57.852],[58.587,58.042],[58.925,58.281],[59.137,58.26],[59.454,58.478],[59.4,58.708],[59.106,58.774],[59.08,58.906],[59.207,58.954],[59.093,59.0],[59.197,59.147],[58.681,59.268],[58.525,59.435],[58.363,59.465],[58.479,59.712],[58.602,59.693],[58.693,59.857],[58.8,59.843],[58.839,59.932],[58.989,59.908],[59.142,60.335],[59.414,60.604],[59.477,60.938],[59.366,60.973],[59.253,61.312],[59.445,61.416],[59.349,61.663],[59.419,61.754],[59.328,61.843],[59.577,61.946],[59.973,61.883],[59.989,61.719],[61.166,61.669],[62.484,61.261],[62.826,61.001],[62.76,60.853],[63.226,60.294],[63.181,60.224],[63.606,60.137],[63.803,59.802],[63.874,59.461],[64.02,59.382],[65.072,59.312],[65.122,59.216],[65.236,59.206],[65.373,58.899],[65.655,58.658],[65.95,58.615],[66.0,58.249],[66.185,58.011],[65.795,57.875],[65.668,57.898],[65.685,57.838],[65.52,57.741],[65.418,57.837],[64.833,57.648],[64.997,57.57],[64.85,57.451],[64.898,57.332],[64.827,57.293],[65.005,57.234],[65.009,56.966],[65.111,56.886],[65.253,56.921],[65.17,56.764],[64.831,56.842]]]}},{"type":"Feature","properties":{"admin_code":"RU-TA","name":"Tatarstan","name_local":"Татарстан"},"geometry":{"type":"MultiPolygon","coordinates":[[[[47.251,54.845],[47.245,54.843],[47.237,54.847],[47.251,54.845]]],[[[47.33,54.847],[47.294,54.848],[47.3,54.852],[47.33,54.847]]],[[[47.35,54.869],[47.347,54.868],[47.342,54.876],[47.35,54.869]]],[[[47.325,54.892],[47.33,54.888],[47.292,54.868],[47.325,54.892]]],[[[50.329,56.678],[50.41,56.576],[50.491,56.61],[50.438,56.551],[50.534,56.508],[50.489,56.48],[50.64,56.405],[50.58,56.349],[50.884,56.372],[50.917,56.278],[50.832,56.241],[51.002,56.204],[51.059,56.113],[51.32,56.061],[51.639,56.136],[51.408,56.009],[51.353,56.043],[51.341,56.045],[51.473,55.911],[51.743,55.982],[51.781,55.887],[51.952,55.99],[52.156,55.904],[52.245,55.958],[52.243,56.098],[52.757,55.99],[52.713,56.13],[52.845,56.08],[52.882,56.16],[52.555,56.243],[52.964,56.428],[52.878,56.508],[52.948,56.542],[53.145,56.525],[52.944,56.285],[53.0,56.178],[53.043,56.171],[53.025,56.218],[53.068,56.211],[53.041,56.2],[53.064,56.13],[53.155,56.159],[53.333,56.062],[53.351,56.166],[53.238,56.245],[53.575,56.237],[53.568,56.126],[53.21,55.936],[53.241,55.872],[53.713,55.929],[53.992,55.847],[53.959,55.779],[54.257,55.72],[53.966,55.531],[53.896,55.355],[53.69,55.327],[53.617,55.214],[53.158,55.166],[53.553,54.879],[53.649,54.907],[53.609,54.672],[53.423,54.566],[53.386,54.417],[53.501,54.056],[53.369,53.974],[53.236,54.113],[53.062,54.065],[53.097,54.126],[52.949,54.227],[53.14,54.247],[53.056,54.353],[52.901,54.272],[52.952,54.307],[52.568,54.34],[52.432,54.474],[52.367,54.399],[52.332,54.448],[52.096,54.391],[52.093,54.328],[52.066,54.418],[51.904,54.413],[51.929,54.535],[51.634,54.565],[51.534,54.651],[51.382,54.588],[51.389,54.677],[51.008,54.549],[50.951,54.343],[50.736,54.405],[50.504,54.328],[50.374,54.493],[50.244,54.443],[49.56,54.562],[49.48,54.689],[49.526,54.724],[49.288,54.891],[49.09,54.788],[48.882,54.796],[48.882,54.625],[48.465,54.625],[48.103,54.767],[47.817,54.642],[47.823,54.728],[47.718,54.735],[47.595,54.54],[47.451,54.567],[47.397,54.496],[47.371,54.698],[47.259,54.678],[47.388,54.753],[47.398,54.893],[47.744,54.81],[47.736,54.909],[47.781,54.819],[47.824,54.803],[47.767,54.959],[48.012,54.986],[48.028,55.04],[47.9,55.053],[48.108,55.14],[48.012,55.29],[47.874,55.323],[47.902,55.262],[47.804,55.303],[47.67,55.214],[47.645,55.336],[47.794,55.335],[47.97,55.515],[48.108,55.524],[48.145,55.57],[48.014,55.599],[48.084,55.695],[48.235,55.689],[48.266,55.781],[48.412,55.781],[48.415,55.915],[48.666,55.938],[48.694,56.06],[48.83,56.05],[49.052,56.19],[48.922,56.256],[49.052,56.345],[49.223,56.394],[49.335,56.33],[49.424,56.478],[49.515,56.423],[49.756,56.537],[49.814,56.501],[49.754,56.454],[49.987,56.495],[49.97,56.431],[50.201,56.557],[50.054,56.6],[50.329,56.678]],[[48.113,55.025],[48.051,54.989],[48.103,54.991],[48.113,55.025]],[[47.854,54.742],[47.851,54.773],[47.838,54.77],[47.854,54.742]],[[47.842,54.909],[47.842,54.915],[47.822,54.914],[47.842,54.909]]],[[[47.739,55.376],[47.743,55.368],[47.699,55.389],[47.739,55.376]]],[[[52.222,56.074],[52.23,56.057],[52.227,56.048],[52.222,56.074]]],[[[53.063,56.191],[53.063,56.193],[53.072,56.199],[53.063,56.191]]],[[[53.091,56.191],[53.084,56.204],[53.09,56.208],[53.091,56.191]]]]}},{"type":"Feature","properties":{"admin_code":"RU-TAM","name":"Tambov Oblast","name_local":"Тамбовская область"},"geometry":{"type":"Polygon","coordinates":[[[40.301,53.382],[40.37,53.34],[40.422,53.496],[40.471,53.445],[40.701,53.556],[40.84,53.458],[40.958,53.5],[41.145,53.417],[41.354,53.525],[41.4,53.784],[42.144,53.803],[42.082,53.748],[42.144,53.712],[42.11,53.515],[42.32,53.43],[42.237,53.359],[42.412,53.338],[42.571,53.18],[42.509,53.17],[42.548,53.122],[42.958,52.931],[43.248,52.636],[43.058,52.559],[43.122,52.511],[43.024,52.487],[43.072,52.392],[42.921,52.36],[42.889,52.212],[42.772,52.185],[42.814,52.022],[42.713,51.996],[42.668,51.807],[42.515,51.712],[42.521,51.596],[42.265,51.602],[42.308,51.69],[42.229,51.719],[42.119,51.73],[42.095,51.628],[41.482,51.805],[40.882,51.739],[40.946,51.891],[40.534,51.946],[40.641,52.036],[40.637,52.175],[40.765,52.202],[40.733,52.251],[40.293,52.392],[40.326,52.459],[39.95,52.634],[39.992,52.667],[39.916,52.709],[40.083,52.755],[40.038,52.913],[40.124,52.948],[40.087,53.214],[40.301,53.382]]]}},{"type":"Feature","properties":{"admin_code":"RU-TOM","name":"Tomsk Oblast","name_local":"Томская область"},"geometry":{"type":"Polygon","coordinates":[[[75.701,58.969],[75.638,59.212],[75.84,59.281],[75.898,59.4],[75.988,59.383],[76.177,59.53],[76.665,59.571],[76.773,59.991],[76.714,60.116],[76.867,60.275],[76.756,60.378],[76.799,60.469],[77.072,60.523],[77.064,60.612],[76.956,60.628],[77.098,60.705],[77.11,60.859],[77.97,60.741],[79.213,60.826],[79.39,60.635],[80.201,60.675],[80.705,60.803],[81.052,60.756],[81.104,60.642],[81.88,60.64],[82.167,60.516],[82.41,60.608],[82.376,60.707],[83.157,61.027],[83.477,61.036],[83.95,60.836],[84.263,60.863],[84.351,60.802],[84.791,60.352],[84.614,60.166],[84.574,59.973],[84.682,59.9],[86.636,59.949],[87.078,59.879],[87.174,59.683],[87.514,59.664],[87.902,59.256],[88.626,59.295],[88.576,59.212],[88.829,59.023],[88.384,58.894],[87.924,58.511],[88.017,58.214],[88.107,58.113],[88.859,57.955],[89.297,57.949],[89.375,57.865],[89.379,57.656],[89.13,57.615],[89.137,57.483],[88.87,57.477],[88.734,57.208],[88.504,57.125],[88.715,57.092],[88.524,56.769],[88.363,56.828],[87.654,56.544],[87.597,56.664],[87.365,56.593],[87.384,56.646],[87.139,56.658],[87.227,56.571],[87.092,56.534],[86.678,56.643],[86.44,56.548],[86.339,56.636],[86.205,56.624],[86.116,56.501],[85.562,56.281],[85.685,56.212],[85.228,56.228],[85.003,56.109],[84.885,56.162],[84.343,55.981],[84.21,56.06],[83.95,56.015],[83.644,55.749],[83.605,55.606],[83.502,55.707],[83.211,55.73],[83.401,55.895],[83.23,56.012],[83.302,56.096],[83.129,56.12],[83.212,56.208],[83.065,56.23],[83.193,56.328],[83.144,56.376],[83.288,56.443],[83.109,56.55],[82.808,56.516],[82.825,56.435],[82.748,56.4],[81.573,56.242],[81.22,56.538],[80.264,56.422],[79.589,56.923],[78.432,57.117],[78.448,57.165],[76.921,57.158],[76.095,57.235],[75.965,57.394],[75.848,57.386],[75.704,57.625],[75.55,57.625],[75.566,57.935],[75.071,58.117],[75.242,58.203],[75.057,58.339],[75.377,58.454],[75.109,58.576],[75.199,58.619],[75.131,58.664],[75.701,58.969]]]}},{"type":"Feature","properties":{"admin_code":"RU-TUL","name":"Tula Oblast","name_local":"Тульская область"},"geometry":{"type":"Polygon","coordinates":[[[37.456,54.839],[37.687,54.714],[37.763,54.744],[37.748,54.832],[37.937,54.85],[38.028,54.718],[38.519,54.596],[38.376,54.526],[38.387,54.467],[38.527,54.395],[38.513,54.294],[38.722,54.238],[38.687,54.186],[38.782,54.143],[38.685,54.098],[38.715,54.006],[38.89,53.931],[38.798,53.91],[38.855,53.848],[38.794,53.817],[38.952,53.73],[38.875,53.638],[38.947,53.609],[38.9,53.536],[38.723,53.529],[38.772,53.364],[38.532,53.308],[38.643,53.216],[38.583,53.16],[38.671,53.13],[38.566,52.991],[38.483,53.039],[38.327,52.946],[38.122,53.054],[37.856,53.011],[37.735,53.127],[37.61,53.099],[37.59,53.279],[36.899,53.273],[36.636,53.42],[36.489,53.39],[36.289,53.553],[36.019,53.568],[35.993,53.641],[36.088,53.703],[35.958,53.718],[35.973,53.816],[35.901,53.841],[35.899,53.85],[36.141,53.94],[36.098,54.006],[36.219,54.07],[35.969,54.181],[36.206,54.156],[36.486,54.288],[36.967,54.292],[36.972,54.429],[36.857,54.479],[36.962,54.522],[36.895,54.563],[37.127,54.554],[37.269,54.842],[37.456,54.839]]]}},{"type":"Feature","properties":{"admin_code":"RU-TVE","name":"Tver Oblast","name_local":"Тверская область"},"geometry":{"type":"Polygon","coordinates":[[[31.35,55.945],[31.508,56.05],[31.449,56.133],[31.518,56.306],[31.231,56.339],[31.213,56.427],[30.989,56.484],[31.059,56.655],[30.888,56.645],[30.728,56.781],[30.877,56.806],[31.005,56.987],[31.391,56.909],[31.696,56.99],[31.647,57.026],[31.756,57.114],[31.927,57.08],[32.25,57.203],[32.236,57.255],[32.377,57.225],[32.789,57.467],[33.264,57.422],[33.231,57.535],[33.307,57.649],[33.593,57.728],[33.547,57.851],[33.682,57.9],[33.693,57.99],[33.529,58.058],[33.706,58.17],[34.181,58.213],[34.672,58.073],[34.737,58.172],[34.689,58.2],[35.118,58.212],[35.257,58.274],[35.304,58.41],[36.503,58.515],[36.664,58.702],[36.829,58.742],[36.765,58.801],[37.071,58.863],[37.32,58.696],[37.284,58.648],[37.665,58.451],[37.418,58.391],[37.366,58.342],[37.435,58.276],[37.328,58.237],[37.715,58.078],[37.514,58.041],[37.499,57.969],[37.354,57.99],[37.493,57.909],[37.331,57.879],[37.434,57.869],[37.38,57.82],[37.489,57.811],[37.632,57.661],[37.821,57.62],[37.804,57.444],[37.871,57.399],[38.325,57.308],[38.15,57.225],[38.258,57.042],[38.1,56.855],[38.242,56.761],[37.993,56.767],[37.984,56.865],[37.698,56.959],[37.532,56.909],[37.573,56.867],[37.477,56.777],[37.067,56.756],[37.174,56.696],[37.056,56.526],[36.803,56.597],[36.682,56.498],[36.127,56.4],[36.089,56.336],[35.735,56.39],[35.62,56.477],[35.434,56.459],[35.418,56.383],[35.52,56.395],[35.502,56.259],[35.316,56.228],[35.363,56.179],[35.283,56.112],[35.338,56.093],[35.148,55.958],[34.745,55.978],[34.683,55.916],[34.606,55.912],[34.38,56.024],[33.916,56.067],[33.793,56.01],[33.803,55.933],[33.639,55.96],[33.648,55.844],[33.12,55.637],[32.577,55.695],[32.523,55.643],[32.498,55.74],[32.452,55.673],[32.383,55.722],[32.038,55.651],[32.117,55.717],[31.876,55.787],[31.777,55.699],[31.483,55.719],[31.35,55.945]]]}},{"type":"Feature","properties":{"admin_code":"RU-TY","name":"Tuva","name_local":"Тыва"},"geometry":{"type":"Polygon","coordinates":[[[90.752,52.07],[90.849,51.9],[91.072,51.952],[91.26,51.877],[91.804,51.887],[92.078,51.772],[92.874,51.836],[93.331,52.126],[93.677,52.212],[93.768,52.451],[94.096,52.678],[94.142,52.831],[94.526,52.91],[94.602,53.168],[94.716,53.237],[94.618,53.331],[95.036,53.366],[95.218,53.469],[95.405,53.366],[95.732,53.525],[96.111,53.452],[96.113,53.513],[96.232,53.517],[96.241,53.619],[96.448,53.512],[96.659,53.564],[96.742,53.727],[97.329,53.589],[97.6,53.37],[97.982,53.348],[98.005,53.248],[98.297,53.227],[98.304,53.096],[98.928,53.153],[99.062,53.104],[99.0,53.027],[99.274,52.932],[99.226,52.866],[98.893,52.895],[98.849,52.797],[98.95,52.787],[98.94,52.672],[98.63,52.416],[98.657,52.263],[98.833,52.274],[98.823,52.193],[98.987,52.159],[98.854,52.129],[98.764,51.87],[98.354,51.732],[98.223,51.595],[98.224,51.457],[98.05,51.45],[97.827,51.018],[98.033,50.865],[97.95,50.808],[98.008,50.669],[98.323,50.495],[98.308,50.323],[97.887,49.924],[97.762,50.001],[97.572,49.941],[97.497,49.806],[97.231,49.743],[96.995,49.893],[96.603,49.874],[96.525,49.944],[96.424,49.876],[95.861,50.044],[95.532,49.897],[95.017,49.981],[94.99,50.047],[94.615,50.035],[94.52,50.174],[94.39,50.214],[94.273,50.576],[93.397,50.635],[93.128,50.585],[92.959,50.662],[93.009,50.793],[92.788,50.806],[92.647,50.706],[92.358,50.885],[92.27,50.729],[91.793,50.724],[91.649,50.589],[91.458,50.552],[91.409,50.451],[90.921,50.419],[90.906,50.348],[90.706,50.313],[90.673,50.214],[90.504,50.235],[90.008,50.058],[89.975,49.971],[89.592,49.913],[89.52,50.192],[89.308,50.208],[89.381,50.339],[89.497,50.364],[89.503,50.46],[89.655,50.37],[89.819,50.411],[89.851,50.525],[89.649,50.577],[89.399,50.851],[89.054,51.047],[88.961,51.223],[89.009,51.394],[88.792,51.554],[89.207,51.659],[89.249,51.543],[89.433,51.608],[89.66,51.539],[89.927,51.757],[90.135,51.76],[90.011,51.962],[90.158,52.061],[90.143,52.148],[90.487,52.196],[90.752,52.07]]]}},{"type":"Feature","properties":{"admin_code":"RU-TYU","name":"Tyumen Oblast","name_local":"Тюменская область"},"geometry":{"type":"MultiPolygon","coordinates":[[[[71.268,56.319],[71.193,56.303],[71.194,56.319],[71.268,56.319]]],[[[71.076,56.337],[71.092,56.332],[71.081,56.322],[71.018,56.356],[71.076,56.337]]],[[[68.189,55.589],[68.162,55.724],[67.921,55.655],[67.822,55.729],[67.404,55.728],[67.303,55.963],[66.764,55.976],[66.723,56.042],[66.473,55.956],[66.161,56.069],[66.021,55.994],[65.834,56.073],[65.683,56.27],[65.122,56.308],[65.213,56.364],[64.997,56.505],[65.029,56.642],[64.927,56.772],[65.17,56.764],[65.253,56.921],[65.111,56.886],[65.009,56.966],[65.005,57.234],[64.827,57.293],[64.898,57.332],[64.85,57.451],[64.997,57.57],[64.833,57.648],[65.418,57.837],[65.52,57.741],[65.685,57.838],[65.668,57.898],[65.795,57.875],[66.185,58.011],[66.0,58.249],[65.95,58.615],[66.365,58.58],[66.785,58.657],[66.772,58.923],[67.054,58.927],[67.724,59.191],[68.261,59.238],[68.395,59.298],[68.573,59.589],[68.733,59.57],[69.309,59.77],[69.07,59.904],[69.27,59.99],[69.623,59.968],[69.651,59.91],[70.148,59.948],[70.396,59.84],[70.738,59.883],[70.999,59.828],[71.179,59.907],[71.258,59.788],[72.087,59.531],[72.442,59.3],[72.418,59.21],[72.525,59.148],[72.976,59.126],[72.928,59.053],[73.1,58.952],[73.025,58.875],[73.719,58.856],[74.145,58.73],[74.799,58.727],[75.199,58.619],[74.22,58.136],[73.128,58.155],[72.812,57.997],[72.167,58.015],[71.99,58.116],[71.214,58.053],[71.238,58.328],[71.312,58.383],[70.853,58.529],[70.358,57.901],[70.427,57.893],[70.392,57.782],[70.557,57.72],[70.599,57.577],[70.69,57.554],[70.372,57.329],[70.689,57.2],[70.787,57.365],[71.007,57.377],[71.116,57.202],[71.605,56.933],[71.677,56.765],[71.37,56.632],[71.02,56.683],[71.114,56.624],[71.085,56.524],[70.735,56.425],[70.927,56.379],[70.948,56.305],[70.732,56.253],[70.914,56.086],[70.809,55.903],[70.481,55.906],[70.586,55.823],[70.829,55.835],[70.55,55.792],[70.563,55.651],[70.757,55.585],[70.44,55.408],[70.499,55.331],[70.401,55.215],[70.229,55.147],[69.952,55.21],[69.684,55.351],[69.676,55.48],[69.582,55.417],[69.66,55.35],[69.363,55.389],[69.206,55.33],[68.986,55.442],[68.919,55.368],[69.009,55.285],[68.189,55.589]],[[70.808,56.362],[70.823,56.399],[70.787,56.403],[70.808,56.362]],[[70.806,55.985],[70.822,56.046],[70.755,56.047],[70.74,55.98],[70.806,55.985]],[[70.795,55.955],[70.702,55.953],[70.76,55.93],[70.795,55.955]]]]}},{"type":"Feature","properties":{"admin_code":"RU-UD","name":"Udmurtia","name_local":"Удмуртия"},"geometry":{"type":"MultiPolygon","coordinates":[[[[53.873,56.62],[53.882,56.626],[53.889,56.646],[53.923,56.65],[53.981,56.634],[54.014,56.674],[54.096,56.655],[54.036,56.641],[53.957,56.603],[53.873,56.62]]],[[[51.499,56.206],[51.35,56.203],[51.404,56.286],[51.286,56.307],[51.299,56.422],[51.128,56.512],[51.18,56.685],[51.393,56.667],[51.391,56.767],[51.536,56.885],[51.217,57.045],[51.246,57.135],[51.124,57.243],[51.165,57.441],[51.59,57.461],[51.836,57.571],[51.865,57.729],[51.955,57.765],[51.82,57.844],[51.925,58.001],[51.814,58.022],[51.778,58.154],[51.681,58.151],[51.82,58.286],[51.787,58.362],[52.18,58.489],[52.843,58.393],[52.893,58.534],[53.099,58.546],[53.248,58.444],[53.214,58.401],[53.786,58.456],[53.887,58.314],[53.785,58.237],[54.136,57.958],[54.086,57.918],[54.155,57.705],[54.05,57.643],[54.127,57.616],[53.992,57.559],[54.274,57.461],[54.128,57.329],[54.311,57.306],[54.296,57.109],[54.436,57.031],[54.154,56.979],[54.02,56.753],[53.806,56.82],[53.902,56.679],[53.841,56.597],[53.958,56.6],[54.082,56.635],[54.034,56.58],[54.329,56.483],[54.392,56.258],[54.195,56.198],[54.015,56.009],[53.845,56.045],[53.822,55.974],[53.409,55.851],[53.2,55.926],[53.465,56.026],[53.575,56.237],[53.238,56.245],[53.351,56.166],[53.333,56.062],[53.155,56.159],[53.064,56.13],[53.041,56.2],[53.068,56.211],[53.041,56.224],[53.025,56.218],[53.043,56.171],[53.0,56.178],[52.944,56.285],[53.145,56.525],[53.033,56.543],[52.878,56.508],[52.969,56.46],[52.924,56.401],[52.778,56.398],[52.555,56.243],[52.882,56.16],[52.845,56.08],[52.713,56.13],[52.752,55.988],[52.243,56.098],[52.245,55.958],[52.156,55.904],[51.952,55.99],[51.781,55.887],[51.743,55.982],[51.473,55.911],[51.341,56.045],[51.408,56.009],[51.645,56.118],[51.434,56.146],[51.499,56.206]],[[53.097,56.195],[53.09,56.208],[53.082,56.198],[53.097,56.195]],[[53.073,56.188],[53.08,56.191],[53.072,56.199],[53.073,56.188]],[[52.204,56.045],[52.23,56.057],[52.222,56.074],[52.204,56.045]]]]}},{"type":"Feature","properties":{"admin_code":"RU-ULY","name":"Ulyanovsk Oblast","name_local":"Ульяновская область"},"geometry":{"type":"Polygon","coordinates":[[[45.964,54.153],[46.705,54.325],[46.73,54.402],[46.498,54.433],[46.582,54.497],[46.46,54.48],[46.547,54.554],[46.404,54.574],[46.535,54.632],[46.422,54.688],[46.443,54.762],[46.826,54.632],[47.034,54.705],[47.334,54.667],[47.397,54.496],[47.451,54.567],[47.595,54.54],[47.718,54.735],[47.823,54.728],[47.817,54.642],[48.103,54.767],[48.465,54.625],[48.882,54.625],[48.882,54.796],[49.09,54.788],[49.288,54.891],[49.526,54.724],[49.48,54.689],[49.56,54.562],[50.092,54.507],[50.242,54.284],[50.189,54.02],[49.931,53.905],[50.036,53.819],[49.817,53.89],[49.601,53.802],[49.085,53.891],[48.996,53.875],[48.995,53.707],[48.489,53.771],[48.533,53.667],[48.349,53.653],[48.465,53.556],[48.369,53.474],[48.036,53.471],[47.93,53.362],[48.161,53.233],[48.108,53.18],[48.212,53.137],[48.123,53.052],[48.225,53.005],[48.327,53.069],[48.36,52.957],[48.592,52.885],[48.307,52.78],[48.089,52.794],[47.993,52.745],[48.092,52.733],[48.064,52.676],[47.934,52.647],[47.812,52.736],[47.724,52.568],[47.498,52.621],[47.053,52.533],[46.981,52.638],[46.801,52.613],[46.981,52.821],[46.885,52.89],[46.905,53.087],[46.974,53.12],[46.864,53.178],[46.958,53.275],[46.908,53.363],[46.449,53.514],[46.453,53.653],[46.247,53.755],[46.285,53.788],[46.144,53.8],[46.218,53.885],[46.083,53.976],[45.961,54.031],[45.814,53.976],[45.964,54.153]]]}},{"type":"Feature","properties":{"admin_code":"RU-VGG","name":"Volgograd Oblast","name_local":"Волгоградская область"},"geometry":{"type":"Polygon","coordinates":[[[43.359,50.999],[43.923,51.162],[44.018,51.159],[44.018,51.072],[44.185,51.093],[44.224,51.199],[44.477,51.211],[44.593,51.119],[44.865,51.171],[45.221,51.04],[45.224,50.935],[45.304,50.914],[45.193,50.585],[45.699,50.578],[45.716,50.738],[45.842,50.756],[46.093,50.665],[46.061,50.526],[46.484,50.547],[46.458,50.617],[46.568,50.615],[46.583,50.712],[46.718,50.711],[46.857,50.642],[46.799,50.578],[46.912,50.49],[47.206,50.509],[47.235,50.371],[47.431,50.378],[47.257,50.192],[47.353,50.094],[47.182,49.935],[46.902,49.864],[46.782,49.34],[46.996,49.232],[47.029,49.089],[46.779,48.951],[46.622,48.668],[46.324,48.837],[46.038,48.864],[45.74,48.652],[45.214,48.555],[45.417,48.492],[45.337,48.431],[45.213,48.514],[45.064,48.462],[44.91,48.219],[44.926,48.12],[44.81,48.051],[44.541,48.05],[44.544,48.188],[44.326,48.239],[44.325,48.041],[44.424,48.042],[44.392,47.889],[44.083,47.899],[43.946,47.753],[43.717,47.719],[43.687,47.45],[43.195,47.456],[43.164,47.554],[42.925,47.507],[42.72,47.876],[42.525,48.019],[42.018,48.024],[42.129,48.141],[42.063,48.266],[42.181,48.277],[42.086,48.416],[42.704,48.587],[42.658,48.701],[42.748,48.823],[42.652,48.954],[42.388,49.009],[42.34,49.139],[42.021,49.134],[42.106,49.272],[42.037,49.407],[42.184,49.676],[41.494,50.081],[41.382,50.227],[41.522,50.363],[41.42,50.499],[41.539,50.574],[41.168,50.775],[41.421,50.832],[41.471,50.95],[41.774,51.016],[41.928,51.194],[42.553,51.145],[42.708,51.248],[43.359,50.999]]]}},{"type":"Feature","properties":{"admin_code":"RU-VLA","name":"Vladimir Oblast","name_local":"Владимирская область"},"geometry":{"type":"Polygon","coordinates":[[[41.426,55.137],[41.294,55.234],[41.08,55.171],[41.002,55.272],[40.6,55.2],[40.527,55.302],[40.568,55.356],[40.381,55.29],[40.364,55.35],[40.214,55.344],[40.143,55.418],[40.2,55.498],[40.049,55.526],[40.093,55.608],[39.903,55.742],[39.889,55.833],[39.483,55.745],[39.326,55.773],[39.327,55.865],[39.059,55.857],[39.044,55.95],[38.838,55.914],[38.598,55.981],[38.528,56.213],[38.396,56.266],[38.446,56.387],[38.268,56.525],[38.363,56.581],[38.317,56.667],[38.423,56.701],[38.58,56.534],[38.771,56.611],[39.273,56.537],[39.347,56.757],[39.677,56.812],[39.901,56.77],[39.822,56.602],[39.956,56.534],[39.949,56.467],[40.226,56.44],[40.565,56.603],[41.15,56.474],[41.883,56.528],[41.96,56.485],[41.96,56.361],[42.204,56.45],[42.631,56.407],[42.803,56.291],[42.757,56.196],[42.976,56.167],[42.671,56.089],[42.719,55.969],[42.531,55.954],[42.397,55.79],[42.129,55.678],[42.065,55.587],[42.167,55.444],[41.942,55.344],[41.973,55.287],[41.793,55.101],[41.426,55.137]],[[42.786,56.285],[42.788,56.285],[42.789,56.288],[42.786,56.285]]]}},{"type":"Feature","properties":{"admin_code":"RU-VLG","name":"Vologda Oblast","name_local":"Вологодская область"},"geometry":{"type":"Polygon","coordinates":[[[46.96,60.652],[47.038,60.545],[46.874,60.514],[46.872,60.414],[46.758,60.365],[46.844,60.358],[46.763,60.234],[46.264,60.237],[46.353,60.11],[46.598,60.065],[47.035,60.126],[46.922,59.765],[47.153,59.752],[47.118,59.599],[46.409,59.619],[46.369,59.342],[46.02,59.324],[45.979,59.172],[45.34,59.216],[45.056,59.198],[45.04,59.122],[44.353,59.133],[44.171,59.237],[43.776,59.268],[43.535,59.179],[43.504,59.306],[43.337,59.266],[43.383,59.204],[43.144,59.293],[42.867,59.161],[42.692,59.224],[42.636,59.328],[42.279,59.262],[42.216,59.408],[42.035,59.43],[41.962,59.282],[41.938,59.277],[42.029,59.242],[42.099,59.25],[42.057,59.123],[41.729,59.111],[41.19,58.956],[41.182,58.895],[41.271,58.887],[41.156,58.803],[41.221,58.713],[41.0,58.585],[40.204,58.549],[40.081,58.603],[40.13,58.643],[40.02,58.741],[39.604,58.905],[38.99,58.956],[38.926,58.897],[39.036,58.856],[38.92,58.807],[38.923,58.733],[38.065,58.73],[37.897,58.611],[37.712,58.626],[37.628,58.483],[37.284,58.648],[37.32,58.696],[37.071,58.863],[36.765,58.801],[36.829,58.742],[36.664,58.702],[36.503,58.515],[36.219,58.502],[36.229,58.6],[36.128,58.624],[36.111,58.722],[35.461,58.861],[35.289,58.767],[35.128,58.815],[35.179,58.949],[35.007,58.927],[34.854,59.005],[34.897,59.049],[34.719,59.078],[34.916,59.24],[35.396,59.318],[35.297,59.351],[35.447,59.412],[35.316,59.52],[35.513,59.503],[35.409,59.53],[35.494,59.536],[35.495,59.652],[35.606,59.614],[35.615,59.712],[35.407,59.719],[35.375,59.858],[35.446,59.978],[35.146,60.021],[35.214,60.074],[35.163,60.256],[35.274,60.336],[35.299,60.601],[35.2,60.799],[35.526,60.921],[36.017,60.965],[36.101,61.083],[36.398,61.147],[36.439,61.198],[36.342,61.272],[36.584,61.539],[37.03,61.614],[37.305,61.51],[37.817,61.53],[37.873,61.29],[38.018,61.225],[38.008,61.142],[38.27,61.068],[38.181,60.985],[38.367,60.914],[38.405,60.807],[38.587,60.798],[38.62,60.716],[38.955,60.765],[39.184,60.64],[39.194,60.723],[39.645,60.75],[40.01,60.647],[40.282,60.68],[40.429,60.783],[41.37,60.642],[41.378,60.85],[41.825,60.916],[42.174,60.786],[42.57,60.773],[42.658,60.888],[42.995,60.73],[43.153,60.812],[43.524,60.766],[43.545,60.858],[43.766,60.896],[43.783,61.037],[43.955,61.057],[44.181,61.061],[44.16,60.965],[45.251,60.894],[45.338,61.195],[45.809,61.162],[45.759,61.011],[46.3,60.969],[46.525,61.044],[46.543,60.982],[46.824,60.963],[46.82,60.882],[47.072,60.844],[46.96,60.652]],[[41.902,59.294],[41.894,59.293],[41.938,59.277],[41.902,59.294]],[[38.719,58.776],[38.727,58.779],[38.7,58.805],[38.719,58.776]]]}},{"type":"Feature","properties":{"admin_code":"RU-VOR","name":"Voronezh Oblast","name_local":"Воронежская область"},"geometry":{"type":"Polygon","coordinates":[[[42.708,51.248],[42.553,51.145],[41.928,51.194],[41.774,51.016],[41.471,50.95],[41.421,50.832],[41.168,50.775],[41.539,50.574],[41.42,50.499],[41.522,50.363],[41.289,50.163],[41.384,50.081],[41.084,49.945],[40.921,49.7],[40.637,49.673],[40.536,49.578],[40.161,49.643],[39.806,49.558],[39.658,49.617],[39.611,49.734],[39.251,49.776],[39.177,49.898],[39.281,50.035],[39.116,50.156],[39.118,50.268],[39.034,50.287],[39.102,50.34],[38.981,50.439],[39.127,50.507],[39.046,50.619],[39.119,50.625],[38.711,50.792],[38.726,50.9],[38.774,50.918],[38.875,50.907],[38.881,50.894],[38.888,50.89],[38.89,50.892],[38.803,51.077],[38.633,50.998],[38.388,51.077],[38.38,51.15],[38.519,51.211],[38.289,51.296],[38.376,51.388],[38.293,51.394],[38.298,51.521],[38.138,51.632],[38.519,51.748],[38.399,51.782],[38.429,51.945],[38.298,51.975],[38.707,52.098],[39.074,51.983],[39.145,52.083],[39.294,52.103],[39.473,52.074],[39.488,51.978],[39.816,51.92],[40.132,52.0],[40.846,51.922],[40.946,51.891],[40.882,51.739],[41.006,51.716],[41.482,51.805],[42.104,51.628],[42.119,51.73],[42.229,51.719],[42.308,51.69],[42.265,51.602],[42.483,51.631],[42.75,51.492],[42.947,51.267],[42.708,51.248]]]}},{"type":"Feature","properties":{"admin_code":"RU-YAN","name":"Yamalo-Nenets Autonomous Okrug","name_local":"Ямало-Ненецкий автономный округ"},"geometry":{"type":"MultiPolygon","coordinates":[[[[69.378,66.627],[69.38,66.631],[69.339,66.652],[69.408,66.628],[69.378,66.627]]],[[[69.364,66.638],[69.373,66.631],[69.312,66.647],[69.364,66.638]]],[[[69.341,66.662],[69.396,66.655],[69.409,66.65],[69.341,66.662]]],[[[69.311,66.677],[69.33,66.665],[69.336,66.654],[69.29,66.665],[69.311,66.677]]],[[[69.401,66.658],[69.315,66.679],[69.352,66.714],[69.401,66.658]]],[[[69.412,66.677],[69.392,66.688],[69.398,66.709],[69.412,66.677]]],[[[69.401,66.735],[69.418,66.74],[69.471,66.735],[69.482,66.73],[69.401,66.735]]],[[[69.381,66.742],[69.377,66.749],[69.405,66.752],[69.381,66.742]]],[[[69.279,66.794],[69.285,66.78],[69.192,66.779],[69.258,66.777],[69.305,66.756],[69.32,66.753],[69.349,66.755],[69.286,66.727],[69.159,66.788],[69.279,66.794]]],[[[69.518,66.777],[69.285,66.772],[69.414,66.785],[69.518,66.777]]],[[[68.755,66.791],[68.793,66.79],[68.737,66.781],[68.755,66.791]]],[[[69.347,66.793],[69.055,66.823],[69.394,66.848],[69.624,66.805],[69.58,66.808],[69.347,66.793]]],[[[68.919,66.834],[68.929,66.839],[68.923,66.85],[68.932,66.859],[69.092,66.854],[68.855,66.805],[68.919,66.834]]],[[[68.837,66.862],[68.926,66.862],[68.923,66.85],[68.919,66.834],[68.837,66.862]]],[[[67.176,68.815],[67.408,68.763],[67.329,68.758],[67.176,68.815]]],[[[69.093,68.952],[69.117,68.952],[69.129,68.946],[69.164,68.945],[69.044,68.927],[69.093,68.952]]],[[[65.973,69.088],[66.219,69.065],[66.396,69.004],[66.548,68.915],[65.973,69.088]]],[[[65.93,69.086],[65.946,69.069],[65.904,69.075],[65.93,69.086]]],[[[65.851,69.077],[65.836,69.092],[65.856,69.102],[65.851,69.077]]],[[[67.035,69.378],[66.975,69.409],[66.931,69.447],[66.928,69.457],[67.177,69.384],[67.035,69.378]]],[[[67.617,69.465],[67.583,69.474],[67.595,69.481],[67.617,69.465]]],[[[67.308,69.443],[67.029,69.475],[67.191,69.564],[67.35,69.579],[67.308,69.443]]],[[[66.693,70.447],[66.733,70.444],[66.899,70.385],[66.693,70.447]]],[[[66.655,70.461],[66.657,70.458],[66.604,70.474],[66.655,70.461]]],[[[66.571,70.515],[66.62,70.498],[66.577,70.499],[66.508,70.54],[66.571,70.515]]],[[[66.45,70.594],[66.431,70.636],[66.517,70.563],[66.45,70.594]]],[[[66.527,70.592],[66.494,70.592],[66.558,70.6],[66.527,70.592]]],[[[66.444,70.686],[66.456,70.646],[66.431,70.637],[66.444,70.686]]],[[[67.363,70.696],[67.406,70.7],[67.37,70.688],[67.356,70.689],[67.363,70.696]]],[[[67.434,70.705],[67.418,70.705],[67.485,70.709],[67.434,70.705]]],[[[67.425,70.711],[67.382,70.705],[67.364,70.709],[67.425,70.711]]],[[[66.465,70.715],[66.421,70.691],[66.47,70.809],[66.465,70.715]]],[[[66.459,70.826],[66.541,70.927],[66.57,70.926],[66.459,70.826]]],[[[66.609,70.922],[66.546,70.935],[66.619,70.999],[66.705,70.968],[66.609,70.922]]],[[[66.693,70.983],[66.66,70.996],[66.762,70.993],[66.693,70.983]]],[[[66.79,70.991],[66.655,71.025],[66.624,71.0],[66.72,71.091],[66.762,71.097],[66.79,70.991]]],[[[67.963,71.525],[68.009,71.539],[67.971,71.513],[67.963,71.525]]],[[[70.03,66.41],[70.024,66.434],[70.106,66.431],[70.03,66.41]]],[[[70.053,66.48],[70.036,66.489],[70.072,66.49],[70.053,66.48]]],[[[69.859,66.496],[69.887,66.466],[69.803,66.506],[69.859,66.496]]],[[[70.608,66.51],[70.618,66.515],[70.631,66.507],[70.598,66.507],[70.59,66.51],[70.608,66.51]]],[[[70.041,66.494],[69.989,66.534],[70.152,66.526],[70.041,66.494]]],[[[70.621,66.516],[70.646,66.531],[70.821,66.521],[70.937,66.544],[70.979,66.543],[70.988,66.538],[70.684,66.493],[70.621,66.516]]],[[[69.711,66.535],[69.677,66.544],[69.67,66.559],[69.721,66.566],[69.74,66.585],[69.823,66.553],[69.95,66.537],[69.978,66.525],[70.002,66.488],[69.711,66.535]]],[[[70.119,66.531],[70.112,66.535],[70.1,66.558],[70.147,66.56],[70.158,66.553],[70.165,66.542],[70.119,66.531]]],[[[70.036,66.541],[70.02,66.579],[70.075,66.564],[70.095,66.558],[70.036,66.541]]],[[[69.603,66.585],[69.657,66.577],[69.677,66.572],[69.679,66.569],[69.649,66.555],[69.577,66.6],[69.603,66.585]]],[[[70.082,66.566],[70.113,66.56],[70.075,66.564],[70.019,66.595],[70.082,66.566]]],[[[70.001,66.571],[69.985,66.594],[70.008,66.592],[70.001,66.571]]],[[[70.268,66.581],[70.259,66.607],[70.277,66.611],[70.279,66.6],[70.31,66.579],[70.313,66.573],[70.268,66.581]]],[[[70.595,66.677],[70.749,66.657],[70.994,66.585],[71.014,66.569],[70.897,66.585],[71.012,66.552],[70.984,66.545],[70.916,66.555],[70.834,66.55],[70.823,66.549],[70.81,66.543],[70.811,66.535],[70.791,66.535],[70.773,66.542],[70.759,66.544],[70.718,66.544],[70.69,66.556],[70.672,66.559],[70.646,66.558],[70.601,66.605],[70.568,66.619],[70.54,66.618],[70.65,66.554],[70.684,66.555],[70.719,66.542],[70.803,66.532],[70.94,66.547],[70.809,66.526],[70.646,66.531],[70.638,66.531],[70.59,66.511],[70.372,66.569],[70.333,66.561],[70.328,66.636],[70.595,66.677]]],[[[70.089,66.622],[70.097,66.641],[70.122,66.637],[70.129,66.627],[70.089,66.622]]],[[[69.472,66.756],[69.624,66.693],[69.553,66.68],[70.032,66.541],[69.671,66.624],[69.72,66.574],[69.628,66.585],[69.472,66.756]]],[[[70.008,66.615],[69.989,66.624],[69.983,66.638],[69.973,66.634],[69.973,66.639],[69.98,66.644],[69.98,66.65],[69.974,66.658],[69.974,66.672],[69.969,66.679],[69.976,66.678],[69.954,66.7],[70.091,66.657],[69.99,66.667],[70.066,66.653],[70.073,66.649],[70.082,66.639],[70.008,66.615]]],[[[70.133,66.655],[70.129,66.671],[70.162,66.662],[70.133,66.655]]],[[[70.105,66.655],[70.071,66.674],[69.997,66.695],[70.101,66.682],[70.108,66.656],[70.13,66.653],[70.147,66.645],[70.105,66.655]]],[[[69.802,66.737],[69.773,66.724],[69.853,66.715],[69.86,66.693],[69.865,66.692],[69.917,66.678],[69.83,66.671],[70.043,66.6],[69.755,66.64],[69.618,66.75],[69.802,66.737]]],[[[69.942,66.702],[69.979,66.646],[69.93,66.654],[69.919,66.678],[69.865,66.692],[69.867,66.709],[69.853,66.717],[69.942,66.702]]],[[[70.158,66.718],[70.58,66.69],[70.353,66.672],[70.158,66.718]]],[[[70.626,66.721],[70.593,66.716],[70.602,66.723],[70.626,66.721]]],[[[70.602,66.728],[70.563,66.723],[70.517,66.734],[70.602,66.728]]],[[[70.357,66.749],[70.366,66.731],[70.255,66.732],[70.357,66.749]]],[[[69.864,66.756],[70.028,66.736],[70.081,66.714],[69.786,66.763],[69.864,66.756]]],[[[70.535,66.742],[70.475,66.731],[70.404,66.752],[70.535,66.742]]],[[[70.602,66.747],[70.602,66.745],[70.55,66.745],[70.477,66.754],[70.602,66.747]]],[[[69.643,66.755],[69.603,66.773],[69.647,66.773],[69.664,66.769],[69.676,66.764],[69.643,66.755]]],[[[69.659,66.781],[69.701,66.774],[69.58,66.779],[69.659,66.781]]],[[[69.626,66.794],[69.655,66.787],[69.533,66.803],[69.626,66.794]]],[[[69.697,66.787],[69.663,66.803],[69.704,66.805],[69.697,66.787]]],[[[69.745,66.788],[69.706,66.807],[69.768,66.804],[69.815,66.813],[69.841,66.808],[69.745,66.788]]],[[[70.593,73.446],[70.537,73.453],[70.91,73.473],[71.266,73.408],[71.098,73.425],[71.136,73.365],[71.031,73.332],[71.148,73.287],[70.929,73.245],[71.283,73.206],[71.318,73.273],[71.526,73.281],[71.438,73.318],[71.535,73.28],[71.604,73.239],[71.683,73.157],[71.37,73.155],[71.093,73.096],[70.957,73.115],[70.405,73.011],[70.091,73.078],[70.027,73.037],[70.135,73.002],[69.968,73.006],[70.053,73.295],[70.593,73.446]]],[[[70.161,73.375],[70.009,73.376],[70.094,73.394],[70.161,73.375]]],[[[70.183,73.379],[70.205,73.388],[70.218,73.391],[70.237,73.381],[70.183,73.379]]],[[[70.341,73.442],[70.522,73.452],[70.122,73.397],[70.341,73.442]]],[[[70.892,66.437],[70.871,66.44],[70.895,66.445],[70.892,66.437]]],[[[71.062,66.536],[71.018,66.544],[71.06,66.559],[71.111,66.559],[71.131,66.557],[71.062,66.536]]],[[[71.05,66.562],[71.005,66.586],[71.063,66.594],[71.113,66.585],[71.05,66.562]]],[[[71.188,66.577],[71.131,66.579],[71.143,66.585],[71.188,66.577]]],[[[71.363,66.583],[71.295,66.586],[71.375,66.591],[71.363,66.583]]],[[[71.155,66.597],[71.112,66.61],[71.17,66.619],[71.155,66.597]]],[[[71.39,66.618],[71.437,66.614],[71.376,66.615],[71.39,66.618]]],[[[71.433,66.627],[71.44,66.626],[71.415,66.626],[71.433,66.627]]],[[[71.472,66.631],[71.478,66.634],[71.511,66.635],[71.528,66.632],[71.496,66.627],[71.449,66.633],[71.472,66.631]]],[[[70.99,66.593],[70.751,66.664],[70.618,66.687],[71.083,66.619],[70.99,66.593]]],[[[71.254,66.644],[71.29,66.646],[71.316,66.637],[71.194,66.599],[71.172,66.62],[70.79,66.686],[70.714,66.724],[71.254,66.644]]],[[[71.569,66.668],[71.483,66.673],[71.522,66.68],[71.569,66.668]]],[[[71.452,66.7],[71.42,66.681],[71.435,66.694],[71.432,66.696],[71.452,66.7]]],[[[71.213,66.726],[71.459,66.709],[71.431,66.698],[71.414,66.678],[71.522,66.682],[71.482,66.674],[71.354,66.679],[71.359,66.665],[71.587,66.651],[71.346,66.626],[71.337,66.647],[71.102,66.701],[70.842,66.742],[71.213,66.726]]],[[[71.65,66.714],[71.639,66.69],[71.638,66.702],[71.619,66.709],[71.65,66.714]]],[[[71.479,66.714],[71.488,66.708],[71.47,66.707],[71.479,66.714]]],[[[71.509,66.702],[71.531,66.719],[71.543,66.724],[71.331,66.73],[71.523,66.76],[71.542,66.742],[71.572,66.734],[71.587,66.729],[71.533,66.718],[71.63,66.701],[71.509,66.702]]],[[[71.618,66.715],[71.592,66.721],[71.61,66.739],[71.618,66.715]]],[[[71.572,66.734],[71.574,66.744],[71.598,66.743],[71.572,66.734]]],[[[70.872,66.806],[70.921,66.8],[70.836,66.787],[70.872,66.806]]],[[[71.415,66.866],[71.42,66.86],[71.453,66.85],[71.459,66.844],[71.502,66.841],[71.486,66.831],[71.426,66.845],[71.369,66.844],[71.536,66.765],[71.276,66.727],[71.114,66.764],[70.729,66.734],[71.415,66.866]]],[[[71.457,66.864],[71.493,66.853],[71.417,66.868],[71.457,66.864]]],[[[71.543,66.86],[71.443,66.874],[71.477,66.879],[71.543,66.86]]],[[[71.451,66.881],[71.34,66.869],[71.378,66.888],[71.451,66.881]]],[[[71.369,66.913],[71.436,66.915],[71.41,66.912],[71.337,66.893],[71.317,66.876],[71.257,66.871],[71.347,66.901],[71.369,66.913]]],[[[71.628,66.894],[71.61,66.902],[71.653,66.896],[71.628,66.894]]],[[[71.477,66.897],[71.391,66.9],[71.409,66.911],[71.477,66.897]]],[[[71.412,66.918],[71.378,66.916],[71.387,66.932],[71.412,66.918]]],[[[71.037,72.832],[71.046,72.838],[71.025,72.845],[70.968,72.846],[71.046,72.882],[71.114,72.843],[71.059,72.812],[70.935,72.807],[71.008,72.814],[71.037,72.832]]],[[[71.152,72.853],[71.111,72.849],[71.104,72.869],[71.152,72.853]]],[[[70.976,72.866],[70.953,72.873],[70.967,72.879],[70.976,72.866]]],[[[71.0,72.883],[71.027,72.878],[71.001,72.865],[71.0,72.883]]],[[[71.155,72.87],[71.144,72.88],[71.149,72.883],[71.155,72.87]]],[[[71.515,73.143],[71.507,73.145],[71.548,73.146],[71.515,73.143]]],[[[71.294,73.304],[71.133,73.266],[71.176,73.318],[71.159,73.354],[71.198,73.353],[71.204,73.334],[71.218,73.322],[71.294,73.304]]],[[[71.223,73.322],[71.202,73.36],[71.329,73.357],[71.378,73.313],[71.223,73.322]]],[[[71.279,73.383],[71.353,73.357],[71.269,73.365],[71.279,73.383]]],[[[72.261,66.307],[72.229,66.311],[72.226,66.317],[72.229,66.324],[72.316,66.344],[72.24,66.312],[72.261,66.307]]],[[[72.353,66.351],[72.392,66.341],[72.332,66.303],[72.281,66.313],[72.353,66.351]]],[[[72.224,66.365],[72.247,66.352],[72.187,66.33],[72.224,66.365]]],[[[71.681,66.872],[71.665,66.876],[71.711,66.881],[71.681,66.872]]],[[[79.164,67.508],[79.11,67.516],[79.095,67.528],[79.164,67.508]]],[[[78.674,67.521],[78.618,67.531],[78.683,67.524],[78.674,67.521]]],[[[78.705,67.522],[78.703,67.526],[78.61,67.56],[78.754,67.536],[78.705,67.522]]],[[[79.081,67.548],[79.096,67.519],[79.055,67.526],[79.049,67.54],[78.993,67.556],[79.081,67.548]]],[[[79.092,67.544],[79.121,67.547],[79.117,67.54],[79.092,67.544]]],[[[79.001,67.549],[79.012,67.544],[78.966,67.542],[78.952,67.551],[79.001,67.549]]],[[[78.598,67.559],[78.637,67.533],[78.527,67.56],[78.598,67.559]]],[[[78.735,67.544],[78.663,67.562],[78.714,67.575],[78.735,67.544]]],[[[84.239,62.381],[84.007,62.409],[83.814,62.57],[83.324,62.458],[83.023,62.526],[83.049,62.589],[82.759,62.66],[82.762,62.749],[82.159,62.813],[81.741,62.705],[81.291,62.859],[81.32,62.91],[81.096,63.011],[81.036,63.148],[80.922,63.157],[79.925,62.794],[79.843,62.609],[78.739,62.602],[78.093,62.464],[77.137,62.811],[77.026,62.972],[76.667,63.035],[76.34,62.951],[75.778,63.117],[74.524,63.036],[74.253,63.173],[73.498,63.188],[73.054,63.427],[72.663,63.282],[72.128,63.297],[71.645,63.193],[71.563,63.571],[71.456,63.683],[70.923,63.703],[70.559,64.015],[70.766,64.112],[70.771,64.191],[70.292,64.343],[69.397,64.387],[69.266,64.48],[68.858,64.439],[69.045,64.331],[68.912,64.224],[68.452,64.288],[67.783,64.019],[66.837,64.212],[66.847,64.34],[66.982,64.432],[66.957,64.517],[66.199,64.591],[65.376,64.556],[65.177,64.468],[63.611,64.271],[63.41,64.334],[63.517,64.363],[63.478,64.456],[63.247,64.52],[62.914,64.467],[62.558,64.559],[62.812,64.736],[62.807,64.841],[62.695,64.873],[62.872,65.291],[62.455,65.339],[62.367,65.432],[62.425,65.504],[62.0,65.718],[62.823,65.867],[62.776,65.904],[62.904,65.966],[62.792,66.001],[63.109,66.248],[63.278,66.219],[63.23,66.331],[63.418,66.467],[65.131,66.905],[65.082,67.04],[65.245,67.093],[65.181,67.15],[66.077,67.472],[66.05,67.58],[65.823,67.539],[65.786,67.642],[66.221,67.685],[66.227,67.754],[66.023,67.807],[66.133,67.914],[65.432,67.91],[65.32,68.012],[65.352,68.108],[65.275,68.235],[65.656,68.583],[65.436,68.647],[65.469,68.71],[65.351,68.729],[65.4,68.789],[65.345,68.812],[64.557,68.868],[64.629,68.948],[64.519,68.977],[64.539,69.029],[64.855,69.171],[65.025,69.194],[65.034,69.225],[65.077,69.236],[65.06,69.246],[65.083,69.259],[65.096,69.26],[65.947,69.092],[65.856,69.102],[65.551,69.136],[65.787,69.051],[66.098,69.025],[66.347,68.935],[67.147,68.818],[67.041,68.799],[67.176,68.702],[67.383,68.659],[67.702,68.512],[67.808,68.49],[67.846,68.469],[67.713,68.487],[67.799,68.449],[68.182,68.385],[68.265,68.316],[68.166,68.231],[68.315,68.172],[68.653,68.3],[68.592,68.357],[69.14,68.812],[68.974,68.885],[69.17,68.945],[69.114,68.955],[69.093,68.952],[68.771,68.903],[68.477,68.974],[68.039,69.319],[68.18,69.425],[68.128,69.536],[67.968,69.473],[67.027,69.693],[66.845,69.606],[66.955,69.525],[66.849,69.547],[66.898,69.485],[66.827,69.569],[66.808,69.704],[66.849,69.899],[66.951,70.019],[66.986,70.04],[67.019,70.051],[66.952,69.99],[67.027,69.946],[67.383,70.011],[67.291,70.176],[67.128,70.217],[67.349,70.448],[67.234,70.517],[67.278,70.603],[67.528,70.699],[67.247,70.832],[66.692,70.748],[66.724,70.805],[66.629,70.851],[66.964,71.068],[66.75,71.101],[66.941,71.274],[68.041,71.501],[68.352,71.687],[68.533,71.843],[68.984,72.653],[69.412,72.946],[69.838,72.918],[69.584,72.852],[70.932,72.872],[70.957,72.841],[71.039,72.839],[70.921,72.809],[70.935,72.807],[71.0,72.801],[71.064,72.81],[71.092,72.82],[71.155,72.849],[71.187,72.878],[71.625,72.889],[72.011,72.818],[71.863,72.818],[71.911,72.799],[71.873,72.783],[71.882,72.785],[71.851,72.75],[71.843,72.734],[71.848,72.731],[71.809,72.747],[71.794,72.749],[71.731,72.748],[71.723,72.745],[71.799,72.727],[71.858,72.731],[71.912,72.787],[72.208,72.797],[72.058,72.823],[72.651,72.731],[72.791,72.705],[72.839,72.694],[72.705,72.691],[72.817,72.623],[72.687,72.59],[72.82,72.496],[72.834,72.254],[72.714,72.208],[72.461,71.888],[72.325,71.857],[72.319,71.703],[71.818,71.483],[72.189,71.187],[72.564,71.132],[72.679,71.047],[72.579,70.986],[72.803,70.843],[72.679,70.614],[72.739,70.397],[72.401,70.247],[72.588,70.134],[72.483,70.011],[72.674,69.781],[72.494,69.643],[72.641,69.48],[72.518,69.388],[72.616,69.274],[72.49,69.196],[72.524,68.997],[72.738,68.823],[73.471,68.578],[73.586,68.508],[73.604,68.455],[73.475,68.457],[73.075,68.203],[73.036,68.061],[73.192,67.912],[73.05,67.79],[73.11,67.717],[73.106,67.695],[73.098,67.724],[73.07,67.73],[73.034,67.73],[73.024,67.725],[73.007,67.731],[73.004,67.723],[73.068,67.716],[72.526,67.586],[72.551,67.518],[72.406,67.453],[72.4,67.317],[72.036,67.295],[72.188,67.248],[72.208,67.14],[72.124,67.206],[72.167,67.152],[71.922,67.12],[72.03,67.038],[71.746,66.904],[71.39,66.968],[71.07,66.811],[70.857,66.818],[70.738,66.761],[70.317,66.76],[70.194,66.734],[69.921,66.859],[69.659,66.806],[69.191,66.911],[68.844,66.906],[68.752,66.875],[68.84,66.87],[68.81,66.821],[68.831,66.811],[68.797,66.791],[68.756,66.792],[68.755,66.791],[68.723,66.782],[68.729,66.775],[69.147,66.769],[69.127,66.613],[69.203,66.573],[70.167,66.355],[71.313,66.347],[72.003,66.227],[72.324,66.291],[72.425,66.35],[72.425,66.362],[72.397,66.489],[72.305,66.497],[73.512,66.829],[73.877,67.0],[73.925,67.298],[74.755,67.699],[74.803,68.015],[74.598,68.233],[74.315,68.362],[74.471,68.503],[74.472,68.698],[76.206,68.976],[76.598,68.964],[76.7,68.847],[76.653,68.744],[77.29,68.492],[77.226,68.458],[77.292,68.364],[77.123,68.27],[77.337,68.226],[77.181,67.989],[77.294,67.885],[77.076,67.77],[78.061,67.537],[78.691,67.503],[78.764,67.523],[78.749,67.581],[79.181,67.499],[79.142,67.546],[78.84,67.636],[78.685,67.643],[78.593,67.584],[78.426,67.611],[78.641,67.634],[78.424,67.708],[78.384,67.621],[78.094,67.636],[77.813,67.658],[77.986,67.703],[77.755,67.767],[77.648,67.706],[77.459,67.763],[77.46,67.883],[77.611,67.924],[77.478,67.97],[77.528,68.12],[78.166,68.245],[77.863,68.456],[77.953,68.497],[77.78,68.515],[77.631,68.898],[76.022,69.244],[75.496,69.248],[75.128,69.1],[74.802,69.074],[74.775,69.083],[74.742,69.084],[74.723,69.079],[74.601,69.118],[74.365,69.133],[73.939,69.069],[73.781,69.164],[73.901,69.411],[73.532,69.741],[73.754,69.954],[73.783,70.075],[73.676,70.114],[74.225,70.427],[74.299,70.596],[73.919,70.84],[73.911,70.955],[73.589,71.196],[73.003,71.398],[73.481,71.637],[73.52,71.803],[74.598,72.013],[74.992,72.163],[75.073,72.26],[75.064,72.462],[74.978,72.642],[74.766,72.804],[75.001,72.87],[75.461,72.74],[75.306,72.683],[75.651,72.526],[75.489,72.496],[75.701,72.25],[75.529,72.195],[75.411,71.976],[75.255,71.947],[75.216,71.846],[75.261,71.728],[75.481,71.647],[75.36,71.582],[75.508,71.523],[75.218,71.425],[75.418,71.295],[77.77,71.131],[77.923,70.974],[78.152,70.947],[78.056,70.914],[78.087,70.903],[78.083,70.903],[78.065,70.906],[78.06,70.906],[78.074,70.902],[78.082,70.902],[78.088,70.902],[78.127,70.928],[78.103,70.91],[78.105,70.906],[78.114,70.905],[78.165,70.949],[78.253,70.924],[78.24,70.919],[78.219,70.895],[78.224,70.887],[78.235,70.882],[78.167,70.882],[78.168,70.875],[78.235,70.88],[78.258,70.931],[78.359,70.918],[78.281,70.867],[78.354,70.86],[78.906,70.944],[78.894,70.898],[78.967,70.883],[78.898,70.912],[79.104,70.985],[78.808,70.993],[78.884,70.968],[78.558,70.951],[78.427,70.898],[78.464,71.018],[78.543,71.034],[78.532,71.05],[78.466,71.098],[78.369,71.092],[78.339,71.078],[78.529,71.038],[78.268,71.078],[78.267,71.249],[77.916,71.239],[77.902,71.294],[78.019,71.347],[77.988,71.37],[77.686,71.265],[77.198,71.349],[77.07,71.415],[77.122,71.431],[77.13,71.474],[76.917,71.418],[76.304,71.563],[76.079,71.876],[75.992,71.886],[76.183,71.929],[76.251,71.968],[76.356,71.998],[76.387,72.0],[76.369,71.964],[76.481,71.901],[76.577,71.897],[76.565,71.887],[76.598,71.886],[76.574,71.878],[76.612,71.86],[76.605,71.884],[76.6,71.887],[76.568,71.888],[76.581,71.898],[76.384,71.966],[76.389,72.002],[76.892,72.053],[77.556,71.826],[78.093,71.865],[78.242,71.945],[78.082,72.078],[77.398,72.101],[77.522,72.174],[77.463,72.208],[77.795,72.183],[77.708,72.198],[78.091,72.356],[78.612,72.286],[78.64,72.215],[78.542,72.201],[79.054,72.061],[79.794,72.041],[80.356,71.882],[80.037,71.828],[80.127,71.796],[80.072,71.75],[80.143,71.665],[79.824,71.581],[79.367,71.606],[79.314,71.454],[79.129,71.388],[79.997,71.116],[80.584,71.043],[80.639,70.833],[80.715,70.809],[80.64,70.693],[80.822,70.631],[80.636,70.489],[80.884,70.427],[80.74,70.376],[80.618,70.454],[80.223,70.436],[79.907,70.263],[79.755,70.276],[79.791,70.237],[79.666,70.233],[79.55,70.117],[79.333,70.15],[79.37,70.046],[79.221,70.06],[79.239,70.011],[79.17,70.023],[79.117,69.997],[79.203,69.973],[78.881,69.88],[79.165,69.744],[79.042,69.695],[79.465,69.66],[79.617,69.457],[79.795,69.424],[79.824,69.346],[80.766,69.317],[80.961,69.2],[81.586,69.27],[81.714,69.455],[81.961,69.353],[81.805,69.254],[81.835,69.199],[82.465,69.153],[82.473,69.08],[82.316,69.047],[82.494,68.972],[82.566,68.819],[82.87,68.684],[82.629,68.59],[82.687,68.334],[82.556,68.262],[82.552,68.167],[82.337,68.114],[82.362,67.94],[81.768,67.948],[81.725,67.894],[82.099,67.72],[82.028,67.645],[82.114,67.596],[82.397,67.526],[82.232,67.409],[82.367,67.32],[82.117,67.234],[83.124,66.841],[83.328,66.659],[83.091,66.595],[83.074,66.465],[83.543,66.184],[83.267,66.044],[83.551,65.903],[83.474,65.815],[84.0,65.787],[84.303,65.684],[84.175,65.585],[84.508,65.48],[84.555,65.269],[84.284,65.102],[84.395,65.057],[84.271,64.936],[84.921,64.954],[85.032,64.915],[84.945,64.836],[85.132,64.827],[85.133,64.764],[85.53,64.853],[85.834,64.784],[85.907,64.574],[85.804,64.497],[86.007,64.272],[85.967,64.049],[85.506,63.928],[85.366,63.855],[85.303,63.648],[85.023,63.582],[85.298,63.525],[85.421,63.364],[85.707,63.357],[85.502,63.181],[85.619,63.031],[84.499,62.221],[84.295,62.282],[84.239,62.381]],[[71.719,72.744],[71.722,72.736],[71.754,72.734],[71.723,72.745],[71.719,72.744]],[[71.752,72.72],[71.758,72.733],[71.754,72.734],[71.752,72.72]],[[78.055,70.906],[78.05,70.905],[78.06,70.906],[78.055,70.906]]],[[[78.959,67.584],[78.991,67.563],[78.942,67.559],[78.878,67.586],[78.959,67.584]]],[[[78.846,67.581],[78.851,67.572],[78.799,67.574],[78.846,67.581]]],[[[78.615,67.585],[78.662,67.591],[78.657,67.587],[78.615,67.585]]],[[[78.827,67.608],[78.782,67.616],[78.849,67.616],[78.874,67.597],[78.827,67.608]]],[[[77.308,68.492],[77.331,68.475],[77.273,68.48],[77.308,68.492]]],[[[74.771,69.081],[74.791,69.073],[74.749,69.074],[74.771,69.081]]],[[[78.545,70.919],[78.534,70.922],[78.585,70.926],[78.545,70.919]]],[[[78.467,71.092],[78.482,71.078],[78.408,71.075],[78.467,71.092]]],[[[78.361,71.075],[78.356,71.08],[78.378,71.088],[78.398,71.088],[78.361,71.075]]],[[[76.904,72.18],[76.882,72.21],[76.89,72.212],[76.904,72.18]]],[[[75.731,72.208],[75.685,72.206],[75.688,72.21],[75.731,72.208]]],[[[75.679,72.225],[75.717,72.236],[75.7,72.22],[75.679,72.225]]],[[[77.277,72.224],[77.197,72.227],[77.297,72.238],[77.277,72.224]]],[[[77.025,72.227],[76.982,72.235],[77.011,72.241],[77.025,72.227]]],[[[78.3,72.352],[78.485,72.367],[78.426,72.322],[78.3,72.352]]],[[[76.944,72.271],[76.866,72.304],[77.623,72.601],[78.156,72.561],[78.354,72.475],[77.816,72.289],[76.944,72.271]]],[[[72.787,72.607],[72.846,72.614],[72.824,72.61],[72.787,72.607]]],[[[72.969,72.659],[72.904,72.619],[72.982,72.546],[72.868,72.6],[72.842,72.681],[72.969,72.659]]],[[[74.766,72.797],[74.747,72.803],[74.743,72.81],[74.781,72.828],[74.766,72.804],[74.764,72.8],[74.766,72.797]]],[[[74.723,72.862],[74.726,72.854],[74.71,72.848],[74.723,72.862]]],[[[74.625,72.942],[74.652,72.835],[74.533,72.869],[74.554,72.869],[74.594,72.886],[74.33,72.914],[74.154,72.972],[74.11,72.999],[74.179,72.974],[74.226,73.008],[74.122,73.007],[74.153,73.05],[74.336,73.106],[74.735,73.073],[74.625,72.942]]],[[[76.113,73.19],[76.696,73.134],[76.447,73.121],[76.113,73.19]]],[[[75.739,73.421],[75.56,73.425],[75.58,73.477],[75.371,73.38],[75.592,73.503],[75.767,73.52],[76.083,73.522],[76.106,73.516],[76.074,73.517],[75.739,73.421]]],[[[76.318,73.482],[76.047,73.491],[76.211,73.512],[76.751,73.4],[76.318,73.482]]]]}},{"type":"Feature","properties":{"admin_code":"RU-YAR","name":"Yaroslavl Oblast","name_local":"Ярославская область"},"geometry":{"type":"MultiPolygon","coordinates":[[[[41.193,58.341],[40.907,58.199],[40.897,58.108],[40.771,58.061],[40.823,58.02],[40.598,57.897],[40.718,57.662],[40.632,57.569],[40.448,57.559],[40.507,57.51],[40.406,57.493],[40.439,57.289],[39.853,57.174],[39.858,57.085],[39.52,57.016],[39.553,56.96],[39.4,56.865],[39.273,56.537],[38.771,56.611],[38.58,56.534],[38.423,56.701],[38.318,56.659],[38.298,56.766],[38.1,56.855],[38.258,57.042],[38.15,57.225],[38.313,57.26],[38.303,57.359],[37.871,57.399],[37.804,57.444],[37.821,57.62],[37.632,57.661],[37.489,57.811],[37.38,57.82],[37.434,57.869],[37.331,57.879],[37.359,57.905],[37.475,57.898],[37.493,57.909],[37.354,57.99],[37.499,57.969],[37.514,58.041],[37.715,58.078],[37.328,58.237],[37.435,58.276],[37.366,58.342],[37.418,58.391],[37.665,58.451],[37.712,58.626],[37.897,58.611],[38.065,58.73],[38.923,58.733],[38.92,58.807],[39.036,58.856],[38.926,58.897],[38.99,58.956],[39.604,58.905],[40.02,58.741],[40.13,58.643],[40.081,58.603],[40.204,58.549],[40.943,58.567],[41.193,58.341]]],[[[38.72,58.793],[38.727,58.779],[38.685,58.779],[38.72,58.793]]]]}},{"type":"Feature","properties":{"admin_code":"RU-YEV","name":"Jewish Autonomous Oblast","name_local":"Еврейская автономная область"},"geometry":{"type":"Polygon","coordinates":[[[130.781,48.978],[131.045,48.975],[131.111,49.233],[131.487,49.21],[131.802,49.339],[131.989,49.256],[131.993,49.377],[132.095,49.385],[132.066,49.463],[132.241,49.489],[132.385,49.414],[132.385,49.296],[132.773,49.335],[132.811,49.236],[133.055,49.215],[133.28,49.032],[133.224,48.961],[133.281,48.848],[133.589,48.73],[133.719,48.76],[133.925,48.636],[134.114,48.633],[134.408,48.746],[134.559,48.598],[134.951,48.627],[134.996,48.533],[134.766,48.364],[134.501,48.425],[134.188,48.384],[133.543,48.127],[133.049,48.105],[132.816,47.935],[132.666,47.956],[132.549,47.714],[131.026,47.688],[130.654,48.096],[130.836,48.302],[130.758,48.497],[130.626,48.488],[130.521,48.613],[130.681,48.852],[130.63,48.881],[130.781,48.978]]]}},{"type":"Feature","properties":{"admin_code":"RU-ZAB","name":"Zabaykalsky Krai","name_local":"Забайкальский край"},"geometry":{"type":"Polygon","coordinates":[[[116.08,56.826],[116.321,56.871],[116.745,56.738],[117.118,56.819],[117.321,56.965],[117.4,56.846],[117.561,56.865],[117.548,56.955],[117.68,57.044],[117.576,57.167],[117.721,57.209],[117.779,57.319],[117.582,57.355],[117.449,57.26],[117.449,57.363],[117.345,57.364],[117.255,57.536],[117.342,57.559],[117.335,57.635],[117.137,57.65],[117.182,57.77],[117.076,57.826],[117.432,57.93],[117.411,58.144],[117.595,58.185],[117.472,58.326],[117.828,58.437],[118.255,58.397],[118.671,58.18],[119.072,58.251],[119.193,58.159],[119.039,57.769],[119.167,57.718],[119.141,57.555],[119.222,57.506],[119.326,57.617],[119.502,57.6],[119.399,57.436],[119.693,57.176],[119.588,57.035],[119.856,56.896],[119.655,56.757],[119.881,56.685],[119.797,56.597],[119.949,56.493],[120.25,56.479],[120.235,56.403],[120.536,56.287],[120.037,56.156],[120.13,56.024],[120.119,55.866],[121.204,56.041],[121.344,55.811],[121.342,55.522],[121.574,55.514],[121.772,55.633],[121.899,55.62],[121.991,55.507],[121.944,55.233],[122.035,55.199],[121.914,55.12],[121.96,55.001],[121.64,54.765],[121.908,54.811],[121.929,54.571],[122.145,54.448],[121.69,54.405],[121.779,54.176],[121.626,54.093],[121.93,53.848],[121.948,53.617],[122.112,53.431],[121.227,53.279],[120.875,53.293],[120.281,52.861],[120.027,52.776],[120.062,52.586],[120.459,52.643],[120.716,52.549],[120.614,52.353],[120.78,52.164],[120.648,51.923],[120.08,51.678],[119.94,51.361],[119.752,51.213],[119.756,51.091],[119.515,50.905],[119.442,50.694],[119.274,50.603],[119.257,50.469],[119.143,50.391],[119.379,50.32],[119.286,50.109],[119.084,49.984],[118.567,49.93],[118.166,49.659],[117.893,49.595],[117.869,49.508],[117.061,49.686],[116.622,49.931],[116.236,50.036],[115.745,49.887],[115.507,49.907],[114.857,50.217],[114.339,50.283],[113.489,49.974],[113.206,49.828],[113.044,49.608],[112.823,49.519],[112.474,49.523],[111.523,49.323],[111.375,49.358],[110.708,49.17],[110.391,49.252],[110.2,49.154],[109.559,49.221],[109.195,49.352],[108.518,49.323],[108.298,49.54],[107.947,49.671],[107.975,49.937],[107.76,49.959],[107.734,50.153],[108.017,50.346],[108.115,50.305],[108.207,50.412],[108.689,50.511],[108.182,50.65],[108.061,50.774],[108.267,50.824],[108.342,51.063],[108.563,51.121],[108.375,51.251],[108.501,51.405],[108.617,51.409],[108.625,51.491],[108.916,51.431],[109.061,51.518],[109.227,51.365],[109.394,51.353],[109.421,51.432],[109.974,51.616],[110.706,51.515],[111.016,51.792],[111.715,51.975],[112.075,52.285],[112.383,52.202],[112.547,52.346],[112.919,52.329],[113.152,52.454],[113.591,52.449],[113.742,52.587],[114.078,52.662],[114.26,52.816],[114.236,52.898],[114.376,53.054],[114.146,53.073],[114.206,53.179],[113.949,53.25],[113.8,53.616],[114.981,53.995],[115.168,54.195],[115.603,54.414],[116.722,54.53],[116.747,54.664],[116.922,54.799],[116.841,55.034],[116.473,55.229],[116.374,55.381],[116.102,55.344],[115.902,55.408],[115.962,55.443],[115.877,55.496],[115.908,55.654],[115.83,55.678],[115.83,55.8],[115.906,55.926],[115.779,55.987],[115.755,56.129],[115.83,56.154],[115.67,56.302],[115.679,56.412],[115.805,56.432],[115.678,56.572],[115.412,56.606],[115.589,56.717],[115.583,56.877],[115.73,56.962],[116.08,56.826]]]}}]}